appid,name,cluster_characteristics,cluster_popularity,cluster_comprehensive
10,Counter-Strike,0,0,0
20,Team Fortress Classic,0,0,0
30,Day of Defeat,0,0,0
40,Deathmatch Classic,0,0,0
50,Half-Life: Opposing Force,0,0,0
60,Ricochet,0,0,0
70,Half-Life,0,0,0
80,Counter-Strike: Condition Zero,0,0,0
130,Half-Life: Blue Shift,0,0,0
220,Half-Life 2,0,0,0
240,Counter-Strike: Source,0,0,0
280,Half-Life: Source,0,0,0
300,Day of Defeat: Source,0,0,0
320,Half-Life 2: Deathmatch,0,0,0
340,Half-Life 2: Lost Coast,0,0,0
360,Half-Life Deathmatch: Source,0,0,0
380,Half-Life 2: Episode One,0,0,0
400,Portal,0,0,0
420,Half-Life 2: Episode Two,0,0,0
440,Team Fortress 2,0,0,0
500,Left 4 Dead,0,0,0
550,Left 4 Dead 2,0,0,0
570,Dota 2,0,1,1
620,Portal 2,0,0,0
630,Alien Swarm,0,0,0
730,Counter-Strike: Global Offensive,1,1,1
1200,Red Orchestra: Ostfront 41-45,0,0,0
1250,Killing Floor,0,0,0
1300,SiN Episodes: Emergence,0,0,0
1500,Darwinia,0,0,0
1510,Uplink,0,0,0
1520,DEFCON,0,0,0
1530,Multiwinia,0,0,0
1600,Dangerous Waters,0,0,0
1610,Space Empires IV Deluxe,0,0,0
1630,Disciples II: Rise of the Elves ,0,0,0
1640,Disciples II: Gallean's Return,0,0,0
1690,Space Empires V,0,0,0
1700,Arx Fatalis,0,0,0
1840,Source Filmmaker,0,0,0
1900,Earth 2160,0,0,0
1930,Two Worlds Epic Edition,0,0,0
2100,Dark Messiah of Might & Magic,0,0,0
2200,Quake III Arena,0,0,0
2210,Quake IV,0,0,0
2270,Wolfenstein 3D,0,0,0
2280,Ultimate Doom,0,0,0
2290,Final DOOM,0,0,0
2300,DOOM II,0,0,0
2310,QUAKE,0,0,0
2320,QUAKE II,0,0,0
2330,QUAKE II Mission Pack: The Reckoning,0,0,0
2340,QUAKE II Mission Pack: Ground Zero,0,0,0
2350,QUAKE III: Team Arena,0,0,0
2360,HeXen: Beyond Heretic,0,0,0
2370,HeXen: Deathkings of the Dark Citadel,0,0,0
2390,Heretic: Shadow of the Serpent Riders,0,0,0
2400,The Ship: Murder Party,0,0,0
2450,Bloody Good Time,0,0,0
2500,Shadowgrounds,0,0,0
2520,Gumboy - Crazy Adventures™,0,0,0
2590,Alpha Prime,0,0,0
2600,Vampire: The Masquerade - Bloodlines,0,0,0
2610,GUN™,0,0,0
2620,Call of Duty®,0,0,0
2630,Call of Duty® 2,0,0,0
2640,Call of Duty: United Offensive,0,0,0
2800,X2: The Threat,0,0,0
2810,X3: Reunion,0,0,0
2820,X3: Terran Conflict,0,0,0
2840,X: Beyond the Frontier,0,0,0
2870,X Rebirth,0,0,0
2910,Fleet Command,0,0,0
2990,FlatOut 2™,0,0,0
3020,Call of Juarez™,0,0,0
3130,Men of War: Red Tide,0,0,0
3170,King's Bounty: Armored Princess,0,0,0
3260,Safecracker: The Ultimate Puzzle Adventure,0,0,0
3270,Painkiller Overdose,0,0,0
3330,Zuma Deluxe,0,0,0
3480,Peggle Deluxe,0,0,0
3483,Peggle Extreme,0,0,0
3540,Peggle™ Nights,0,0,0
3590,Plants vs. Zombies GOTY Edition,0,0,0
3600,Escape Rosecliff Island,0,0,0
3620,Zuma's Revenge!,0,0,0
3700,Sniper Elite,0,0,0
3710,Judge Dredd: Dredd vs. Death,0,0,0
3720,Evil Genius,0,0,0
3730,Aliens versus Predator Classic 2000,0,0,0
3800,Advent Rising,0,0,0
3810,BloodRayne,0,0,0
3820,BloodRayne 2,0,0,0
3830,Psychonauts,0,0,0
3900,Sid Meier's Civilization® IV,0,0,0
3910,Sid Meier's Civilization® III Complete,0,0,0
3920,Sid Meier's Pirates!,0,0,0
3980,CivCity: Rome,0,0,0
3990,Civilization IV®: Warlords,0,0,0
4000,Garry's Mod,0,0,0
4230,RACE - The WTCC Game,0,0,0
4500,S.T.A.L.K.E.R.: Shadow of Chernobyl,0,0,0
4520,Full Spectrum Warrior,0,0,0
4530,Full Spectrum Warrior: Ten Hammers,0,0,0
4560,Company of Heroes - Legacy Edition,0,0,0
4570,"Warhammer® 40,000: Dawn of War® - Game of the Year Edition",0,0,0
4580,"Warhammer® 40,000: Dawn of War® - Dark Crusade",0,0,0
4700,Total War: MEDIEVAL II – Definitive Edition,0,0,0
4720,Condemned: Criminal Origins,0,0,0
4760,Rome: Total War™ - Collection,0,0,0
4770,Rome: Total War™ - Alexander,0,0,0
4780,Medieval II: Total War™ Kingdoms,0,0,0
4800,Heroes of Annihilated Empires,0,0,0
4850,Cossacks: Back to War,0,0,0
4870,Cossacks: Art of War,0,0,0
4880,Cossacks: European Wars,0,0,0
4890,Cossacks II: Battle for Europe,0,0,0
4920,Natural Selection 2,0,0,0
6000,STAR WARS™ Republic Commando™,0,0,0
6010,Indiana Jones® and the Fate of Atlantis™,0,0,0
6020,STAR WARS™ Jedi Knight - Jedi Academy™,0,0,0
6030,STAR WARS™ Jedi Knight II - Jedi Outcast™,0,0,0
6040,The Dig®,0,0,0
6060,"Star Wars: Battlefront 2 (Classic, 2005)",0,0,0
6120,Shank,0,0,0
6200,Ghost Master®,0,0,0
6220,FlatOut,0,0,0
6250,Making History: The Calm & the Storm,0,0,0
6300,Dreamfall: The Longest Journey,0,0,0
6310,The Longest Journey,0,0,0
6370,Bloodline Champions,0,0,0
6420,Nexus - The Jupiter Incident,0,0,0
6510,Lost Planet™: Extreme Condition,0,0,0
6550,Devil May Cry® 3 Special Edition,0,0,0
6800,Commandos: Behind Enemy Lines,0,0,0
6810,Commandos: Beyond the Call of Duty,0,0,0
6830,Commandos 2: Men of Courage,0,0,0
6840,Commandos 3: Destination Berlin,0,0,0
6850,Hitman 2: Silent Assassin,0,0,0
6860,Hitman: Blood Money,0,0,0
6870,Battlestations: Midway,0,0,0
6880,Just Cause,0,0,0
6900,Hitman: Codename 47,0,0,0
6910,Deus Ex: Game of the Year Edition,0,0,0
6920,Deus Ex: Invisible War,0,0,0
6980,Thief: Deadly Shadows,0,0,0
7000,Tomb Raider: Legend,0,0,0
7010,Project: Snowblind,0,0,0
7020,Rogue Trooper,0,0,0
7110,Jade Empire™: Special Edition,0,0,0
7200,Trackmania United Forever Star Edition,0,0,0
7210,"Runaway, A Road Adventure",0,0,0
7220,"Runaway, The Dream of The Turtle",0,0,0
7510,X-Blades,0,0,0
7520,Two Worlds II HD,0,0,0
7530,Two Worlds II Castle Defense,0,0,0
7600,Sid Meier's Railroads!,0,0,0
7610,Railroad Tycoon 3,0,0,0
7620,Railroad Tycoon II Platinum,0,0,0
7650,X-COM: Terror From the Deep,0,0,0
7660,X-COM: Apocalypse,0,0,0
7730,X-COM: Interceptor,0,0,0
7760,X-COM: UFO Defense,0,0,0
7770,X-COM: Enforcer,0,0,0
7830,Men of War™,0,0,0
7860,NecroVision,0,0,0
7940,Call of Duty® 4: Modern Warfare®,0,0,0
8000,Tomb Raider: Anniversary,0,0,0
8080,Kane and Lynch: Dead Men™,0,0,0
8100,Conflict: Denied Ops,0,0,0
8140,Tomb Raider: Underworld,0,0,0
8170,Battlestations Pacific,0,0,0
8190,Just Cause 2,0,0,0
8310,Bone: Out From Boneville,0,0,0
8320,Bone: The Great Cow Race,0,0,0
8330,Telltale Texas Hold ‘Em,0,0,0
8340,Strong Bad's Cool Game for Attractive People: Season 1,0,0,0
8400,Geometry Wars: Retro Evolved,0,0,0
8500,EVE Online,0,0,0
8600,RACE 07,0,0,0
8790,GTR 2 FIA GT Racing Game,0,0,0
8800,Civilization IV: Beyond the Sword,0,0,0
8870,BioShock Infinite,0,0,0
8880,Freedom Force,0,0,0
8890,Freedom Force vs. the Third Reich,0,0,0
8930,Sid Meier's Civilization® V,0,0,0
9000,Spear of Destiny,0,0,0
9010,Return to Castle Wolfenstein,0,0,0
9030,QUAKE Mission Pack 2: Dissolution of Eternity,0,0,0
9040,QUAKE Mission Pack 1: Scourge of Armagon,0,0,0
9050,DOOM 3,0,0,0
9060,HeXen II,0,0,0
9160,Master Levels for Doom II,0,0,0
9180,Commander Keen,0,0,0
9200,RAGE,0,0,0
9310,"Warhammer® 40,000: Dawn of War® – Winter Assault",0,0,0
9340,Company of Heroes: Opposing Fronts,0,0,0
9350,Supreme Commander,0,0,0
9420,Supreme Commander: Forged Alliance,0,0,0
9450,"Warhammer® 40,000: Dawn of War® - Soulstorm",0,0,0
9460,Frontlines™: Fuel of War™,0,0,0
9480,Saints Row 2,0,0,0
9500,Gish,0,0,0
9710,Desperados 2: Cooper's Revenge,0,0,0
9800,Death to Spies,0,0,0
9880,Champions Online,0,0,0
9900,Star Trek Online,0,0,0
9940,Blade Kitten,0,0,0
10090,Call of Duty: World at War,0,0,0
10100,King's Quest™ Collection,0,0,0
10110,Space Quest™ Collection,0,0,0
10130,TimeShift™,0,0,0
10150,Prototype™,0,0,0
10180,Call of Duty®: Modern Warfare® 2,0,0,0
10220,Postal III,0,0,0
10270,Disciples III: Reincarnation,0,0,0
10500,Total War: EMPIRE – Definitive Edition,0,0,0
10680,Aliens vs. Predator™,0,0,0
11020,TrackMania Nations Forever,0,0,0
11040,Sherlock Holmes - Nemesis,0,0,0
11130,Sherlock Holmes: The Mystery of the Mummy,0,0,0
11140,Sherlock Holmes: The Awakened - Remastered Edition,0,0,0
11150,Sherlock Holmes: The Silver Earring,0,0,0
11190,Sherlock Holmes versus Jack the Ripper,0,0,0
11200,Shadowgrounds Survivor,0,0,0
11230,Gumboy Tournament,0,0,0
11240,Space Trader: Merchant Marine,0,0,0
11250,Pacific Storm,0,0,0
11260,Pacific Storm Allies,0,0,0
11280,Penguins Arena: Sedna's World,0,0,0
11330,Obulis,0,0,0
11340,Larva Mortus,0,0,0
11360,Chains,0,0,0
11450,Overlord™,0,0,0
11480,Soldiers: Heroes of World War II,0,0,0
11590,Hospital Tycoon,0,0,0
12100,Grand Theft Auto III,0,0,0
12110,Grand Theft Auto: Vice City,0,0,0
12120,Grand Theft Auto: San Andreas,0,0,0
12130,Manhunt,0,0,0
12140,Max Payne,0,0,0
12150,Max Payne 2: The Fall of Max Payne,0,0,0
12170,Grand Theft Auto,0,0,0
12180,Grand Theft Auto 2,0,0,0
12200,Bully: Scholarship Edition,0,0,0
12210,Grand Theft Auto IV,0,0,0
12220,Grand Theft Auto: Episodes from Liberty City,0,0,0
12320,Sacred Gold,0,0,0
12330,Darkstar One,0,0,0
12360,FlatOut: Ultimate Carnage,0,0,0
12470,Port Royale 2,0,0,0
12500,PuzzleQuest: Challenge of the Warlords,0,0,0
12520,18 Wheels of Steel: American Long Haul,0,0,0
12640,Drakensang,0,0,0
12710,Overlord™: Raising Hell,0,0,0
12770,Rise of the Argonauts,0,0,0
12790,Damnation,0,0,0
12810,Overlord II,0,0,0
12830,Operation Flashpoint: Dragon Rising,0,0,0
13140,America's Army 3,0,0,0
13200,Unreal 2: The Awakening,0,0,0
13210,Unreal Tournament 3 Black,0,0,0
13230,Unreal Tournament 2004: Editor's Choice Edition,0,0,0
13240,Unreal Tournament: Game of the Year Edition,0,0,0
13250,Unreal Gold,0,0,0
13500,Prince of Persia: Warrior Within™,0,0,0
13520,Far Cry®,0,0,0
13530,Prince of Persia: The Two Thrones™,0,0,0
13540,Tom Clancy's Rainbow Six® Vegas,0,0,0
13560,Tom Clancy's Splinter Cell®,0,0,0
13570,Tom Clancy's Splinter Cell Chaos Theory®,0,0,0
13580,Tom Clancy's Splinter Cell Double Agent®,0,0,0
13600,Prince of Persia®: The Sands of Time,0,0,0
13620,Tom Clancy's Ghost Recon® Desert Siege™,0,0,0
15000,Tom Clancy's Rainbow Six Lockdown™,0,0,0
15100,Assassin's Creed™: Director's Cut Edition,0,0,0
15120,Tom Clancy's Rainbow Six® Vegas 2,0,0,0
15130,Beyond Good and Evil™,0,0,0
15170,Heroes of Might & Magic V,0,0,0
15190,Brothers in Arms: Road to Hill 30™,0,0,0
15200,Silent Hunter®: Wolves of the Pacific,0,0,0
15210,Silent Hunter® III,0,0,0
15240,Silent Hunter®: Wolves of the Pacific U-Boat Missions,0,0,0
15300,Tom Clancy's Ghost Recon®,0,0,0
15320,IL-2 Sturmovik: 1946,0,0,0
15370,Heroes of Might & Magic V: Tribes of the East,0,0,0
15380,Heroes of Might & Magic V: Hammers of Fate,0,0,0
15390,Brothers in Arms: Hell's Highway™,0,0,0
15500,The Wonderful End of the World,0,0,0
15520,AaAaAA!!! - A Reckless Disregard for Gravity,0,0,0
15560,AaaaaAAaaaAAAaaAAAAaAAAAA!!! for the Awesome,0,0,0
15620,"Warhammer 40,000: Dawn of War II",0,0,0
15700,Oddworld: Abe's Oddysee®,0,0,0
15710,Oddworld: Abe's Exoddus®,0,0,0
15740,Oddworld: Munch's Oddysee,0,0,0
15750,Oddworld: Stranger's Wrath HD,0,0,0
16450,F.E.A.R. 2: Project Origin,0,0,0
16600,Trials 2: Second Edition,0,0,0
16710,Insecticide Part 1,0,0,0
16720,Velvet Assassin,0,0,0
16730,Legendary,0,0,0
16810,Sid Meier's Civilization IV: Colonization,0,0,0
17080,Tribes: Ascend,0,0,0
17100,Children of the Nile: Enhanced Edition,0,0,0
17300,Crysis,0,0,0
17330,Crysis Warhead®,0,0,0
17390,SPORE™,0,0,0
17410,Mirror's Edge™,0,0,0
17430,Need for Speed Undercover,0,0,0
17440,SPORE™ Creepy & Cute Parts Pack,0,0,0
17450,Dragon Age: Origins,0,0,0
17460,Mass Effect,0,0,0
17470,Dead Space,0,0,0
17480,Command & Conquer: Red Alert 3,0,0,0
17500,Zombie Panic! Source,0,0,0
17570,"Pirates, Vikings, and Knights II",0,0,0
17710,Nuclear Dawn,0,0,0
17740,Empires Mod,0,0,0
18000,"Precipice of Darkness, Episode One",0,0,0
18020,"Precipice of Darkness, Episode Two",0,0,0
18040,DeathSpank,0,0,0
18050,DeathSpank: Thongs of Virtue,0,0,0
18070,The Baconing,0,0,0
18120,Unstoppable Gorg,0,0,0
18300,Spectraball,0,0,0
18400,Crazy Machines 2,0,0,0
18420,Crazy Machines,0,0,0
18500,Defense Grid: The Awakening,0,0,0
18700,And Yet It Moves,0,0,0
18820,Zero Gear,0,0,0
19000,Silent Hill Homecoming,0,0,0
19200,Tank Universal,0,0,0
19800,Brothers in Arms: Earned in Blood™,0,0,0
19830,Tom Clancy's Rainbow Six® 3 Gold,0,0,0
19900,Far Cry® 2: Fortune's Edition,0,0,0
19980,Prince of Persia®,0,0,0
20510,S.T.A.L.K.E.R.: Clear Sky,0,0,0
20530,Red Faction,0,0,0
20540,Company of Heroes: Tales of Valor,0,0,0
20550,Red Faction II,0,0,0
20570,"Warhammer® 40,000: Dawn of War® II Chaos Rising",0,0,0
20820,Shatter,0,0,0
20900,The Witcher: Enhanced Edition Director's Cut,0,0,0
20920,The Witcher 2: Assassins of Kings Enhanced Edition,0,0,0
21000,LEGO® Batman™: The Videogame,0,0,0
21090,F.E.A.R.,0,0,0
21100,F.E.A.R. 3,0,0,0
21130,LEGO® Harry Potter: Years 1-4,0,0,0
21660,Street Fighter® IV,0,0,0
21670,Bionic Commando,0,0,0
21680,Bionic Commando: Rearmed,0,0,0
21690,Resident Evil™ 5/ Biohazard 5®,0,0,0
21800,Tom Clancy's EndWar™,0,0,0
21980,Call of Juarez®: Bound in Blood,0,0,0
22000,World of Goo,0,0,0
22100,Mount & Blade,0,0,0
22120,Penumbra: Black Plague Gold Edition,0,0,0
22130,Hearts of Iron 2 Complete,0,0,0
22180,Penumbra Overture,0,0,0
22200,Zeno Clash,0,0,0
22230,Rock of Ages,0,0,0
22300,Fallout 3,0,0,0
22310,Rogue Warrior,0,0,0
22320,The Elder Scrolls III: Morrowind® Game of the Year Edition,0,0,0
22330,The Elder Scrolls IV: Oblivion® Game of the Year Edition,0,0,0
22350,BRINK,0,0,0
22370,Fallout 3: Game of the Year Edition,0,0,0
22380,Fallout: New Vegas,0,0,0
22450,Hunted: The Demon’s Forge™,0,0,0
22600,Worms Reloaded,0,0,0
22610,Alien Breed: Impact,0,0,0
22650,Alien Breed 2: Assault,0,0,0
22670,Alien Breed 3: Descent,0,0,0
23300,Yosumin!™,0,0,0
23380,Gyromancer,0,0,0
23400,Imperium Romanum Gold Edition,0,0,0
23420,Europa Universalis: Rome - Gold Edition ,0,0,0
23450,Grand Ages: Rome,0,0,0
23490,Tropico 3,0,0,0
23530,Earth Defense Force: Insect Armageddon,0,0,0
23700,Puzzle Kingdoms,0,0,0
24010,Train Simulator 2019,0,0,0
24200,DC Universe™ Online,0,0,0
24240,PAYDAY™ The Heist,0,0,0
24400,King Arthur - The Role-playing Wargame,0,0,0
24420,Aquaria,0,0,0
24460,King Arthur: Fallen Champions,0,0,0
24480,King Arthur II: The Role-Playing Wargame,0,0,0
24670,Trainz™ Simulator 12,0,0,0
24720,SPORE™ Galactic Adventures,0,0,0
24740,Burnout Paradise: The Ultimate Box,0,0,0
24780,SimCity™ 4 Deluxe Edition,0,0,0
24790,Command & Conquer 3: Tiberium Wars,0,0,0
24800,Command & Conquer: Red Alert 3 - Uprising,0,0,0
24810,Command & Conquer 3: Kane's Wrath,0,0,0
24840,Medal of Honor: Airborne,0,0,0
24870,Need for Speed: Shift,0,0,0
24960,Battlefield: Bad Company™ 2,0,0,0
24980,Mass Effect 2,0,0,0
25000,Overgrowth,0,0,0
25010,Lugaru HD,0,0,0
25600,Eschalon: Book I,0,0,0
25700,Madballs in Babo:Invasion ,0,0,0
25800,Europa Universalis III Complete,0,0,0
25830,Knights of Honor,0,0,0
25850,Elven Legacy,0,0,0
25890,Hearts of Iron III,0,0,0
25900,King's Bounty: The Legend,0,0,0
25910,Supreme Ruler 2020 Gold,0,0,0
25930,East India Company,0,0,0
25980,Majesty 2,0,0,0
25990,Majesty Gold HD,0,0,0
26000,The Maw,0,0,0
26800,Braid,0,0,0
26900,Crayon Physics Deluxe,0,0,0
27000,The Path,0,0,0
27330,Blacklight: Tango Down,0,0,0
27400,Dangerous High School Girls in Trouble!™,0,0,0
27900,Twin Sector,0,0,0
27940,Dead Horde,0,0,0
28000,Kane & Lynch 2: Dog Days,0,0,0
29180,Osmos,0,0,0
29800,Caster,0,0,0
29900,Dark Sector,0,0,0
31270,Puzzle Agent,0,0,0
32110,LUXOR: Mah Jong,0,0,0
32140,Midnight Mysteries,0,0,0
32160,Zombie Bowl-o-Rama,0,0,0
32310,Indiana Jones® and the Last Crusade™,0,0,0
32330,LEGO® Indiana Jones™: The Original Adventures,0,0,0
32340,LOOM™,0,0,0
32350,STAR WARS™ Starfighter™,0,0,0
32360,The Secret of Monkey Island: Special Edition,0,0,0
32370,STAR WARS™ - Knights of the Old Republic™,0,0,0
32380,STAR WARS™ Jedi Knight: Dark Forces II,0,0,0
32390,STAR WARS™ Jedi Knight - Mysteries of the Sith™,0,0,0
32400,STAR WARS™ - Dark Forces,0,0,0
32420,STAR WARS™: The Clone Wars - Republic Heroes™,0,0,0
32430,STAR WARS™ - The Force Unleashed™ Ultimate Sith Edition,0,0,0
32440,LEGO® Star Wars™ - The Complete Saga,0,0,0
32450,LEGO® Indiana Jones™ 2: The Adventure Continues,0,0,0
32460,Monkey Island™ 2 Special Edition: LeChuck’s Revenge™,0,0,0
32470,STAR WARS™ Empire at War - Gold Pack,0,0,0
32500,STAR WARS™: The Force Unleashed™ II,0,0,0
32510,LEGO® Star Wars™ III - The Clone Wars™,0,0,0
32900,Restaurant Empire II,0,0,0
33100,Alien Shooter,0,0,0
33110,Alien Shooter: Revisited,0,0,0
33120,Alien Shooter 2: Reloaded,0,0,0
33130,Zombie Shooter,0,0,0
33180,Zombie Shooter 2,0,0,0
33230,Assassin's Creed 2 Deluxe Edition,0,0,0
33320,Prince of Persia: The Forgotten Sands™,0,0,0
33460,From Dust,0,0,0
33520,Tropico Reloaded,0,0,0
33570,Patrician III,0,0,0
33600,Broken Sword 2 - the Smoking Mirror: Remastered,0,0,0
33610,Broken Sword 3 - the Sleeping Dragon,0,0,0
33650,Puzzler World,0,0,0
33670,Disciples III - Renaissance Steam Special Edition,0,0,0
33680,eversion,0,0,0
33770,Drakensang: The River of Time,0,0,0
33900,Arma 2,0,0,0
33930,Arma 2: Operation Arrowhead,0,0,0
33950,Fish Fillets 2,0,0,0
34010,Alpha Protocol™,0,0,0
34030,Total War: NAPOLEON – Definitive Edition,0,0,0
34190,Sonic & SEGA All-Stars Racing,0,0,0
34410,Death to Spies: Moment of Truth,0,0,0
34420,XIII Century – Gold Edition,0,0,0
34600,Order of War™,0,0,0
34820,Combat Wings: Battle of Britain,0,0,0
34830,Sniper: Ghost Warrior,0,0,0
34870,Sniper: Ghost Warrior 2,0,0,0
34900,Bad Rats: the Rats' Revenge,0,0,0
34920,Razor2: Hidden Skies,0,0,0
35000,Mini Ninjas,0,0,0
35070,Flora's Fruit Farm,0,0,0
35130,Lara Croft and the Guardian of Light,0,0,0
35140,Batman: Arkham Asylum Game of the Year Edition,0,0,0
35300,Warfare,0,0,0
35320,Insane 2,0,0,0
35450,Red Orchestra 2: Heroes of Stalingrad with Rising Storm,0,0,0
35460,The Ball,0,0,0
35480,Dwarfs!?,0,0,0
35700,Trine Enchanted Edition,0,0,0
35720,Trine 2: Complete Story,0,0,0
35800,BRAINPIPE: A Plunge to Unhumanity,0,0,0
36000,Foreign Legion: Buckets of Blood,0,0,0
37000,The Void,0,0,0
37030,UFO: Extraterrestrials Gold,0,0,0
37400,"Time Gentlemen, Please! and Ben There, Dan That! Special Edition  Double Pack",0,0,0
37600,Windosill,0,0,0
38210,Roogoo,0,0,0
38400,Fallout: A Post Nuclear Role Playing Game,0,0,0
38410,Fallout 2: A Post Nuclear Role Playing Game,0,0,0
38420,Fallout Tactics: Brotherhood of Steel,0,0,0
38600,Faerie Solitaire,0,0,0
38700,Toki Tori,0,0,0
38720,RUSH,0,0,0
38740,EDGE,0,0,0
39000,Moonbase Alpha,0,0,0
39110,SEASON OF MYSTERY: The Cherry Blossom Murders,0,0,0
39120,RIFT,0,0,0
39140,FINAL FANTASY VII,0,0,0
39150,FINAL FANTASY VIII,0,0,0
39190,Dungeon Siege,0,0,0
39200,Dungeon Siege II,0,0,0
39210,FINAL FANTASY XIV Online,0,0,0
39500,Gothic® 3,0,0,0
39510,Gothic II: Gold Edition,0,0,0
39520,The Guild Gold Edition,0,0,0
39540,SpellForce - Platinum Edition,0,0,0
39560,Painkiller: Resurrection,0,0,0
39630,AquaNox,0,0,0
39640,AquaNox 2: Revelation,0,0,0
39650,The Guild II,0,0,0
39660,The Guild II - Pirates of the European Seas,0,0,0
39670,Chaser,0,0,0
39680,The Guild II Renaissance,0,0,0
39690,ArcaniA,0,0,0
39800,Nation Red,0,0,0
40100,Supreme Commander 2,0,0,0
40300,Risen,0,0,0
40330,Secret Files: Tunguska,0,0,0
40350,Lost Horizon,0,0,0
40380,nail'd,0,0,0
40390,Risen 2: Dark Waters,0,0,0
40400,AI War: Fleet Command,0,0,0
40420,Tidalis,0,0,0
40700,Machinarium,0,0,0
40720,Samorost 2,0,0,0
40930,The Misadventures of P.B. Winterbottom,0,0,0
40950,Stronghold HD,0,0,0
40970,Stronghold Crusader HD,0,0,0
40980,Stronghold Legends: Steam Edition,0,0,0
40990,Mafia,0,0,0
41000,Serious Sam HD: The First Encounter,0,0,0
41070,Serious Sam 3: BFE,0,0,0
41100,Hammerfight,0,0,0
41300,Altitude,0,0,0
41500,Torchlight,0,0,0
41700,S.T.A.L.K.E.R.: Call of Pripyat,0,0,0
41740,Cargo! The Quest for Gravity,0,0,0
41800,Gratuitous Space Battles,0,0,0
41900,The Bard's Tale,0,0,0
42120,Lead and Gold: Gangs of the Wild West,0,0,0
42140,Hamilton's Great Adventure,0,0,0
42170,Krater,0,0,0
42500,DogFighter,0,0,0
42670,Singularity™,0,0,0
42700,Call of Duty®: Black Ops,0,0,0
42850,Arsenal of Democracy: A Hearts of Iron Game,0,0,0
42890,Sword of the Stars: Complete Collection,0,0,0
42910,Magicka,0,0,0
42920,The Kings' Crusade,0,0,0
42940,Elven Legacy: Siege,0,0,0
42960,Victoria II,0,0,0
42980,Victoria I Complete,0,0,0
42990,Sword of the Stars II: Enhanced Edition,0,0,0
43000,Front Mission Evolved,0,0,0
43100,World of Zoo,0,0,0
43190,The Haunted: Hells Reach,0,0,0
44350,GRID 2,0,0,0
44360,F1 2011,0,0,0
44600,GTR - FIA GT Racing Game,0,0,0
44690,GT Legends,0,0,0
45000,Sol Survivor,0,0,0
45100,Secret of the Magic Crystals,0,0,0
45300,Wings of Prey,0,0,0
45400,Fortix,0,0,0
45410,Ignite,0,0,0
45450,Fortix 2,0,0,0
45700,Devil May Cry 4,0,0,0
45710,Dark Void™,0,0,0
45720,Lost Planet: Extreme Condition Colonies Edition,0,0,0
45740,Dead Rising® 2,0,0,0
45750,Lost Planet® 2,0,0,0
45760,Ultra Street Fighter® IV,0,0,0
45770,Dead Rising 2: Off the Record,0,0,0
46000,Bob Came in Pieces,0,0,0
46250,NecroVisioN: Lost Company,0,0,0
46260,Star Wolves 3: Civil War,0,0,0
46270,Star Wolves,0,0,0
46280,Star Wolves 2,0,0,0
46290,Theatre of War,0,0,0
46340,Theatre of War 2: Africa 1943,0,0,0
46350,Real Warfare 1242,0,0,0
46360,Theatre of War 2: Kursk 1943,0,0,0
46370,Rig n Roll,0,0,0
46380,Reign: Conflict of Nations,0,0,0
46400,Greed: Black Border,0,0,0
46410,Avencast: Rise of the Mage,0,0,0
46440,Future Wars,0,0,0
46450,Grotesque Tactics: Evil Heroes,0,0,0
46480,Still Life,0,0,0
46490,Still Life 2,0,0,0
46500,Syberia,0,0,0
46510,Syberia II,0,0,0
46520,Wasteland Angel,0,0,0
46540,Trapped Dead,0,0,0
46550,Post Mortem,0,0,0
46570,Grotesque Tactics 2 – Dungeons and Donuts,0,0,0
46750,Dark Fall: Lost Souls,0,0,0
47400,Stronghold 3 Gold,0,0,0
47410,Stronghold Kingdoms,0,0,0
47700,Command & Conquer 4: Tiberian Twilight,0,0,0
47730,Dragon Age™: Origins Awakening,0,0,0
47780,Dead Space™ 2,0,0,0
47790,Medal of Honor™,0,0,0
47800,RISK™: Factions,0,0,0
47810,Dragon Age: Origins - Ultimate Edition,0,0,0
47870,Need For Speed: Hot Pursuit,0,0,0
47890,The Sims™ 3,0,0,0
47920,Shift 2 Unleashed,0,0,0
48000,LIMBO,0,0,0
48110,Silent Hunter 5®: Battle of the Atlantic,0,0,0
48190,Assassin’s Creed® Brotherhood,0,0,0
48240,Anno 2070™,0,0,0
48700,Mount & Blade: Warband,0,0,0
48720,Mount & Blade: With Fire & Sword,0,0,0
48800,Ship Simulator Extremes,0,0,0
48950,Greed Corp,0,0,0
49300,Commander: Conquest of the Americas,0,0,0
49470,Magic: The Gathering - Duels of the Planeswalkers 2012,0,0,0
49520,Borderlands 2,0,0,0
49600,Beat Hazard,0,0,0
49800,Flight of the Icarus,0,0,0
49810,CreaVures,0,0,0
49900,Plain Sight,0,0,0
50000,Nimbus,0,0,0
50130,Mafia II,0,0,0
50300,Spec Ops: The Line,0,0,0
50510,Burn Zombie Burn!,0,0,0
55000,Flotilla,0,0,0
55040,Atom Zombie Smasher,0,0,0
55100,Homefront,0,0,0
55110,Red Faction®: Armageddon™,0,0,0
55140,MX vs. ATV Reflex,0,0,0
55150,"Warhammer 40,000: Space Marine",0,0,0
55230,Saints Row: The Third,0,0,0
57200,Puzzle Dimension,0,0,0
57300,Amnesia: The Dark Descent,0,0,0
57620,Patrician IV - Steam Special Edition,0,0,0
57640,Broken Sword: Director's Cut,0,0,0
57650,Dungeons,0,0,0
57680,The First Templar - Steam Special Edition,0,0,0
57690,Tropico 4,0,0,0
57740,Jagged Alliance - Back in Action,0,0,0
57800,Doc Clock: The Toasted Sandwich of Time,0,0,0
57900,Duke Nukem Forever,0,0,0
58200,Jolly Rover,0,0,0
58400,Turba,0,0,0
58520,Blood Bowl - Legendary Edition,0,0,0
58550,A Game of Thrones - Genesis,0,0,0
58560,Runaway: A Twist of Fate,0,0,0
58570,The Next BIG Thing,0,0,0
58610,Wargame: European Escalation,0,0,0
60340,Luxor: 5th Passage,0,0,0
60600,ProtoGalaxy,0,0,0
60800,Numen: Contest of Heroes,0,0,0
61100,Lucid,0,0,0
61310,Fractal: Make Blooms Not War,0,0,0
61500,Age of Wonders,0,0,0
61510,Age of Wonders II: The Wizard's Throne,0,0,0
61520,Age of Wonders Shadow Magic,0,0,0
61600,Zen Bound 2,0,0,0
61700,Might & Magic: Clash of Heroes,0,0,0
61730,Critter Crunch,0,0,0
62000,Flight Control HD,0,0,0
62100,Chime,0,0,0
63000,HOARD,0,0,0
63200,Monday Night Combat,0,0,0
63500,Swords and Soldiers HD,0,0,0
63610,Riven: The Sequel to MYST,0,0,0
63650,URU: Complete Chronicles,0,0,0
63660,Myst: Masterpiece Edition,0,0,0
63700,BIT.TRIP BEAT,0,0,0
63710,BIT.TRIP RUNNER,0,0,0
63800,Delve Deeper,0,0,0
63900,Fantasy Wars,0,0,0
63910,King's Bounty: Crossworlds,0,0,0
63940,Men of War: Vietnam,0,0,0
63960,Theatre of War 3: Korea,0,0,0
64000,Men of War: Assault Squad,0,0,0
65500,Aura: Fate of the Ages,0,0,0
65530,SpellForce 2: Faith in Destiny,0,0,0
65540,Gothic 1,0,0,0
65560,Painkiller Redemption,0,0,0
65600,Gothic 3: Forsaken Gods Enhanced Edition,0,0,0
65610,ArcaniA: Fall of Setarrif,0,0,0
65730,Take On Helicopters,0,0,0
65740,Carrier Command: Gaea Mission,0,0,0
65780,ARMA: Gold Edition,0,0,0
65790,ARMA: Cold War Assault,0,0,0
65800,Dungeon Defenders,0,0,0
65930,The Bureau: XCOM Declassified,0,0,0
65980,Sid Meier's Civilization®: Beyond Earth™,0,0,0
67000,The Polynomial - Space of the music,0,0,0
67370,The Darkness II,0,0,0
70000,Dino D-Day,0,0,0
70100,Hacker Evolution,0,0,0
70110,Hacker Evolution: Untold,0,0,0
70120,Hacker Evolution Duality,0,0,0
70300,VVVVVV,0,0,0
70400,Recettear: An Item Shop's Tale,0,0,0
70420,Chantelise - A Tale of Two Sisters,0,0,0
70600,Worms Ultimate Mayhem,0,0,0
70620,Worms Crazy Golf,0,0,0
70640,Worms,0,0,0
70650,Worms Blast,0,0,0
70660,Worms Pinball,0,0,0
70900,Star Ruler,0,0,0
71000,Evochron Mercenary,0,0,0
71230,Crazy Taxi,0,0,0
71240,SEGA Bass Fishing,0,0,0
71260,Space Channel 5: Part 2,0,0,0
71340,Sonic Generations Collection,0,0,0
72000,Closure,0,0,0
72400,Clones,0,0,0
72850,The Elder Scrolls V: Skyrim,0,0,0
72900,Winter Voices,0,0,0
73010,Cities in Motion,0,0,0
73170,Darkest Hour: A Hearts of Iron Game,0,0,0
73210,Sengoku,0,0,0
78000,Bejeweled® 3,0,0,0
80200,Fate of the World,0,0,0
80300,Puzzle Bots,0,0,0
80310,Gemini Rue,0,0,0
80330,The Blackwell Legacy,0,0,0
80340,Blackwell Unbound,0,0,0
80350,Blackwell Convergence,0,0,0
80360,Blackwell Deception,0,0,0
90200,Farming Simulator 2011,0,0,0
91100,SkyDrift,0,0,0
91200,Anomaly: Warzone Earth,0,0,0
91330,Iron Front: Digital War Edition,0,0,0
91600,Sanctum,0,0,0
91700,E.Y.E: Divine Cybermancy,0,0,0
91900,Post Apocalyptic Mayhem,0,0,0
92000,Hydrophobia: Prophecy,0,0,0
92100,DETOUR,0,0,0
92200,Gundemonium Recollection,0,0,0
92210,Hitogata Happa,0,0,0
92220,GundeadliGne,0,0,0
92300,A.R.E.S.: Extinction Agenda,0,0,0
92600,Xotic,0,0,0
92800,SpaceChem,0,0,0
93200,Revenge of the Titans,0,0,0
94200,Jamestown,0,0,0
94300,The Dream Machine: Chapter 1 & 2,0,0,0
94400,Nidhogg,0,0,0
94590,Puzzle Agent 2,0,0,0
94620,Hector: Badge of Carnage - Full Series,0,0,0
95000,Super Splatters,0,0,0
95300,Capsized,0,0,0
95400,ibb & obb,0,0,0
95700,The Cat and the Coup,0,0,0
95900,Air Conflicts: Secret Wars,0,0,0
96000,The Tiny Bang Story,0,0,0
96100,Defy Gravity Extended,0,0,0
96200,Steel Storm: Burning Retribution,0,0,0
96800,Nexuiz,0,0,0
97000,Solar 2,0,0,0
97100,Section 8®: Prejudice™,0,0,0
97330,Magic: The Gathering - Duels of the Planeswalkers 2013,0,0,0
98100,Trauma,0,0,0
98200,Frozen Synapse,0,0,0
98300,Toy Soldiers,0,0,0
98400,Hard Reset Extended Edition,0,0,0
98500,Naval Warfare,0,0,0
98600,Demolition Inc.,0,0,0
98800,Dungeons of Dredmor,0,0,0
98900,Alien Hallway,0,0,0
99100,Dungeons and Dragons: Daggerdale,0,0,0
99300,Renegade Ops,0,0,0
99400,Garshasp: The Monster Slayer,0,0,0
99700,NightSky,0,0,0
99900,Spiral Knights,0,0,0
99910,Puzzle Pirates,0,0,0
102200,Runespell: Overture,0,0,0
102500,Kingdoms of Amalur: Reckoning™,0,0,0
102600,Orcs Must Die!,0,0,0
102840,Shank 2,0,0,0
104000,iBomber Defense,0,0,0
104200,BEEP,0,0,0
104900,ORION: Prelude,0,0,0
105000,A New Beginning - Final Cut,0,0,0
105100,Lume,0,0,0
105300,Critical Mass,0,0,0
105420,Ms. Splosion Man,0,0,0
105450,Age of Empires® III: Complete Collection,0,0,0
105600,Terraria,0,0,0
105700,Tobe's Vertical Adventure,0,0,0
105800,PixelJunk™ Eden,0,0,0
107100,Bastion,0,0,0
107200,Space Pirates and Zombies,0,0,0
107300,Breath of Death VII,0,0,0
107310,Cthulhu Saves the World,0,0,0
107410,Arma 3,0,0,0
107600,Waves,0,0,0
108110,Starpoint Gemini,0,0,0
108200,Ticket to Ride,0,0,0
108210,Memoir '44 Online,0,0,0
108500,Vessel,0,0,0
108600,Project Zomboid,0,0,0
108700,Death Rally,0,0,0
108710,Alan Wake,0,0,0
108800,Crysis 2 - Maximum Edition,0,0,0
109600,Neverwinter,0,0,0
110400,inMomentum,0,0,0
110500,Data Jammers: FastForward,0,0,0
110800,L.A. Noire,0,0,0
111100,Snuggle Truck,0,0,0
111400,Bunch of Heroes,0,0,0
111600,Serious Sam Double D XXL,0,0,0
112100,Avadon: The Black Fortress,0,0,0
113020,Monaco: What's Yours Is Mine,0,0,0
113200,The Binding of Isaac,0,0,0
113400,APB Reloaded,0,0,0
113420,Fallen Earth Free2Play,0,0,0
115100,Costume Quest,0,0,0
115110,Stacking,0,0,0
115120,Iron Brigade,0,0,0
115200,Cossacks II: Napoleonic Wars,0,0,0
115210,American Conquest,0,0,0
115220,American Conquest: Fight Back,0,0,0
115320,Prototype 2,0,0,0
115800,Owlboy,0,0,0
200010,Quantum Conundrum,0,0,0
200020,Global Ops: Commando Libya,0,0,0
200170,Worms Revolution,0,0,0
200190,Sideway™ New York,0,0,0
200210,Realm of the Mad God,0,0,0
200230,Off-Road Drive,0,0,0
200260,Batman: Arkham City - Game of the Year Edition,0,0,0
200370,A Game of Dwarves,0,0,0
200390,Oil Rush,0,0,0
200410,SOL: Exodus,0,0,0
200510,XCOM: Enemy Unknown,0,0,0
200550,Dungeons - The Dark Lord,0,0,0
200670,Disciples III - Resurrection,0,0,0
200710,Torchlight II,0,0,0
200900,Cave Story+,0,0,0
200960,Geneforge 1,0,0,0
200980,Geneforge 2,0,0,0
200990,Geneforge 3,0,0,0
201000,Geneforge 4: Rebellion,0,0,0
201010,Geneforge 5: Overthrow,0,0,0
201210,Pox Nora,0,0,0
201230,EverQuest II,0,0,0
201290,Sins of a Solar Empire: Trinity®,0,0,0
201420,Toki Tori 2+,0,0,0
201480,Serious Sam: The Random Encounter,0,0,0
201490,Airline Tycoon 2,0,0,0
201510,Flatout 3: Chaos & Destruction,0,0,0
201570,Really Big Sky,0,0,0
201790,Orcs Must Die! 2,0,0,0
201810,Wolfenstein: The New Order,0,0,0
201870,Assassin's Creed® Revelations,0,0,0
202130,Impire,0,0,0
202200,Galactic Civilizations® II: Ultimate Edition,0,0,0
202310,Ridge Racer™ Unbounded,0,0,0
202410,Scoregasm,0,0,0
202710,Demigod,0,0,0
202730,Dynamite Jack,0,0,0
202750,Alan Wake's American Nightmare,0,0,0
202860,Real Warfare 2: Northern Crusades,0,0,0
202970,Call of Duty®: Black Ops II,0,0,0
203140,Hitman: Absolution™,0,0,0
203160,Tomb Raider,0,0,0
203210,Titan Attacks!,0,0,0
203290,America's Army: Proving Grounds,0,0,0
203350,King's Bounty: Warriors of the North,0,0,0
203510,Fortune Summoners,0,0,0
203560,Containment: The Zombie Puzzler,0,0,0
203630,Warlock - Master of the Arcane,0,0,0
203650,Sonic the Hedgehog 4 - Episode II,0,0,0
203680,F1 RACE STARS™,0,0,0
203750,Binary Domain,0,0,0
203770,Crusader Kings II,0,0,0
203830,The Dark Eye: Chains of Satinav,0,0,0
203990,SATAZIUS,0,0,0
204030,Fable - The Lost Chapters,0,0,0
204060,Superbrothers: Sword & Sworcery EP,0,0,0
204100,Max Payne 3,0,0,0
204120,LEGO® Harry Potter: Years 5-7,0,0,0
204180,Waveform,0,0,0
204220,Snapshot,0,0,0
204240,The Bridge,0,0,0
204300,Awesomenauts - the 2D moba,0,0,0
204340,Serious Sam 2,0,0,0
204360,Castle Crashers®,0,0,0
204440,Pickers,0,0,0
204530,Infested Planet,0,0,0
204560,Confrontation,0,0,0
204630,Retro City Rampage™ DX,0,0,0
204860,Men of War: Condemned Heroes,0,0,0
204880,Sins of a Solar Empire: Rebellion®,0,0,0
204940,Crusader Kings Complete,0,0,0
205020,Lumino City,0,0,0
205060,BIT.TRIP CORE,0,0,0
205100,Dishonored,0,0,0
205190,Rocksmith™,0,0,0
205230,Hell Yeah! Wrath of the Dead Rabbit,0,0,0
205530,Gratuitous Tank Battles,0,0,0
205550,Foreign Legion: Multi Massacre,0,0,0
205610,Port Royale 3,0,0,0
205650,The Testament of Sherlock Holmes,0,0,0
205710,EverQuest,0,0,0
205730,Insanely Twisted Shadow Planet,0,0,0
205810,Jagged Alliance: Crossfire,0,0,0
205830,Luxor Evolved,0,0,0
205840,Yesterday,0,0,0
205870,Auditorium,0,0,0
205910,Tiny and Big: Grandpa's Leftovers,0,0,0
205950,Jet Set Radio,0,0,0
205990,Warlock 2: The Exiled,0,0,0
206020,Avernum 4,0,0,0
206040,Avernum 5,0,0,0
206060,Avernum 6,0,0,0
206190,Gunpoint,0,0,0
206210,Gotham City Impostors Free to Play,0,0,0
206370,Tales From Space: Mutant Blobs Attack,0,0,0
206420,Saints Row IV,0,0,0
206440,To the Moon,0,0,0
206480,Dungeons & Dragons Online®,0,0,0
206500,AirMech Strike,0,0,0
206610,3SwitcheD,0,0,0
206690,iBomber Defense Pacific,0,0,0
207020,Bang Bang Racing,0,0,0
207080,Indie Game: The Movie,0,0,0
207140,SpeedRunners,0,0,0
207170,Legend of Grimrock,0,0,0
207230,ArcheBlade™,0,0,0
207250,Cubemen,0,0,0
207320,Ys: The Oath in Felghana,0,0,0
207350,Ys Origin,0,0,0
207370,eXceed - Gun Bullet Children,0,0,0
207380,eXceed 2nd - Vampire REX,0,0,0
207400,eXceed 3rd - Jade Penetrate Black Package,0,0,0
207420,Wizorb,0,0,0
207430,"Hack, Slash, Loot",0,0,0
207490,Rayman® Origins,0,0,0
207530,Noitu Love 2: Devolution,0,0,0
207570,English Country Tune,0,0,0
207650,A Virus Named TOM,0,0,0
207690,Botanicula,0,0,0
207730,Arena Wars 2,0,0,0
207750,Symphony,0,0,0
207930,Sacred Citadel,0,0,0
208110,Myst V: End of Ages,0,0,0
208140,Endless Space® - Collection,0,0,0
208200,Doom 3: BFG Edition,0,0,0
208400,Avernum: Escape From the Pit,0,0,0
208500,F1 2012™,0,0,0
208520,Omerta - City of Gangsters,0,0,0
208580,STAR WARS™ Knights of the Old Republic™ II - The Sith Lords™,0,0,0
208600,Lunar Flight,0,0,0
208620,Midnight Mysteries: Salem Witch Trials,0,0,0
208630,Midnight Mysteries 3: Devil on the Mississippi,0,0,0
208640,Midnight Mysteries 4: Haunted Houdini,0,0,0
208650,Batman™: Arkham Knight,0,0,0
208670,Blades of Time,0,0,0
208730,Game of Thrones,0,0,0
208750,Apotheon,0,0,0
209000,Batman™: Arkham Origins,0,0,0
209060,Drunken Robot Pornography,0,0,0
209080,Guns of Icarus Online,0,0,0
209100,Resident Evil: Operation Raccoon City,0,0,0
209120,Street Fighter X Tekken,0,0,0
209160,Call of Duty®: Ghosts,0,0,0
209190,Stealth Bastard Deluxe,0,0,0
209330,A Valley Without Wind,0,0,0
209370,Analogue: A Hate Story,0,0,0
209520,Mini Motor Racing EVO,0,0,0
209540,Strike Suit Zero,0,0,0
209650,Call of Duty®: Advanced Warfare - Gold Edition,0,0,0
209670,Cortex Command,0,0,0
209690,Fieldrunners,0,0,0
209730,R.A.W. Realms of Ancient War,0,0,0
209790,Splice,0,0,0
209830,Lone Survivor: The Director's Cut,0,0,0
209950,Triple Town,0,0,0
210170,Spirits,0,0,0
210770,Sanctum 2,0,0,0
210950,Rune Classic,0,0,0
210970,The Witness,0,0,0
211010,Alien Shooter 2 Conscription,0,0,0
211160,Viking: Battle for Asgard,0,0,0
211180,Unmechanical,0,0,0
211260,They Bleed Pixels,0,0,0
211280,Primal Fears,0,0,0
211340,Magical Diary: Horse Hall,0,0,0
211360,Offspring Fling!,0,0,0
211400,Deadlight,0,0,0
211440,Adventures of Shuggy,0,0,0
211500,RaceRoom Racing Experience,0,0,0
211580,Wanderlust: Rebirth,0,0,0
211600,Thief™ Gold,0,0,0
211740,Thief™ II: The Metal Age,0,0,0
211780,Conflict Desert Storm™,0,0,0
211820,Starbound,0,0,0
212010,Galaxy on Fire 2™ Full HD,0,0,0
212030,Kung Fu Strike - The Warrior's Rise,0,0,0
212050,Resonance,0,0,0
212070,Star Conflict,0,0,0
212160,Vindictus,0,0,0
212390,Continent of the Ninth Seal,0,0,0
212500,The Lord of the Rings Online™,0,0,0
212630,Tom Clancy's Ghost Recon: Future Soldier™,0,0,0
212680,FTL: Faster Than Light,0,0,0
212700,Party of Sin,0,0,0
212800,Super Crate Box,0,0,0
213030,Penny Arcade's On the Rain-Slick Precipice of Darkness 3,0,0,0
213330,LEGO® Batman™ 2: DC Super Heroes,0,0,0
213610,Sonic Adventure 2,0,0,0
213650,Dwarfs - F2P,0,0,0
213670,South Park™: The Stick of Truth™,0,0,0
213850,Magic 2014 — Duels of the Planeswalkers,0,0,0
214150,Galactic Civilizations® I: Ultimate Edition,0,0,0
214170,Divine Divinity,0,0,0
214250,I Am Alive,0,0,0
214340,Deponia,0,0,0
214360,Tower Wars,0,0,0
214420,Gear Up,0,0,0
214490,Alien: Isolation,0,0,0
214550,Eets Munchies,0,0,0
214570,ETHER VAPOR Remaster,0,0,0
214590,Fairy Bloom Freesia,0,0,0
214610,Cherry Tree High Comedy Club,0,0,0
214630,Call of Duty: Black Ops - Mac Edition,0,0,0
214700,Thirty Flights of Loving,0,0,0
214730,Space Rangers HD: A War Apart,0,0,0
214770,Guacamelee! Gold Edition,0,0,0
214790,The Basement Collection,0,0,0
214830,Half Minute Hero: Super Mega Neo Climax Ultimate Boy,0,0,0
214870,Painkiller Hell & Damnation,0,0,0
214910,Air Conflicts: Pacific Carriers,0,0,0
214950,Total War™: ROME II - Emperor Edition,0,0,0
214970,Intrusion 2,0,0,0
215080,WAKFU,0,0,0
215160,The Book of Unwritten Tales,0,0,0
215280,Secret World Legends,0,0,0
215470,Primal Carnage,0,0,0
215510,Rocketbirds: Hardboiled Chicken,0,0,0
215530,The Incredible Adventures of Van Helsing,0,0,0
215550,Zombie Playground™,0,0,0
215630,Demonicon,0,0,0
215670,Home,0,0,0
215690,Zeno Clash 2,0,0,0
215710, Fieldrunners 2,0,0,0
215790,Dream Pinball 3D,0,0,0
215830,Closers,0,0,0
215870,Dungeon-Party,0,0,0
215930,Jagged Alliance 2 - Wildfire,0,0,0
216110,Tiny Troopers,0,0,0
216150,MapleStory,0,0,0
216290,Gateways,0,0,0
216890,Blood Bowl: Chaos Edition,0,0,0
216910,Of Orcs And Men,0,0,0
217140,Rise of the Triad,0,0,0
217200,Worms Armageddon,0,0,0
217690,Anna - Extended Edition,0,0,0
217750,Age of Conan: Unchained,0,0,0
217790,Dogfight 1942,0,0,0
217920,Alien Rage - Unlimited,0,0,0
218020,Nethergate: Resurrection,0,0,0
218060,BIT.TRIP Presents... Runner2: Future Legend of Rhythm Alien,0,0,0
218090,Unity of Command: Stalingrad Campaign,0,0,0
218230,PlanetSide 2,0,0,0
218410,Defender's Quest: Valley of the Forgotten (DX edition),0,0,0
218510,Planets Under Attack,0,0,0
218620,PAYDAY 2,0,0,0
218640,Lucius,0,0,0
218660,iBomber Attack,0,0,0
218680,Scribblenauts Unlimited,0,0,0
218740,Pid,0,0,0
218820,Mercenary Kings: Reloaded Edition,0,0,0
219150,Hotline Miami,0,0,0
219190,Ultratron,0,0,0
219200,Droid Assault,0,0,0
219340,The Banner Saga: Factions,0,0,0
219640,Chivalry: Medieval Warfare,0,0,0
219680,Proteus,0,0,0
219700,Dogs of War Online,0,0,0
219760,Beyond Divinity,0,0,0
219780,Divinity II: Developer's Cut,0,0,0
219830,King Arthur's Gold,0,0,0
219890,Antichamber,0,0,0
219910,Edna & Harvey: Harvey's New Eyes,0,0,0
219950,NiGHTS Into Dreams,0,0,0
219990,Grim Dawn,0,0,0
220090,The Journey Down: Chapter One,0,0,0
220160,Trials Evolution: Gold Edition,0,0,0
220200,Kerbal Space Program,0,0,0
220240,Far Cry 3,0,0,0
220260,Farming Simulator 2013 Titanium Edition,0,0,0
220440,DmC: Devil May Cry,0,0,0
220460,Cargo Commander,0,0,0
220660,StarDrive,0,0,0
220700,RPG Maker VX Ace,0,0,0
220740,Chaos on Deponia,0,0,0
220780,Thomas Was Alone,0,0,0
220820,Zombie Driver HD,0,0,0
220860,McPixel,0,0,0
220900,Jack Lumber,0,0,0
221020,Towns,0,0,0
221040,Resident Evil 6 / Biohazard 6,0,0,0
221100,DayZ,0,0,0
221180,Eufloria HD,0,0,0
221260,Little Inferno,0,0,0
221380,Age of Empires II HD,0,0,0
221540,DG2: Defense Grid 2,0,0,0
221640,Super Hexagon,0,0,0
221680,Rocksmith® 2014 Edition - Remastered,0,0,0
221810,The Cave,0,0,0
221830,The Book of Unwritten Tales: The Critter Chronicles,0,0,0
221910,The Stanley Parable,0,0,0
222140,Puddle,0,0,0
222420,THE KING OF FIGHTERS '98 ULTIMATE MATCH FINAL EDITION,0,0,0
222440,THE KING OF FIGHTERS 2002 UNLIMITED MATCH,0,0,0
222480,Resident Evil Revelations / Biohazard Revelations,0,0,0
222520,Champions of Regnum,0,0,0
222640,Aarklash: Legacy,0,0,0
222730,Reus,0,0,0
222750,Wargame: Airland Battle,0,0,0
222880,Insurgency,0,0,0
222940,THE KING OF FIGHTERS XIII STEAM EDITION,0,0,0
222980,Dead Pixels,0,0,0
223100,Homefront®: The Revolution,0,0,0
223220,Giana Sisters: Twisted Dreams,0,0,0
223430,Miner Wars 2081,0,0,0
223470,POSTAL 2,0,0,0
223510,Miasmata,0,0,0
223710,Cry of Fear,0,0,0
223730,Fly'N,0,0,0
223750,DCS World Steam Edition,0,0,0
223810,Ys I & II Chronicles+,0,0,0
223830,Xenonauts,0,0,0
224000,Project Eagle: A 3D Interactive Mars Base,0,0,0
224260,No More Room in Hell,0,0,0
224300,Legacy of Kain: Defiance,0,0,0
224460,Contrast,0,0,0
224480,Octodad: Dadliest Catch,0,0,0
224500,Gnomoria,0,0,0
224600,Defiance,0,0,0
224760,FEZ,0,0,0
224820,Super House of Dead Ninjas,0,0,0
224860,Arma Tactics,0,0,0
224900,Iron Sky: Invasion,0,0,0
224920,Legacy of Kain: Soul Reaver,0,0,0
224940,Legacy of Kain: Soul Reaver 2,0,0,0
224960,Tomb Raider I,0,0,0
224980,Tomb Raider IV: The Last Revelation,0,0,0
225000,Tomb Raider V: Chronicles,0,0,0
225020,Tomb Raider VI: The Angel of Darkness,0,0,0
225080,Brothers - A Tale of Two Sons,0,0,0
225160,Shadow Warrior Classic Redux,0,0,0
225260,Brutal Legend,0,0,0
225280,Full Mojo Rampage,0,0,0
225300,Tomb Raider II,0,0,0
225320,Tomb Raider III,0,0,0
225360,DARK,0,0,0
225420,Cities in Motion 2,0,0,0
225540,Just Cause™ 3,0,0,0
225600,Blade Symphony,0,0,0
225640,Sacred 2 Gold,0,0,0
225840,Sven Co-op,0,0,0
226100,PixelJunk™ Nom Nom Galaxy,0,0,0
226120,Weird Worlds: Return to Infinite Space,0,0,0
226560,Escape Dead Island,0,0,0
226580,F1 2014,0,0,0
226620,Desktop Dungeons,0,0,0
226720,LOST PLANET® 3,0,0,0
226740,Monster Loves You!,0,0,0
226840,Age of Wonders III,0,0,0
226860,Galactic Civilizations III,0,0,0
226960,Ironclad Tactics,0,0,0
227000,Primordia,0,0,0
227060,Hegemony Rome: The Rise of Caesar,0,0,0
227080,Papo & Yo,0,0,0
227100,Sniper Elite: Nazi Zombie Army,0,0,0
227160,Kinetic Void,0,0,0
227200,Waking Mars,0,0,0
227220,Sang-Froid - Tales of Werewolves,0,0,0
227300,Euro Truck Simulator 2,0,0,0
227380,Dragon's Lair,0,0,0
227560,Scourge: Outbreak,0,0,0
227580,"10,000,000",0,0,0
227600,Castle of Illusion,0,0,0
227760,March of the Eagles,0,0,0
227780,Serious Sam Classics: Revolution,0,0,0
227860,Castle Story,0,0,0
227940,Heroes & Generals,0,0,0
228200,Company of Heroes,0,0,0
228260,Fallen Enchantress: Legendary Heroes,0,0,0
228280,Baldur's Gate: Enhanced Edition,0,0,0
228300,Remember Me,0,0,0
228320,A Valley Without Wind 2,0,0,0
228360,Full Throttle Remastered,0,0,0
228380,Wreckfest,0,0,0
228440,Cubemen 2,0,0,0
228760,TrackMania² Canyon,0,0,0
228960,Skulls of the Shogun,0,0,0
229480,Dungeons & Dragons: Chronicles of Mystara,0,0,0
229520,Dungeon Hearts,0,0,0
229580,Dream,0,0,0
229810,A Fistful of Gun,0,0,0
229870,ShootMania Storm,0,0,0
229970,Armada 2526 Gold Edition,0,0,0
230050,DLC Quest,0,0,0
230070,The Age of Decadence,0,0,0
230150,Incredipede,0,0,0
230190,War for the Overworld,0,0,0
230270,N++ (NPLUSPLUS),0,0,0
230290,Universe Sandbox ²,0,0,0
230310,Akaneiro: Demon Hunters,0,0,0
230410,Warframe,0,0,0
230700,La-Mulana,0,0,0
230820,The Night of the Rabbit,0,0,0
230840,Daylight,0,0,0
230980,Starseed Pilgrim,0,0,0
231040,Beatbuddy: Tale of the Guardians,0,0,0
231140,Cities XL Platinum,0,0,0
231160,The Swapper,0,0,0
231200,Kentucky Route Zero,0,0,0
231310,MirrorMoon EP,0,0,0
231330,Deadfall Adventures,0,0,0
231430,Company of Heroes 2,0,0,0
231720,Bad Hotel,0,0,0
231740,Knights of Pen and Paper +1 Edition,0,0,0
232010,Euro Truck Simulator,0,0,0
232050,Eador. Masters of the Broken World,0,0,0
232090,Killing Floor 2,0,0,0
232430,Gone Home,0,0,0
232750,Mars: War Logs,0,0,0
232770,POSTAL,0,0,0
232790,Broken Age,0,0,0
232890,Stronghold Crusader 2,0,0,0
232910,TrackMania² Stadium,0,0,0
232950,Bridge Project,0,0,0
232970,Thunder Wolves,0,0,0
233130,Shadow Warrior,0,0,0
233150,LUFTRAUSERS,0,0,0
233190,Final Exam,0,0,0
233230,Kairo,0,0,0
233270,Far Cry 3 - Blood Dragon,0,0,0
233290,Murdered: Soul Suspect,0,0,0
233310,Avadon 2: The Corruption,0,0,0
233350,Sudeki,0,0,0
233450,Prison Architect,0,0,0
233470,Evoland,0,0,0
233550,Another World – 20th Anniversary Edition,0,0,0
233610,Distance,0,0,0
233720,Surgeon Simulator,0,0,0
233740,Organ Trail: Director's Cut,0,0,0
233840,Worms Clan Wars,0,0,0
233860,Kenshi,0,0,0
233980,UnEpic,0,0,0
234080,Castlevania: Lords of Shadow – Ultimate Edition,0,0,0
234140,Mad Max,0,0,0
234160,Strike Suit Infinity,0,0,0
234190,Receiver,0,0,0
234270,Ken Follett's The Pillars of the Earth,0,0,0
234290,Zack Zero,0,0,0
234330,MARVEL Puzzle Quest,0,0,0
234370,Shattered Haven,0,0,0
234390,Teleglitch: Die More Edition,0,0,0
234490,Rush Bros.,0,0,0
234630,Project CARS,0,0,0
234650,Shadowrun Returns,0,0,0
234670,NARUTO SHIPPUDEN: Ultimate Ninja STORM 3 Full Burst HD,0,0,0
234900,Anodyne,0,0,0
234920,Dyscourse,0,0,0
234940,The 39 Steps,0,0,0
235210,STRIDER™ / ストライダー飛竜®,0,0,0
235250,Super Sanctum TD,0,0,0
235320,Original War,0,0,0
235340,Prime World,0,0,0
235360,Prime World: Defenders,0,0,0
235380,Blitzkrieg 3,0,0,0
235400,King’s Bounty: Legions,0,0,0
235460,METAL GEAR RISING: REVENGEANCE,0,0,0
235540,Warhammer: End Times - Vermintide,0,0,0
235600,Tom Clancy’s Splinter Cell Blacklist,0,0,0
235620,Small World 2,0,0,0
235660,Eador: Genesis,0,0,0
235720,Cubetractor,0,0,0
235800,Audiosurf 2,0,0,0
235820,Element4l,0,0,0
235900,RPG Maker XP,0,0,0
235980,Tetrobot and Co.,0,0,0
236090,Dust: An Elysian Tail,0,0,0
236110,Dungeon Defenders II,0,0,0
236130,Horizon,0,0,0
236150,Starpoint Gemini 2,0,0,0
236370,Interstellar Marines,0,0,0
236390,War Thunder,0,0,0
236430,DARK SOULS™ II,0,0,0
236450,PAC-MAN™ Championship Edition DX+,0,0,0
236510,Takedown: Red Sabre,0,0,0
236690,Blood Bowl 2,0,0,0
236730,Anomaly 2,0,0,0
236790,Agricultural Simulator 2013 - Steam Edition,0,0,0
236850,Europa Universalis IV,0,0,0
237310,Elsword,0,0,0
237430,Expeditions: Conquistador,0,0,0
237550,Realms of Arkania: Blade of Destiny,0,0,0
237570,Penny Arcade's On the Rain-Slick Precipice of Darkness 4,0,0,0
237630,DuckTales: Remastered,0,0,0
237740,Angry Video Game Nerd Adventures,0,0,0
237850,Dreamfall Chapters,0,0,0
237870,Planet Explorers,0,0,0
237890,Agarest: Generations of War,0,0,0
237930,Transistor,0,0,0
237950,UFO: Afterlight,0,0,0
237990,The Banner Saga,0,0,0
238010,Deus Ex: Human Revolution - Director's Cut,0,0,0
238050,The Apogee Throwback Pack,0,0,0
238090,Sniper Elite 3,0,0,0
238210,System Shock 2,0,0,0
238240,Edge of Space,0,0,0
238260,Pinball Arcade,0,0,0
238320,Outlast,0,0,0
238370,Magicka 2,0,0,0
238430,Contagion,0,0,0
238460,BattleBlock Theater®,0,0,0
238530,Super Puzzle Platformer Deluxe,0,0,0
238750,Might & Magic X - Legacy,0,0,0
238870,Citadels,0,0,0
238890,Skyward Collapse,0,0,0
238910,Bionic Dues,0,0,0
238930,7 Grand Steps: What Ancients Begat,0,0,0
238960,Path of Exile,0,0,0
239030,"Papers, Please",0,0,0
239070,Hammerwatch,0,0,0
239120,FINAL FANTASY III,0,0,0
239140,Dying Light,0,0,0
239160,Thief,0,0,0
239200,Amnesia: A Machine for Pigs,0,0,0
239250,Castlevania: Lords of Shadow 2,0,0,0
239430,Q.U.B.E: Director's Cut,0,0,0
239700,Hate Plus,0,0,0
239800,Bleed,0,0,0
239820,Game Dev Tycoon,0,0,0
239840,Dead State: Reanimated,0,0,0
240320,Panzar,0,0,0
240440,Quadrilateral Cowboy,0,0,0
240600,MotoGP™13,0,0,0
240720,Getting Over It with Bennett Foddy,0,0,0
240760,Wasteland 2: Director's Cut,0,0,0
240970,Half Minute Hero: The Second Coming,0,0,0
241240,Contraption Maker,0,0,0
241260,Sherlock Holmes: Crimes and Punishments,0,0,0
241320,Ittle Dew,0,0,0
241410,CastleStorm,0,0,0
241560,The Crew™,0,0,0
241600,Rogue Legacy,0,0,0
241620,Inquisitor,0,0,0
241720,Guncraft,0,0,0
241910,Goodbye Deponia,0,0,0
242050,Assassin’s Creed® IV Black Flag™,0,0,0
242110,Joe Danger 2: The Movie,0,0,0
242130,Vector Thrust,0,0,0
242530,The Chaos Engine,0,0,0
242570,Space Hulk,0,0,0
242640,Styx: Master of Shadows,0,0,0
242680,Nuclear Throne,0,0,0
242700,Injustice: Gods Among Us Ultimate Edition,0,0,0
242720,GunZ 2: The Second Duel,0,0,0
242760,The Forest,0,0,0
242780,Cognition: An Erica Reed Thriller,0,0,0
242820,140,0,0,0
242840,In Verbis Virtus,0,0,0
242860,Verdun,0,0,0
242880,"Sir, You Are Being Hunted",0,0,0
242920,Banished,0,0,0
243000,Omikron: The Nomad Soul,0,0,0
243120,Betrayer,0,0,0
243160,Mushroom 11,0,0,0
243200,Memoria,0,0,0
243360,TrackMania² Valley,0,0,0
243450,Urban Trial Freestyle,0,0,0
243470,Watch_Dogs™,0,0,0
243780,PixelJunk™ Monsters Ultimate,0,0,0
243800,Gas Guzzlers Extreme,0,0,0
243930,Bound By Flame,0,0,0
243950,Divinity: Dragon Commander,0,0,0
243970,"Invisible, Inc.",0,0,0
244030,Take On Mars,0,0,0
244050,Rise of Flight United,0,0,0
244070,Sid Meier’s Ace Patrol,0,0,0
244090,Sid Meier’s Ace Patrol: Pacific Skies,0,0,0
244160,Homeworld Remastered Collection,0,0,0
244210,Assetto Corsa,0,0,0
244430,realMyst: Masterpiece Edition,0,0,0
244450,Men of War: Assault Squad 2,0,0,0
244590,Epigenesis,0,0,0
244690,Face Noir,0,0,0
244710,Shelter,0,0,0
244730,Divekick,0,0,0
244770,StarMade,0,0,0
244810,Foul Play,0,0,0
244850,Space Engineers,0,0,0
244870,Electronic Super Joy,0,0,0
244890,Velocity®Ultra,0,0,0
244930,SNOW,0,0,0
245050,SpellForce 2 - Demons of the Past,0,0,0
245170,Skullgirls,0,0,0
245280,ENSLAVED™: Odyssey to the West™ Premium Edition,0,0,0
245370,Etherium,0,0,0
245390,"I Have No Mouth, and I Must Scream",0,0,0
245410,Wizardry 6: Bane of the Cosmic Forge,0,0,0
245430,Wizardry 7: Crusaders of the Dark Savant,0,0,0
245450,Wizardry 8,0,0,0
245470,Democracy 3,0,0,0
245490,Trials Fusion™,0,0,0
245620,Tropico 5,0,0,0
246070,Hack 'n' Slash,0,0,0
246090,Spacebase DF-9,0,0,0
246110,MASSIVE CHALICE,0,0,0
246420,Kingdom Rush,0,0,0
246580,The Typing of The Dead: Overkill,0,0,0
246620,Plague Inc: Evolved,0,0,0
246680,Secrets of Rætikon,0,0,0
246700,Strike Vector,0,0,0
246740,Huntsman: The Orphanage (Halloween Edition),0,0,0
246760,Legends of Eisenwald,0,0,0
246840,FATE,0,0,0
246900,Viscera Cleanup Detail,0,0,0
246960,Giana Sisters: Twisted Dreams - Rise of the Owlverlord,0,0,0
247000,Talisman: Digital Edition,0,0,0
247020,"Cook, Serve, Delicious!",0,0,0
247080,Crypt of the NecroDancer,0,0,0
247140,Soundodger+,0,0,0
247240,Volgarr the Viking,0,0,0
247370,Mutant Mudds Deluxe,0,0,0
247430,Hitman: Contracts,0,0,0
247660,Deadly Premonition: The Director's Cut,0,0,0
247730,Nether: Resurrected,0,0,0
247950,Sacred 3,0,0,0
248170,Clickteam Fusion 2.5,0,0,0
248190,Knytt Underground,0,0,0
248310,Freedom Planet,0,0,0
248330,Dino Run DX,0,0,0
248390,Craft The World,0,0,0
248470,Doorways: Prelude,0,0,0
248530,Depth Hunter 2: Deep Dive,0,0,0
248550,Megabyte Punch,0,0,0
248570,Toribash,0,0,0
248610,Door Kickers,0,0,0
248630,Kingdoms Rise,0,0,0
248650,Draw a Stickman: EPIC,0,0,0
248800,Dysfunctional Systems: Learning to Manage Chaos,0,0,0
248820,Risk of Rain,0,0,0
248860,NEO Scavenger,0,0,0
249050,Dungeon of the Endless™,0,0,0
249130,LEGO® Marvel™ Super Heroes,0,0,0
249190,Ancient Space,0,0,0
249230,Risen 3 - Titan Lords,0,0,0
249330,Unholy Heights,0,0,0
249360,Zafehouse: Diaries,0,0,0
249590,Teslagrad,0,0,0
249610,Galactic Arms Race,0,0,0
249650,Blackguards,0,0,0
249680,Marlow Briggs and the Mask of Death,0,0,0
249870,Scribblenauts Unmasked: A DC Comics Adventure,0,0,0
249990,FORCED: Slightly Better Edition,0,0,0
250050,Life Goes On: Done to Death,0,0,0
250110,Assault Android Cactus,0,0,0
250180,METAL SLUG 3,0,0,0
250260,Jazzpunk: Director's Cut,0,0,0
250320,The Wolf Among Us,0,0,0
250340,Blockland,0,0,0
250380,Knock-knock,0,0,0
250400,How to Survive,0,0,0
250420,8BitMMO,0,0,0
250460,Bridge Constructor,0,0,0
250500,Super Amazing Wagon Adventure,0,0,0
250520,UnderRail,0,0,0
250560,Fight The Dragon,0,0,0
250580,Paranautical Activity: Deluxe Atonement Edition,0,0,0
250600,The Plan,0,0,0
250620,Among the Sleep - Enhanced Edition,0,0,0
250700,Super Time Force Ultra,0,0,0
250760,Shovel Knight: Treasure Trove,0,0,0
250900,The Binding of Isaac: Rebirth,0,0,0
251060,Wargame: Red Dragon,0,0,0
251130,Chroma Squad,0,0,0
251150,The Legend of Heroes: Trails in the Sky,0,0,0
251170,Damned,0,0,0
251210,Hive,0,0,0
251230,Livelock,0,0,0
251290,The Legend of Heroes: Trails in the Sky SC,0,0,0
251430,The Inner World,0,0,0
251450,Heroes of Havoc: Idle Adventures,0,0,0
251470,TowerFall Ascension,0,0,0
251530,Anomaly Korea,0,0,0
251570,7 Days to Die,0,0,0
251630,The Impossible Game,0,0,0
251690,Speedball 2 HD,0,0,0
251710,Chainsaw Warrior,0,0,0
251730,Legend of Grimrock 2,0,0,0
251770,Shadow Man,0,0,0
251850,Master Reboot,0,0,0
251870,Go! Go! Nippon! ~My First Trip to Japan~,0,0,0
251910,Solar Flux,0,0,0
251950,WWII Online,0,0,0
251990,Long Live The Queen,0,0,0
252010,Oniken: Unstoppable Edition,0,0,0
252030,Valdis Story: Abyssal City,0,0,0
252110,Lovers in a Dangerous Spacetime,0,0,0
252130,Divide By Sheep,0,0,0
252170,Anomaly Warzone Earth Mobile Campaign,0,0,0
252250,Maia,0,0,0
252270,Zombie Tycoon 2: Brainhov's Revenge,0,0,0
252290,Elegy for a Dead World,0,0,0
252310,Syder Arcade,0,0,0
252330,Slender: The Arrival,0,0,0
252350,Double Dragon: Neon,0,0,0
252410,SteamWorld Dig,0,0,0
252430,Dusty Revenge:Co-Op Edition,0,0,0
252450,StarDrive 2,0,0,0
252470,Space Pirates And Zombies 2,0,0,0
252490,Rust,0,0,0
252530,OMSI 2: Steam Edition,0,0,0
252610,Death Road to Canada,0,0,0
252630,Eldritch Reanimated,0,0,0
252670,Nihilumbra,0,0,0
252730,YOU DON'T KNOW JACK Vol. 1 XL,0,0,0
252830,Claire,0,0,0
252870,PULSAR: Lost Colony,0,0,0
252910,Skyscraper Simulator,0,0,0
252950,Rocket League®,0,0,0
253030,Race The Sun,0,0,0
253110,The Cat Lady,0,0,0
253230,A Hat in Time,0,0,0
253250,Stonehearth,0,0,0
253290,FOTONICA,0,0,0
253330,Neverending Nightmares,0,0,0
253370,Axis Game Factory's AGFPRO v3,0,0,0
253390,Hot Tin Roof: The Cat That Wore A Fedora,0,0,0
253410,Ravensword: Shadowlands,0,0,0
253430,CastleMiner Z,0,0,0
253490,CABAL Online,0,0,0
253510,WARMACHINE: Tactics,0,0,0
253610,Wrack,0,0,0
253690,Tiny Brains,0,0,0
253710,theHunter Classic,0,0,0
253750,Ikaruga,0,0,0
253770,Bus-Simulator 2012,0,0,0
253840,Shantae: Half-Genie Hero,0,0,0
253860,Earth 2140,0,0,0
253880,Earth 2150 Trilogy,0,0,0
253900,Knights and Merchants,0,0,0
253960,Jack Orlando: Director's Cut,0,0,0
253980,Enclave,0,0,0
254060,KnightShift,0,0,0
254080,World War III: Black Gold,0,0,0
254200,FortressCraft Evolved!,0,0,0
254300,Dofus,0,0,0
254320,Duskers,0,0,0
254440,Pool Nation,0,0,0
254460,Obscure,0,0,0
254480,Obscure II (Obscure: The Aftermath),0,0,0
254700,resident evil 4 / biohazard 4,0,0,0
254960,Silent Storm Gold Edition,0,0,0
255070,Abyss Odyssey,0,0,0
255220,GRID Autosport,0,0,0
255280,1954 Alcatraz,0,0,0
255300,Journey of a Roach,0,0,0
255320,Edna & Harvey: The Breakout,0,0,0
255340,Escape Goat 2,0,0,0
255370,KickBeat Steam Edition,0,0,0
255390,Max: The Curse of Brotherhood,0,0,0
255420,Magic 2015 - Duels of the Planeswalkers,0,0,0
255710,Cities: Skylines,0,0,0
255870,PixelJunk™ Shooter,0,0,0
255940,The 11th Hour,0,0,0
256190,Enemy Front,0,0,0
256290,Child of Light,0,0,0
256330,WRC 4 FIA World Rally Championship,0,0,0
256370,MXGP - The Official Motocross Videogame,0,0,0
257050,Darkout,0,0,0
257120,Not The Robots,0,0,0
257170,Rebuild 3: Gangs of Deadsville,0,0,0
257350,Baldur's Gate II: Enhanced Edition,0,0,0
257510,The Talos Principle,0,0,0
257630,Blast Em!,0,0,0
257710,Max Gentlemen,0,0,0
257730,Infinity Wars: Animated Trading Card Game,0,0,0
257750,Bloody Trapland,0,0,0
257830,Violett Remastered,0,0,0
257850,Hyper Light Drifter,0,0,0
257970,Loren The Amazon Princess,0,0,0
257990,Oozi: Earth Adventure,0,0,0
258010,Ring Runner: Flight of the Sages,0,0,0
258050,Survivor Squad,0,0,0
258090,99 Spirits,0,0,0
258180,Deus Ex: The Fall,0,0,0
258200,Talisman: Prologue,0,0,0
258220,Blood Knights,0,0,0
258520,The Vanishing of Ethan Carter,0,0,0
258760,Scania Truck Driving Simulator,0,0,0
258880,Professional Farmer 2014,0,0,0
258890,Type:Rider,0,0,0
258910,Citizens of Earth,0,0,0
258970,Gauntlet™ Slayer Edition,0,0,0
259020,Dragon's Prophet,0,0,0
259060,Dominions 4: Thrones of Ascension,0,0,0
259080,Just Cause 2: Multiplayer Mod,0,0,0
259130,Wasteland 1 - The Original Classic,0,0,0
259170,Alone in the Dark,0,0,0
259320,Heli Heroes,0,0,0
259340,Chicken Shoot Gold,0,0,0
259390,Ballpoint Universe - Infinite,0,0,0
259510,Shufflepuck Cantina Deluxe,0,0,0
259550,Hero of the Kingdom,0,0,0
259600,Finding Teddy,0,0,0
259620,3079 -- Block Action RPG,0,0,0
259660,Void Destroyer,0,0,0
259680,Tales of Maj'Eyal,0,0,0
259740,Nightmares from the Deep: The Cursed Heart,0,0,0
259890,Agricultural Simulator: Historical Farming,0,0,0
259940,YOU DON'T KNOW JACK Vol. 2,0,0,0
259960,YOU DON'T KNOW JACK Vol. 3,0,0,0
260000,YOU DON'T KNOW JACK MOVIES,0,0,0
260020,YOU DON'T KNOW JACK SPORTS,0,0,0
260040,YOU DON'T KNOW JACK TELEVISION,0,0,0
260060,YOU DON'T KNOW JACK HEADRUSH,0,0,0
260130,Agarest: Generations of War Zero,0,0,0
260160,The Last Tinker™: City of Colors,0,0,0
260190,Marc Eckō's Getting Up: Contents Under Pressure,0,0,0
260210,Assassin’s Creed® Liberation HD,0,0,0
260230,Valiant Hearts: The Great War™ / Soldats Inconnus : Mémoires de la Grande Guerre™,0,0,0
260250,Blood of the Werewolf,0,0,0
260270,Shadows: Price For Our Sins Bonus Edition,0,0,0
260410,Get Off My Lawn!,0,0,0
260430,The Four Kings Casino and Slots,0,0,0
260570,Gray Matter,0,0,0
260690,Dark Fall: The Journal,0,0,0
260710,Dark Fall 2: Lights Out,0,0,0
260730,Desperados: Wanted Dead or Alive,0,0,0
260750,Neighbours from Hell Compilation,0,0,0
260790,1001 Spikes,0,0,0
260930,Emergency 2014,0,0,0
261110,Killer is Dead - Nightmare Edition,0,0,0
261180,Lethal League,0,0,0
261470,Distant Worlds: Universe,0,0,0
261490,Bedlam,0,0,0
261510,Tesla Effect: A Tex Murphy Adventure,0,0,0
261530,Lifeless Planet Premier Edition,0,0,0
261640,Borderlands: The Pre-Sequel,0,0,0
261700,Eryi's Action,0,0,0
261720,Holy Avatar vs. Maidens of the Dead,0,0,0
261760,Lichdom: Battlemage,0,0,0
261880,Corporate Lifestyle Simulator,0,0,0
262000,Gabriel Knight: Sins of the Fathers 20th Anniversary Edition,0,0,0
262060,Darkest Dungeon®,0,0,0
262120,Toy Soldiers: Complete,0,0,0
262150,Vanguard Princess,0,0,0
262260,Jets'n'Guns Gold,0,0,0
262280,Dungeons 2,0,0,0
262300,Tsukumogami,0,0,0
262390,Cloudbuilt,0,0,0
262410,World of Guns: Gun Disassembly,0,0,0
262470,Rollers of the Realm,0,0,0
262550,Gunman Clive,0,0,0
262690,Little Racers STREET,0,0,0
262790,Our Darker Purpose,0,0,0
262830,Crimsonland,0,0,0
262850,The Journey Down: Chapter Two,0,0,0
262940,Broken Sword 5 - the Serpent's Curse,0,0,0
262960,Castle In The Darkness,0,0,0
263020,STARWHAL,0,0,0
263060,Blockstorm,0,0,0
263200,Signs of Life,0,0,0
263280,Spintires®: The Original Game,0,0,0
263300,BlazBlue: Calamity Trigger,0,0,0
263320,Saturday Morning RPG,0,0,0
263360,3089 -- Futuristic Action RPG,0,0,0
263400,War of the Human Tanks,0,0,0
263420,Probably Archery,0,0,0
263460,Girls Like Robots,0,0,0
263500,Dragons and Titans,0,0,0
263540,Villagers and Heroes,0,0,0
263560,Paper Sorcerer,0,0,0
263620,Mitsurugi Kamui Hikae,0,0,0
263700,Muffin Knight,0,0,0
263740,FootLOL: Epic Fail League,0,0,0
263760,Turbo Dismount™,0,0,0
263820,EvilQuest,0,0,0
263860,SPACECOM,0,0,0
263980,Out There Somewhere,0,0,0
264080,Vangers,0,0,0
264120,Victory: The Age of Racing,0,0,0
264200,One Finger Death Punch,0,0,0
264240,CONSORTIUM,0,0,0
264280,99 Levels To Hell,0,0,0
264300,Guns n Zombies,0,0,0
264380,Narcissu 1st & 2nd,0,0,0
264480,BlackSoul: Extended Edition,0,0,0
264540,Platformines,0,0,0
264710,Subnautica,0,0,0
264730,Deadly 30,0,0,0
265000,FORCED SHOWDOWN,0,0,0
265120,Meridian: New World,0,0,0
265210,Viscera Cleanup Detail: Santa's Rampage,0,0,0
265300,Lords Of The Fallen™,0,0,0
265330,Gomo,0,0,0
265380,Grimind,0,0,0
265550,Dead Rising 3 Apocalypse Edition,0,0,0
265590,The Red Solstice,0,0,0
265610,Epic Battle Fantasy 4,0,0,0
265630,Fistful of Frags,0,0,0
265670,Imagine Me,0,0,0
265690,NaissanceE,0,0,0
265750,Secret Ponchos,0,0,0
265770,Cannons Lasers Rockets,0,0,0
265830,Monochroma,0,0,0
265870,Alpha Kimori™ 1,0,0,0
265890,Hexcells,0,0,0
265930,Goat Simulator,0,0,0
265950,Ether One,0,0,0
266010,LYNE,0,0,0
266030,DRAKERZ-Confrontation,0,0,0
266050,Into the Dark: Ultimate Trash Edition,0,0,0
266110,Tower of Guns,0,0,0
266130,Breach & Clear,0,0,0
266150,Lost Saga NA,0,0,0
266170,Windforge,0,0,0
266210,One Way Heroics,0,0,0
266230,Last Dream,0,0,0
266310,GameGuru,0,0,0
266330,Ethan: Meteor Hunter,0,0,0
266390,Farm for your Life,0,0,0
266430,Anarchy Arcade,0,0,0
266490,Lili: Child of Geos - Complete Edition,0,0,0
266510,Hand of Fate,0,0,0
266840,Age of Mythology: Extended Edition,0,0,0
267060,Gravity Badgers,0,0,0
267130,Star Swarm Stress Test,0,0,0
267340,Beware Planet Earth,0,0,0
267490,Batman™: Arkham Origins Blackgate - Deluxe Edition,0,0,0
267530,The LEGO® Movie - Videogame,0,0,0
267600,Airport Simulator 2014,0,0,0
267610,Woodcutter Simulator 2013,0,0,0
267900,Guilty Gear Isuka,0,0,0
267920,Gun Metal,0,0,0
267940,Glacier 3: The Meltdown,0,0,0
267960,Hyper Fighters,0,0,0
267980,Hostile Waters: Antaeus Rising,0,0,0
268050,The Evil Within,0,0,0
268130,Heat Signature,0,0,0
268200,Antisquad,0,0,0
268220,Meltdown,0,0,0
268240,Mechanic Escape,0,0,0
268400,Panzer Corps,0,0,0
268420,Aura Kingdom,0,0,0
268500,XCOM® 2,0,0,0
268540,The Whispered World Special Edition,0,0,0
268650,From the Depths,0,0,0
268750,Magicite,0,0,0
268810,Paranormal State: Poison Spring,0,0,0
268850,EVGA Precision XOC,0,0,0
268870,Satellite Reign,0,0,0
268910,Cuphead,0,0,0
269030,The Yawhg,0,0,0
269050,Year Walk,0,0,0
269110,Super Motherload,0,0,0
269170,Sports Bar VR,0,0,0
269210,Hero Siege,0,0,0
269230,Aces Wild: Manic Brawling Action!,0,0,0
269250,WORLD END ECONOMiCA episode.01,0,0,0
269270,LOVE,0,0,0
269310,Infectonator: Survivors,0,0,0
269330,Chronology,0,0,0
269370,Reaper - Tale of a Pale Swordsman,0,0,0
269430,Burning Cars,0,0,0
269490,Bardbarian,0,0,0
269650,Dex,0,0,0
269670,BADLAND: Game of the Year Edition,0,0,0
269710,Tumblestone,0,0,0
269770,Secrets of Grindea,0,0,0
269790,DreadOut,0,0,0
269890,AR-K,0,0,0
269950,X-Plane 11,0,0,0
270050,Quest of Dungeons,0,0,0
270090,//N.P.P.D. RUSH//- The milk of Ultraviolet,0,0,0
270130,The Gallery - Episode 1: Call of the Starseed,0,0,0
270150,RUNNING WITH RIFLES,0,0,0
270170,Depression Quest,0,0,0
270210,Melody's Escape,0,0,0
270450,Robot Roller-Derby Disco Dodgeball,0,0,0
270490,The Forest of Doom (Standalone),0,0,0
270550,Yet Another Zombie Defense,0,0,0
270570,Reversion - The Escape (1st Chapter),0,0,0
270630,Haunt the House: Terrortown,0,0,0
270770,Etherlords,0,0,0
270790,Etherlords II,0,0,0
270810,Jones On Fire,0,0,0
270850,Car Mechanic Simulator 2014,0,0,0
270880,American Truck Simulator,0,0,0
270910,Worms World Party Remastered,0,0,0
271240,Offworld Trading Company - Free Multiplayer,0,0,0
271360,Industry Giant 2,0,0,0
271370,Transport Giant,0,0,0
271500,Sniper Art of Victory,0,0,0
271550,Tribloos 2,0,0,0
271570,Space Farmers,0,0,0
271590,Grand Theft Auto V,0,0,0
271640,Humanity Asset,0,0,0
271670,10 Second Ninja,0,0,0
271730,Light,0,0,0
271760,Dungeon Lords Steam Edition,0,0,0
271820,Card City Nights,0,0,0
271860,Super Killer Hornet: Resurrection,0,0,0
271900,Hexcells Plus,0,0,0
271920,Worlds Adrift Island Creator,0,0,0
272010,Aveyond 3-1: Lord of Twilight,0,0,0
272040,KAMI,0,0,0
272060,Serena,0,0,0
272270,Torment: Tides of Numenera,0,0,0
272470,The Incredible Adventures of Van Helsing II,0,0,0
272510,NARUTO SHIPPUDEN: Ultimate Ninja STORM Revolution,0,0,0
272600,Detective Grimoire,0,0,0
272890,Vertiginous Golf,0,0,0
273070,The Last Federation,0,0,0
273110,Counter-Strike Nexon: Zombies,0,0,0
273500,Over 9000 Zombies!,0,0,0
273770,Game Tycoon 1.5,0,0,0
274170,Hotline Miami 2: Wrong Number,0,0,0
274190,Broforce,0,0,0
274230,RONIN,0,0,0
274250,OlliOlli,0,0,0
274270,NOT A HERO,0,0,0
274290,Gods Will Be Watching,0,0,0
274310,Always Sometimes Monsters,0,0,0
274350,Dropsy,0,0,0
274500,Brigador: Up-Armored Edition,0,0,0
274520,Darkwood,0,0,0
274560,Revolution Ace,0,0,0
274900,Murder Miners,0,0,0
274920,FaceRig,0,0,0
274940,Depth,0,0,0
274980,Influent,0,0,0
275080,Post Master,0,0,0
275100,Shelter 2,0,0,0
275180,Costume Quest 2,0,0,0
275200,Westerado: Double Barreled,0,0,0
275390,Guacamelee! Super Turbo Championship Edition,0,0,0
275470,Chip,0,0,0
275490,Canyon Capers,0,0,0
275510,Z Steel Soldiers,0,0,0
275530,Z,0,0,0
275570,Summoner,0,0,0
275610,"Warhammer 40,000: Kill Team",0,0,0
275670,Space Run,0,0,0
275850,No Man's Sky,0,0,0
276810,Mordheim: City of the Damned,0,0,0
276890,FATE: Undiscovered Realms,0,0,0
277110,Return to Mysterious Island,0,0,0
277430,Halo: Spartan Assault,0,0,0
277450,Imperial Glory,0,0,0
277460,Praetorians,0,0,0
277470,The Book of Legends,0,0,0
277490,Battle Group 2,0,0,0
277500,Farming World,0,0,0
277520,Albedo: Eyes from Outer Space,0,0,0
277590,Assassin's Creed Freedom Cry,0,0,0
277680,"About Love, Hate and the other ones",0,0,0
277870,Diehard Dungeon,0,0,0
277890,Shantae: Risky's Revenge - Director's Cut,0,0,0
278080,DYNASTY WARRIORS 8: Xtreme Legends Complete Edition / 真・三國無双７ with 猛将伝,0,0,0
278100,"RIVE: Wreck, Hack, Die, Retry!",0,0,0
278360,A Story About My Uncle,0,0,0
278460,Skyborn,0,0,0
278490,Aveyond 3-2: Gates of Night,0,0,0
278570,Labyrinthine Dreams,0,0,0
278620,TinyKeep,0,0,0
278890,Angvik,0,0,0
278930,GIGANTIC ARMY,0,0,0
278970,Digger Online,0,0,0
279260,Richard & Alice,0,0,0
279440,Joe Dever's Lone Wolf HD Remastered,0,0,0
279640,The Troma Project,0,0,0
279720,The I of the Dragon,0,0,0
279800,Grim Legends 2: Song of the Dark Swan,0,0,0
279900,Soul Axiom,0,0,0
279940,The Book of Unwritten Tales 2,0,0,0
279990,Bridge Constructor Playground,0,0,0
280040,A Wizard's Lizard,0,0,0
280140,Millennium - A New Hope,0,0,0
280160,Aragami,0,0,0
280180,Hover,0,0,0
280200,Eterium,0,0,0
280220,Creeper World 3: Arc Eternal,0,0,0
280320,Adventurer Manager,0,0,0
280520,Crea,0,0,0
280640,Dark Shadows - Army of Evil,0,0,0
280790,Creativerse,0,0,0
281060,Reversion - The Meeting (2nd Chapter),0,0,0
281200,A Boy and His Blob,0,0,0
281220,BloodRayne Betrayal,0,0,0
281370,Real Horror Stories Ultimate Edition,0,0,0
281410,Ubersoldier II,0,0,0
281450,Disciples Sacred Lands Gold,0,0,0
281610,Homeworld: Deserts of Kharak,0,0,0
281640,The Banner Saga 2,0,0,0
281750,Munin,0,0,0
281860,RefleX,0,0,0
281920,Splatter - Zombie Apocalypse,0,0,0
281940,Woolfe - The Red Hood Diaries,0,0,0
281990,Stellaris,0,0,0
282010,Carmageddon Max Pack,0,0,0
282030,Carmageddon 2: Carpocalypse Now,0,0,0
282070,This War of Mine,0,0,0
282100,Fearless Fantasy,0,0,0
282140,SOMA,0,0,0
282210,Sid Meier's Starships,0,0,0
282400,SuperPower 2 Steam Edition,0,0,0
282440,Quake Live™,0,0,0
282530,Castlevania: Lords of Shadow – Mirror of Fate HD,0,0,0
282560,RollerCoaster Tycoon World™,0,0,0
282590,Star Ruler 2,0,0,0
282660,Easy™ eSports,0,0,0
282760,Circuits,0,0,0
282800,100% Orange Juice,0,0,0
282880,FaeVerse Alchemy,0,0,0
282900,Hyperdimension Neptunia Re;Birth1 / 超次次元ゲイム ネプテューヌRe;Birth1 / 超次次元遊戲戰機少女重生1,0,0,0
283060,Lucent Heart,0,0,0
283160,House of the Dying Sun,0,0,0
283230,Spoiler Alert,0,0,0
283290,Nosferatu: The Wrath of Malachi,0,0,0
283310,Soulbringer,0,0,0
283330,Desert Thunder,0,0,0
283350,Eurofighter Typhoon,0,0,0
283370,Marine Sharpshooter II: Jungle Warfare,0,0,0
283390,Incoming Forces,0,0,0
283410,CT Special Forces: Fire for Effect,0,0,0
283430,Litil Divil,0,0,0
283620,World of Subways 3 – London Underground Circle Line,0,0,0
283640,Salt and Sanctuary,0,0,0
283660,Rabbit Hole 3D: Steam Edition,0,0,0
283680,Astebreed: Definitive Edition,0,0,0
283880,Heroine's Quest: The Herald of Ragnarok,0,0,0
283940,Freddi Fish and the Case of the Missing Kelp Seeds,0,0,0
283980,"Spy Fox in ""Dry Cereal""",0,0,0
284160,BeamNG.drive,0,0,0
284240,Maize,0,0,0
284390,The Last Door - Collector's Edition,0,0,0
284460,DeadCore,0,0,0
284710,Abyss: The Wraiths of Eden,0,0,0
284730,Dark Arcana: The Carnival,0,0,0
284750,Enigmatis: The Ghosts of Maple Creek,0,0,0
284770,Enigmatis 2: The Mists of Ravenwood,0,0,0
284790,Nightmares from the Deep 2: The Siren`s Call,0,0,0
284810,Nightmares from the Deep 3: Davy Jones,0,0,0
284830,Clockwork Tales: Of Glass and Ink,0,0,0
284850,Grim Legends: The Forsaken Bride,0,0,0
284870,9 Clues: The Secret of Serpent Creek,0,0,0
284890,Left in the Dark: No One on Board,0,0,0
284930,Speed Kills,0,0,0
284950,Pixel Puzzles: Japan,0,0,0
284990,Solarix,0,0,0
285010,Pixel Puzzles: UndeadZ,0,0,0
285090,Robowars,0,0,0
285130,Battleplan: American Civil War,0,0,0
285190,"Warhammer 40,000: Dawn of War III",0,0,0
285310,RollerCoaster Tycoon®: Deluxe,0,0,0
285330,RollerCoaster Tycoon® 2: Triple Thrill Pack,0,0,0
285420,Deadly Sin 2,0,0,0
285440,Crimzon Clover WORLD IGNITION,0,0,0
285480,The Entente Gold,0,0,0
285500,Hard Truck Apocalypse / Ex Machina,0,0,0
285740,Kitty Powers' Matchmaker,0,0,0
285800,Braveland,0,0,0
285820,Action Henk,0,0,0
285840,Enemy Mind,0,0,0
285900,Gang Beasts,0,0,0
285920,TerraTech,0,0,0
286000,Tooth and Tail,0,0,0
286040,Dead Effect,0,0,0
286100,You Have to Win the Game,0,0,0
286120,QuestRun,0,0,0
286140,Eidolon,0,0,0
286160,Tabletop Simulator,0,0,0
286200,ReignMaker,0,0,0
286220,Pier Solar and the Great Architects,0,0,0
286260,fault - milestone one,0,0,0
286320,Oknytt,0,0,0
286340,FarSky,0,0,0
286360,Shadows on the Vatican Act I: Greed,0,0,0
286380,Strata,0,0,0
286440,Rover Rescue,0,0,0
286460,Black Mirror II,0,0,0
286480,Black Mirror III,0,0,0
286570,F1 2015,0,0,0
286690,Metro 2033 Redux,0,0,0
286940,S.K.I.L.L. - Special Force 2 (Shooter),0,0,0
287020,Harvester,0,0,0
287100,Chaos Domain,0,0,0
287120,Ionball 2: Ionstorm,0,0,0
287200,Wildlife Park 3,0,0,0
287260,Toybox Turbos,0,0,0
287290,Resident Evil Revelations 2 / Biohazard Revelations 2,0,0,0
287390,Metro: Last Light Redux,0,0,0
287450,Rise of Nations: Extended Edition,0,0,0
287630,The Council,0,0,0
287700,METAL GEAR SOLID V: THE PHANTOM PAIN,0,0,0
287720,Nostradamus: The Last Prophecy,0,0,0
287860,8-Bit Commando,0,0,0
287920,Mortal Online,0,0,0
287980,Mini Metro,0,0,0
288060,Whispering Willows,0,0,0
288160,The Room,0,0,0
288370,Strike Suit Zero: Director's Cut,0,0,0
288470,Fable Anniversary,0,0,0
288650,HTR+ Slot Car Simulation,0,0,0
288880,Pineview Drive,0,0,0
289070,Sid Meier’s Civilization® VI,0,0,0
289090,Ampu-Tea,0,0,0
289130,Endless Legend™,0,0,0
289180,A.I.M.2 Clan Wars,0,0,0
289200,Ascension to the Throne,0,0,0
289260,Dreamscapes: The Sandman - Premium Edition,0,0,0
289360,Konung 2,0,0,0
289400,Parkan 2,0,0,0
289440,Perimeter,0,0,0
289500,UFO: Aftershock,0,0,0
289520,King's Bounty: Dark Side,0,0,0
289620,Collapse,0,0,0
289650,Assassin's Creed® Unity,0,0,0
289690,LARA CROFT AND THE TEMPLE OF OSIRIS™,0,0,0
289760,ROCKETSROCKETSROCKETS,0,0,0
289800,Dracula: The Resurrection,0,0,0
289890,"7,62 High Calibre",0,0,0
289930,TransOcean: The Shipping Company,0,0,0
289950,Construction Simulator 2015,0,0,0
290000,DubWars,0,0,0
290080,Life is Feudal: Your Own,0,0,0
290280,Volt,0,0,0
290300,Rebel Galaxy,0,0,0
290340,Armello,0,0,0
290460,Legionwood 2: Rise of the Eternal's Realm - Director's Cut,0,0,0
290470,Onigiri,0,0,0
290650,Time Ramesside (A New Reckoning),0,0,0
290730,My Lands: Black Gem Hunting,0,0,0
290770,The Fall,0,0,0
290790,Grey Goo,0,0,0
290890,You Must Build A Boat,0,0,0
291130,Akane the Kunoichi,0,0,0
291170,Royal Defense,0,0,0
291330,Final Slam 2,0,0,0
291390,Three Dead Zed,0,0,0
291410,Duelyst,0,0,0
291480,Warface,0,0,0
291550,Brawlhalla,0,0,0
291650,Pillars of Eternity,0,0,0
291710,The Lost Crown,0,0,0
291860,Pit People®,0,0,0
291910,Firefighters 2014,0,0,0
292030,The Witcher® 3: Wild Hunt,0,0,0
292120,FINAL FANTASY® XIII,0,0,0
292140,FINAL FANTASY® XIII-2,0,0,0
292160,UFO: Aftermath,0,0,0
292230,Game Character Hub,0,0,0
292330,Starship Corporation,0,0,0
292370,DarkEnd,0,0,0
292380,Racer 8,0,0,0
292390,Realms of the Haunting,0,0,0
292410,Street Racing Syndicate,0,0,0
292480,Magical Battle Festa,0,0,0
292500,Kero Blaster,0,0,0
292570,Chompy Chomp Chomp,0,0,0
292600,Duet,0,0,0
292620,Pressured,0,0,0
292630,Uriel's Chasm,0,0,0
292730,Call of Duty®: Infinite Warfare,0,0,0
292800,Pajama Sam 3: You Are What You Eat From Your Head To Your Feet,0,0,0
292910,Deponia: The Complete Journey,0,0,0
292930,Black Mirror I,0,0,0
293180,Overcast - Walden and the Werewolf,0,0,0
293260,Card Hunter,0,0,0
293320,Coma: Mortuary,0,0,0
293540,Guns and Robots,0,0,0
293680,Cinders,0,0,0
293760,Automation - The Car Company Tycoon Game,0,0,0
293780,Crawl,0,0,0
293840,Cult of the Wind,0,0,0
293860,White Noise Online,0,0,0
293880,Dark Scavenger,0,0,0
293940,Kill The Bad Guy,0,0,0
294000,Knight Squad,0,0,0
294020,Merchants of Kaidan,0,0,0
294040,Loot Hero DX,0,0,0
294100,RimWorld,0,0,0
294140,They Breathe,0,0,0
294160,Galcon 2: Galactic Conquest,0,0,0
294230,Millie,0,0,0
294370,Crowntakers,0,0,0
294440,Shadowgate,0,0,0
294750,Anomaly Defenders,0,0,0
294770,Haegemonia: Legions of Iron,0,0,0
294790,Haegemonia: The Solon Heritage,0,0,0
294810,BlazBlue: Continuum Shift Extend,0,0,0
294860,Valkyria Chronicles™,0,0,0
295550,Royal Quest,0,0,0
295690,PARTICLE MACE,0,0,0
295710,Darkwind: War on Wheels,0,0,0
295790,Never Alone (Kisima Ingitchuna),0,0,0
295930,Swipecart,0,0,0
296050,Battlepaths,0,0,0
296070,MIND: Path to Thalamus Enhanced Edition,0,0,0
296300,Ballistic Overkill,0,0,0
296470,Mount Your Friends,0,0,0
296490,GemCraft - Chasing Shadows,0,0,0
296570,Lords of Xulima,0,0,0
296630,Kraven Manor,0,0,0
296710,Monstrum,0,0,0
296770,Real Boxing™,0,0,0
296830,Lucius II,0,0,0
296870,Dreaming Sarah,0,0,0
296910,8BitBoy™,0,0,0
296970,Renowned Explorers: International Society,0,0,0
297000,Heroes® of Might & Magic® III - HD Edition,0,0,0
297020,The Culling Of The Cows,0,0,0
297110,Cosmic DJ,0,0,0
297120,Heavy Bullets,0,0,0
297130,Titan Souls,0,0,0
297210,Famaze,0,0,0
297290,Detective Case and Clown Bot in: Murder in the Hotel Lisbon,0,0,0
297860,Split/Second,0,0,0
297920,Space Colony: Steam Edition,0,0,0
298030,Total Annihilation,0,0,0
298050,Master of Orion,0,0,0
298110,Far Cry® 4,0,0,0
298140,Rhiannon: Curse of the Four Branches,0,0,0
298160,Eldevin,0,0,0
298180,The Desolate Hope,0,0,0
298240,Red Crucible®: Firestorm,0,0,0
298260,Only If,0,0,0
298480,Victory At Sea,0,0,0
298520,Orbital Gear,0,0,0
298600,Lovely Planet,0,0,0
298610,Ylands,0,0,0
298630,The Escapists,0,0,0
298930,Darkness Within 1: In Pursuit of Loath Nolder,0,0,0
299030,Blood: One Unit Whole Blood,0,0,0
299250,European Ship Simulator,0,0,0
299260,Commando Jack,0,0,0
299360,Block N Load,0,0,0
299420,CubeGun,0,0,0
299460,Woodle Tree Adventures,0,0,0
299480,Rogue Stormers,0,0,0
299500,International Snooker,0,0,0
299680,Tengami,0,0,0
299720,Terrorhedron Tower Defense,0,0,0
299740,Miscreated,0,0,0
299800,The Land of Eyas,0,0,0
300040,Divine Souls F2P MMO,0,0,0
300060,ADR1FT,0,0,0
300080,Total War Battles: KINGDOM,0,0,0
300220,Victim of Xen,0,0,0
300300,Ichi,0,0,0
300380,Road Redemption,0,0,0
300540,Sweet Lily Dreams,0,0,0
300550,Shadowrun: Dragonfall - Director's Cut,0,0,0
300570,Infinifactory,0,0,0
300580,GALAK-Z,0,0,0
301120,Eastside Hockey Manager,0,0,0
301190,Frederic: Resurrection of Music,0,0,0
301200,Frederic: Evil Strikes Back,0,0,0
301220,Legends of Persia,0,0,0
301460,Electronic Super Joy: Groove City,0,0,0
301520,Robocraft,0,0,0
301540,Rhythm Destruction,0,0,0
301640,Zombie Army Trilogy,0,0,0
301680,Psichodelya,0,0,0
301690,Cobi Treasure Deluxe,0,0,0
301700,Numba Deluxe,0,0,0
301750,RADical ROACH Remastered,0,0,0
301860,Submerged,0,0,0
301910,Saints Row: Gat out of Hell,0,0,0
301970,Screencheat,0,0,0
302010,The Blue Flamingo,0,0,0
302060,Trucks & Trailers,0,0,0
302080,Bus Driver,0,0,0
302160,The Egyptian Prophecy: The Fate of Ramses,0,0,0
302190,Amerzone: The Explorer’s Legacy,0,0,0
302240,Chernobyl Commando,0,0,0
302250,Manhunter,0,0,0
302260,Truffle Saga,0,0,0
302310,Dungeon of Elements,0,0,0
302380,Floating Point,0,0,0
302510,Ryse: Son of Rome,0,0,0
302590,Of Guards And Thieves,0,0,0
302610,Boson X,0,0,0
302670,Call to Arms,0,0,0
302710,BlazeRush,0,0,0
302730,Namariel Legends: Iron Lord Premium Edition,0,0,0
302790,Momodora III,0,0,0
302830,BLOCKADE 3D,0,0,0
303210,The Beginner's Guide,0,0,0
303390,Dead Bits,0,0,0
303610,Suicide Guy,0,0,0
303790,Faery - Legends of Avalon,0,0,0
303800,The Witcher Adventure Game,0,0,0
304030,ArcheAge,0,0,0
304050,Trove,0,0,0
304240,Resident Evil / biohazard HD REMASTER,0,0,0
304350,Wildlife Park 2,0,0,0
304390,FOR HONOR™,0,0,0
304410,Hexcells Infinite,0,0,0
304430,INSIDE,0,0,0
304500,Rooms: The Main Building,0,0,0
304530,Agents of Mayhem,0,0,0
304650,SUNLESS SEA,0,0,0
304730,Train Fever,0,0,0
304930,Unturned,0,0,0
305260,Battle Islands,0,0,0
305380,Blue Estate The Game,0,0,0
305620,The Long Dark,0,0,0
305640,Shattered Planet,0,0,0
305980,Heavy Fire: Afghanistan,0,0,0
306020,Bloons TD 5,0,0,0
306040,The Howler,0,0,0
306130,The Elder Scrolls® Online,0,0,0
306350,Slipstream 5000,0,0,0
306410,Crystals of Time,0,0,0
306660,Ultimate General: Gettysburg,0,0,0
306670,Overlord: Fellowship of Evil,0,0,0
306680,Lexica,0,0,0
306760,Obduction,0,0,0
306930,BattleSpace,0,0,0
307050,Shan Gui (山桂),0,0,0
307070,Memories of a Vagabond,0,0,0
307090,Fancy Skulls,0,0,0
307110,We Need To Go Deeper,0,0,0
307170,Borealis,0,0,0
307230,"I, Zombie",0,0,0
307290,Velvet Sundown,0,0,0
307340,Platypus,0,0,0
307350,Nux,0,0,0
307580,Technobabylon,0,0,0
307590,Penarium,0,0,0
307620,Curses 'N Chaos,0,0,0
307640,Stick RPG 2: Director's Cut,0,0,0
307670,Hard West,0,0,0
307690,Sleeping Dogs: Definitive Edition,0,0,0
307760,Zoo Park,0,0,0
307780,Mortal Kombat X,0,0,0
307880,Savage Lands,0,0,0
307960,IL-2 Sturmovik: Battle of Stalingrad,0,0,0
308000,Gold Rush! Classic,0,0,0
308040,Back to Bed,0,0,0
308060,Black The Fall,0,0,0
308330,Lost Chronicles of Zerzura,0,0,0
308420,Ziggurat,0,0,0
308460,War in a Box: Paper Tanks,0,0,0
308580,Orborun,0,0,0
308600,Geneshift,0,0,0
310060,Knights of Pen and Paper 2,0,0,0
310070,The Nightmare Cooperative,0,0,0
310080,Hatoful Boyfriend,0,0,0
310360,Higurashi When They Cry Hou - Ch.1 Onikakushi,0,0,0
310370,The Way of Life Free Edition,0,0,0
310470,Grand Ages: Medieval,0,0,0
310510,Deathtrap,0,0,0
310560,DiRT Rally,0,0,0
310700,Super Win the Game,0,0,0
310740,NEON STRUCT,0,0,0
310790,Geometry Wars™ 3: Dimensions Evolved,0,0,0
310810,Shiftlings,0,0,0
310850,Onikira - Demon Killer,0,0,0
310890,Breach & Clear: Deadline Rebirth (2016),0,0,0
310950,Street Fighter V,0,0,0
311010,The Way,0,0,0
311210,Call of Duty®: Black Ops III,0,0,0
311240,Zero Escape: Zero Time Dilemma,0,0,0
311250,Doorways: The Underworld,0,0,0
311260,The Guild 3,0,0,0
311290,SpellForce 3,0,0,0
311310,Naval Action,0,0,0
311340,METAL GEAR SOLID V: GROUND ZEROES,0,0,0
311480,Vertical Drop Heroes HD,0,0,0
311560,Assassin’s Creed® Rogue,0,0,0
311690,Enter the Gungeon,0,0,0
311720,Sproggiwood,0,0,0
311730,DEAD OR ALIVE 5 Last Round: Core Fighters,0,0,0
311770,LEGO® Pirates of the Caribbean: The Video Game,0,0,0
311860,Data Hacker: Initiation,0,0,0
311870,Super Trench Attack!,0,0,0
312150,Wild Warfare,0,0,0
312280,Simply Chess,0,0,0
312370,"Warhammer 40,000: Armageddon",0,0,0
312450,Order of Battle: World War II,0,0,0
312520,Rain World,0,0,0
312530,Duck Game,0,0,0
312540,Ys VI: The Ark of Napishtim,0,0,0
312610,METAL SLUG X,0,0,0
312630,OTTTD,0,0,0
312640,Power-Up,0,0,0
312660,Sniper Elite 4,0,0,0
312670,Strange Brigade,0,0,0
312720,Khet 2.0,0,0,0
312750,FINAL FANTASY IV,0,0,0
312780,Way of the Samurai 4,0,0,0
312790,Agarest: Generations of War 2,0,0,0
312840,Fahrenheit: Indigo Prophecy Remastered,0,0,0
312970,My Ex-Boyfriend the Space Tyrant,0,0,0
312990,The Expendabros,0,0,0
313010,Cities XXL,0,0,0
313020,Soul Gambler,0,0,0
313080,The Masterplan,0,0,0
313120,Stranded Deep,0,0,0
313140,Blackbay Asylum,0,0,0
313160,Farming Simulator 15,0,0,0
313340,Mountain,0,0,0
313400,REVOLVER360 RE:ACTOR,0,0,0
313480,Blitzkrieg Anthology,0,0,0
313500,Blitzkrieg 2 Anthology,0,0,0
313630,The Solus Project,0,0,0
313650,Time Mysteries 2: The Ancient Spectres,0,0,0
313690,LEGO® Batman™ 3: Beyond Gotham,0,0,0
313730,Sunrider: Mask of Arcadius,0,0,0
313740,Sakura Spirit,0,0,0
313830,See No Evil,0,0,0
314000,Pool Nation FX Lite,0,0,0
314010,Boid,0,0,0
314020,Morphopolis,0,0,0
314030,Guilty Gear X2 #Reload,0,0,0
314070,Super Mega Baseball: Extra Innings,0,0,0
314160,Microsoft Flight Simulator X: Steam Edition,0,0,0
314250,Jet Gunner,0,0,0
314280,The Forgotten Ones,0,0,0
314410,Rampage Knights,0,0,0
314510,Fall of the New Age Premium Edition,0,0,0
314520,Euro Fishing,0,0,0
314660,Oddworld: New 'n' Tasty,0,0,0
314710,Mighty No. 9,0,0,0
314790,Silence,0,0,0
314810,Randal's Monday,0,0,0
314830,Blackguards 2,0,0,0
314970,Age of Conquest IV,0,0,0
315060,Bloop Reloaded,0,0,0
315330,All Guns On Deck,0,0,0
315430,Polarity,0,0,0
315460,Dig or Die,0,0,0
315810,eden*,0,0,0
315930,Bravada,0,0,0
316010,Magic Duels,0,0,0
316160,Broken Sword 4 - the Angel of Death,0,0,0
316390,sZone-Online,0,0,0
316430,Battle of Empires : 1914-1918,0,0,0
316480,Shadow Puppeteer,0,0,0
316600,QP Shooting - Dangerous!!,0,0,0
316720,planetarian ~the reverie of a little planet~,0,0,0
316790,Grim Fandango Remastered,0,0,0
317040,The Original Strife: Veteran Edition,0,0,0
317250,Airscape - The Fall of Gravity,0,0,0
317280,Solstice,0,0,0
317360,Double Action: Boogaloo,0,0,0
317380,War on Folvos,0,0,0
317410,Color Symphony,0,0,0
317470,Cubic Castles,0,0,0
317620,Space Hulk: Ascension,0,0,0
317710,Velocibox,0,0,0
317820,Guild of Dungeoneering,0,0,0
318020,Act of Aggression - Reboot Edition,0,0,0
318100,AXYOS,0,0,0
318130,Doom & Destiny,0,0,0
318220,Enforcer: Police Crime Action,0,0,0
318230,Convoy,0,0,0
318430,Squishy the Suicidal Pig,0,0,0
318530,Wings of Vi,0,0,0
318600,The Flame in the Flood,0,0,0
319050,Chaos Reborn,0,0,0
319140,Xeodrifter™,0,0,0
319180,Platypus II,0,0,0
319230,Gold Rush! Anniversary,0,0,0
319250,Magicmaker,0,0,0
319320,Time Mysteries 3: The Final Enigma,0,0,0
319450,Chariot,0,0,0
319470,Ninja Pizza Girl,0,0,0
319480,Odallus: The Dark Call,0,0,0
319510,Five Nights at Freddy's,0,0,0
319570,Heroes of SoulCraft - Arcade MOBA,0,0,0
319630,Life is Strange - Episode 1,0,0,0
319730,GRANADO ESPADA,0,0,0
319830,AX:EL - Air XenoDawn,0,0,0
319850,Bridge Constructor Medieval,0,0,0
319910,Trine 3: The Artifacts of Power,0,0,0
319970,The Detail,0,0,0
320040,Moon Hunters,0,0,0
320140,Absolute Drift,0,0,0
320150,Deadlings: Rotten Edition,0,0,0
320240,We Happy Few,0,0,0
320300,Car Mechanic Simulator 2015,0,0,0
320320,Darkstone,0,0,0
320340,Cosmonautica,0,0,0
320400,Magnifico,0,0,0
320540,Coffin Dodgers,0,0,0
320820,Toren,0,0,0
321030,One Day For Ched,0,0,0
321150,Melissa K. and the Heart of Gold Collector's Edition,0,0,0
321260,Wickland,0,0,0
321270,UNLOVED,0,0,0
321360,Primal Carnage: Extinction,0,0,0
321400,Supraball,0,0,0
321480,Sigils of Elohim,0,0,0
321800,Icewind Dale: Enhanced Edition,0,0,0
321840,Rising Angels: Reborn,0,0,0
321870,Silence of the Sleep,0,0,0
321920,Schein,0,0,0
321950,Yury,0,0,0
321960,Might & Magic® Heroes® VII,0,0,0
322110,20XX,0,0,0
322170,Geometry Dash,0,0,0
322190,SteamWorld Heist,0,0,0
322210,"Guns, Gore & Cannoli",0,0,0
322290,Gurumin: A Monstrous Adventure,0,0,0
322300,The Repopulation,0,0,0
322330,Don't Starve Together,0,0,0
322500,SUPERHOT,0,0,0
322540,Galactic Inheritors,0,0,0
322680,BLACKHOLE,0,0,0
322770,Vanishing Realms™,0,0,0
322780,Worlds Adrift,0,0,0
322850,Pro Cycling Manager 2015,0,0,0
322910,"Warhammer 40,000: Regicide",0,0,0
322970,Subject 13,0,0,0
323060,Tharsis,0,0,0
323190,Frostpunk,0,0,0
323220,Vagante,0,0,0
323280,Sea Legends: Phantasmal Light Collector's Edition,0,0,0
323320,Grow Home,0,0,0
323380,The Magic Circle,0,0,0
323460,Raiden IV: OverKill,0,0,0
323470,DRAGON BALL XENOVERSE,0,0,0
323580,Jotun: Valhalla Edition,0,0,0
323630,Ubinota,0,0,0
323720,Decay: The Mare,0,0,0
323850,Move or Die,0,0,0
324070,iO,0,0,0
324080,Rising World,0,0,0
324160,CLANNAD,0,0,0
324260,VoidExpanse,0,0,0
324310,Bus Simulator 16,0,0,0
324570,Halo: Spartan Strike,0,0,0
324650,Gemini: Heroes Reborn,0,0,0
324680,Impossible Creatures Steam Edition,0,0,0
324740,The Warlock of Firetop Mountain,0,0,0
324760,Monster Truck Destruction,0,0,0
324800,Shadow Warrior 2,0,0,0
324810,TOXIKK™,0,0,0
325090,Deep Dungeons of Doom,0,0,0
325180,AppGameKit: Easy Game Development,0,0,0
325370,Nova-111,0,0,0
325420,Homebrew - Patent Unknown,0,0,0
325610,Total War: ATTILA,0,0,0
326120,Horizon Shift,0,0,0
326160,Shroud of the Avatar: Forsaken Virtues,0,0,0
326180,Sinister City,0,0,0
326190,Alchemy Mysteries: Prague Legends,0,0,0
326340,River City Super Sports Challenge ~All Stars Special~,0,0,0
326360,Warspear Online,0,0,0
326410,Windward,0,0,0
326460,ShellShock Live,0,0,0
326480,If My Heart Had Wings,0,0,0
326670,Warhammer Quest,0,0,0
326730,Whisper of a Rose,0,0,0
326950,Sword of Asumi,0,0,0
326960,Killing Floor - Toy Master,0,0,0
327010,Motorama,0,0,0
327030,Worms W.M.D,0,0,0
327070,Gloria Victis,0,0,0
327090,Out of Reach,0,0,0
327140,Tilt Brush,0,0,0
327220,Anna's Quest,0,0,0
327310,The Marvellous Miss Take,0,0,0
327400,Sid Meier's Colonization (Classic),0,0,0
327410,A Bird Story,0,0,0
327510,WASTED,0,0,0
327640,CaesarIA,0,0,0
327860,Salt,0,0,0
327890,I am Bread,0,0,0
328080,Rise to Ruins,0,0,0
328100,Gunspell - Steam Edition,0,0,0
328270,Leviathan: The Last Day of the Decade,0,0,0
328500,Potatoman Seeks the Troof,0,0,0
328600,Frozen Synapse Prime,0,0,0
328760,SanctuaryRPG: Black Edition,0,0,0
329000,Data Hacker: Corruption,0,0,0
329020,Battlegrounds of Eldhelm,0,0,0
329050,Devil May Cry® 4 Special Edition,0,0,0
329110,Gems of War - Puzzle RPG,0,0,0
329130,Reassembly,0,0,0
329380,Stealth Inc 2: A Game of Clones,0,0,0
329430,State of Decay: YOSE,0,0,0
329440,Sonic Lost World,0,0,0
329460,JumpJet Rex,0,0,0
329490,Phantom Breaker: Battle Grounds,0,0,0
329830,The Moon Sliver,0,0,0
329860,Catlateral Damage,0,0,0
330180,Pix the Cat,0,0,0
330350,Robotex,0,0,0
330390,Grandia® II Anniversary Edition,0,0,0
330420,The Interactive Adventures of Dog Mendonça & Pizzaboy®,0,0,0
330570,Noct,0,0,0
330580,Shark Attack Deathmatch 2,0,0,0
330660,Luna's Wandering Stars,0,0,0
330820,2064: Read Only Memories,0,0,0
330830,Tales from the Borderlands,0,0,0
330990,Demon Hunter: Chronicles from Beyond,0,0,0
331120,Passing Pineview Forest,0,0,0
331190,Master Spy,0,0,0
331360,Heavy Metal Machines,0,0,0
331440,bit Dungeon II,0,0,0
331470,Everlasting Summer,0,0,0
331480,Pinstripe,0,0,0
331500,Executive Assault,0,0,0
331600,One Piece Pirate Warriors 3,0,0,0
331650,Carmageddon TDR 2000,0,0,0
331670,The Jackbox Party Pack,0,0,0
331690,Crossing Souls,0,0,0
331790,Data Hacker: Reboot,0,0,0
331870,AER Memories of Old,0,0,0
331980,Last Inua,0,0,0
332070,School of Dragons,0,0,0
332200,Axiom Verge,0,0,0
332310,LEGO® Worlds,0,0,0
332360,Spriter Pro,0,0,0
332480,Phoenix Force,0,0,0
332500,GRAV,0,0,0
332530,Shutshimi,0,0,0
332570,Amazing Frog?,0,0,0
332700,Mike was Сursed,0,0,0
332710,1Quest,0,0,0
332780,National Zombie Park,0,0,0
332790,Darkness Assault,0,0,0
332800,Five Nights at Freddy's 2,0,0,0
332950,Dark Deception,0,0,0
333120,Inside The Gear,0,0,0
333210,Kaiju-A-GoGo,0,0,0
333220,Cherry Tree High I! My! Girls!,0,0,0
333250,Forward to the Sky,0,0,0
333420,Cossacks 3,0,0,0
333600,NEKOPARA Vol. 1,0,0,0
333640,Caves of Qud,0,0,0
333930,Dirty Bomb®,0,0,0
333950,Medieval Engineers,0,0,0
333980,AKIBA'S TRIP: Undead ＆ Undressed,0,0,0
334030,Epic Arena,0,0,0
334040,Down To One,0,0,0
334070,Hektor,0,0,0
334210,Fortified,0,0,0
334230,Town of Salem,0,0,0
334300,Fake Colours,0,0,0
334420,Out There: Ω Edition,0,0,0
334920,Zero-K,0,0,0
335000,Tormentum - Dark Sorrow,0,0,0
335150,Magic Barrage - Bitferno,0,0,0
335240,Transformice,0,0,0
335300,DARK SOULS™ II: Scholar of the First Sin,0,0,0
335330,Brick-Force,0,0,0
335430,Grimoire: Manastorm,0,0,0
335620,Star Traders: Frontiers,0,0,0
335670,LISA,0,0,0
335700,I am Weapon: Revival,0,0,0
335820,Dream Of Mirror Online,0,0,0
335840,Goats on a Bridge,0,0,0
335900,Angels of Fasaria: Version 2.0,0,0,0
336040,Combat Monsters,0,0,0
336280,Chronicles of a Dark Lord: Episode 1 Tides of Fate Complete,0,0,0
336420,Bloodsports.TV,0,0,0
336520,Might & Magic Heroes Online,0,0,0
336610,Outcast 1.1,0,0,0
336670,HIT,0,0,0
337000,Deus Ex: Mankind Divided,0,0,0
337150,Sentinels of the Multiverse,0,0,0
337180,Velocity 2X,0,0,0
337320,Paint the Town Red,0,0,0
337340,Finding Paradise,0,0,0
337360,Dead Island Retro Revenge,0,0,0
337410,Karos,0,0,0
337420,Final Dusk,0,0,0
337630,Bermuda,0,0,0
337950,The SKIES,0,0,0
338050,Anoxemia,0,0,0
338120,Marble Duel,0,0,0
338130,Strategy & Tactics: Wargame Collection,0,0,0
338140,Venetica - Gold Edition,0,0,0
338170,Ratz Instagib,0,0,0
338180,Batla,0,0,0
338320,Pixel Heroes: Byte & Magic,0,0,0
338390,The Technomancer,0,0,0
338530,Trouble In The Manor,0,0,0
338540,Navy Field 2 : Conqueror of the Ocean,0,0,0
338550,Terra Lander,0,0,0
338810,Demise of Nations,0,0,0
339120,Fork Parker's Holiday Profit Hike,0,0,0
339160,Tales of the Orient: The Rising Sun,0,0,0
339190,Dead Synchronicity: Tomorrow Comes Today,0,0,0
339200,Oceanhorn: Monster of Uncharted Seas,0,0,0
339230,ZOMBI,0,0,0
339280,Strife®,0,0,0
339290,Castle,0,0,0
339340,Resident Evil 0 / biohazard 0 HD REMASTER,0,0,0
339350,Choice of Robots,0,0,0
339400,Runestone Keeper,0,0,0
339470,Retention,0,0,0
339580,Ember,0,0,0
339600,VEGA Conflict,0,0,0
339610,Freestyle 2: Street Basketball,0,0,0
339790,rFactor,0,0,0
339800,HuniePop,0,0,0
339820,Starwalker,0,0,0
340000,Headlander,0,0,0
340050,Survivalist,0,0,0
340070,Battle Ranch: Pigs vs Plants,0,0,0
340120,Moorhuhn (Crazy Chicken),0,0,0
340150,Basement,0,0,0
340170,FINAL FANTASY TYPE-0™ HD,0,0,0
340200,Bloop,0,0,0
340270,TIMEframe,0,0,0
340300,Teddy Floppy Ear - Mountain Adventure,0,0,0
340310,Teddy Floppy Ear - Kayaking,0,0,0
340320,Sinless + OST,0,0,0
340350,Quintet,0,0,0
340460,Spartans Vs Zombies Defense,0,0,0
340490,Subterrain,0,0,0
340540,TDP4:Team Battle,0,0,0
340730,Sunrider Academy,0,0,0
340810,Deepworld,0,0,0
340830,Razenroth,0,0,0
340860,RaidersSphere4th,0,0,0
341000,Mad Games Tycoon,0,0,0
341060,The Lady,0,0,0
341090,On A Roll 3D,0,0,0
341160,Steam Heroes,0,0,0
341310,Greyfox RPG,0,0,0
341500,Camera Obscura,0,0,0
341720,Among Ripples,0,0,0
341780,Chronicles of a Dark Lord: Episode II War of The Abyss,0,0,0
341800,Keep Talking and Nobody Explodes,0,0,0
341860,SickBrick,0,0,0
341940,Hatred,0,0,0
341980,Dispatcher,0,0,0
342020,BiT Evolution,0,0,0
342150,Games of Glory,0,0,0
342180,Arizona Sunshine,0,0,0
342200,MechWarrior Online™ Solaris 7,0,0,0
342230,Air Guardians,0,0,0
342260,Nevermind,0,0,0
342300,Zombie Kill of the Week - Reborn,0,0,0
342380,Sakura Angels,0,0,0
342480,Gunscape,0,0,0
342560,Airships: Conquer the Skies,0,0,0
342570,HIS (Heroes In the Sky),0,0,0
342580,12 Labours of Hercules,0,0,0
342620,"It came from space, and ate our brains",0,0,0
342630,Witch's Pranks: Frog's Fortune Collector's Edition,0,0,0
342640,Pixel Privateers,0,0,0
342970,Pixel Survivors,0,0,0
342980,Destination Sol,0,0,0
343100,Overture,0,0,0
343280,Zotrix,0,0,0
343340,Tiamat X,0,0,0
343360,Particula,0,0,0
343440,Crash Drive 2,0,0,0
343560,Bob Was Hungry,0,0,0
343630,CroNix,0,0,0
343710,Kholat,0,0,0
343740,InMind VR,0,0,0
343750,Firefly Online Cortex,0,0,0
343800,Shadowgate: MacVenture Series,0,0,0
343860,Tacoma,0,0,0
343930,Fort Defense,0,0,0
344040,Voxelized,0,0,0
344130,Cataegis : The White Wind,0,0,0
344190,Immortal Empire,0,0,0
344230,Pixel Puzzles 2: Birds,0,0,0
344300,Heckabomb,0,0,0
344740,CRYPTARK,0,0,0
344760,Reign Of Kings,0,0,0
344770,fault - milestone two side:above,0,0,0
344850,Big Pharma,0,0,0
344910,Sun Blast: Star Fighter,0,0,0
345060,Stay Alight,0,0,0
345090,Ancient Planet Tower Defense,0,0,0
345120,Vox Populi Vox Dei 2,0,0,0
345130,Dark Matter,0,0,0
345180,Victor Vran ARPG,0,0,0
345220,Agent Awesome,0,0,0
345240,SHOGUN: Total War™ - Collection,0,0,0
345260,Medieval: Total War™ - Collection,0,0,0
345350,LIGHTNING RETURNS™: FINAL FANTASY® XIII,0,0,0
345390,King's Quest,0,0,0
345440,Vapour,0,0,0
345580,Universal Combat CE,0,0,0
345650,Without Within,0,0,0
345660,RIDE,0,0,0
345820,Shantae and the Pirate's Curse,0,0,0
345920,The Note,0,0,0
346010,Besiege,0,0,0
346110,ARK: Survival Evolved,0,0,0
346120,Boring Man - Online Tactical Stickman Combat,0,0,0
346180,David.,0,0,0
346210,Garden Rescue,0,0,0
346250,The Old Tree,0,0,0
346330,BrainBread 2,0,0,0
346560,Hero of the Kingdom II,0,0,0
346630,Plazma Being,0,0,0
346750,Merchant,0,0,0
346810,Marble Age,0,0,0
346830,FINAL FANTASY IV: THE AFTER YEARS,0,0,0
346900,AdVenture Capitalist,0,0,0
346940,Shadowrun: Hong Kong - Extended Edition,0,0,0
346950,The Dark Stone from Mebara,0,0,0
347030,The Bluecoats: North vs South,0,0,0
347160,Steredenn,0,0,0
347290,Rise & Shine,0,0,0
347430,Frankenstein: Master of Death,0,0,0
347510,Rats - Time is running out!,0,0,0
347560,Terra Incognita ~ Chapter One: The Descendant,0,0,0
347620,Gaokao.Love.100Days,0,0,0
347830,Fairy Fencer F,0,0,0
348020,Bloodbath Kavkaz,0,0,0
348250,Google Earth VR,0,0,0
348360,Doodle God,0,0,0
348450,Lex Mortis,0,0,0
348460,Bierzerkers,0,0,0
348550,GUILTY GEAR XX ACCENT CORE PLUS R,0,0,0
348620,Voices from the Sea,0,0,0
348700,Walkover,0,0,0
348710,Saint Seiya: Soldiers' Soul,0,0,0
348790,Wooden Floor,0,0,0
348870,Night Mysteries: The Amphora Prisoner,0,0,0
348950,Ame no Marginal -Rain Marginal-,0,0,0
348960,Odysseus: Long Way Home,0,0,0
349040,NARUTO SHIPPUDEN: Ultimate Ninja STORM 4,0,0,0
349140,Corrosion: Cold Winter Waiting [Enhanced Edition],0,0,0
349440,The Undying Plague,0,0,0
349500,Cubicle Quest,0,0,0
349720,Audition Online,0,0,0
350010,Time Mysteries: Inheritance - Remastered,0,0,0
350020,The Gate,0,0,0
350080,Wolfenstein: The Old Blood,0,0,0
350640,Sherlock Holmes: The Devil's Daughter,0,0,0
350700,Red Stone Online,0,0,0
350740,The Bug Butcher,0,0,0
350810,Pixel Puzzles 2: Anime,0,0,0
350970,Planet of the Eyes,0,0,0
350990,Bloodwood Reload,0,0,0
351030,Pixel Puzzles Ultimate,0,0,0
351090,Regency Solitaire,0,0,0
351100,Niffelheim,0,0,0
351140,Rustbucket Rumble,0,0,0
351150,DRAGON: A Game About a Dragon,0,0,0
351250,Avalanche 2: Super Avalanche,0,0,0
351290,SURVIVAL,0,0,0
351470,Sometimes: Success Requires Sacrifice,0,0,0
351490,Intergalactic Bubbles,0,0,0
351510,Quiplash,0,0,0
351630,Fire With Fire Tower Attack and Defense,0,0,0
351640,Eternal Senia,0,0,0
351710,Hyperdimension Neptunia Re;Birth2: Sisters Generation / 超次次元ゲイム ネプテューヌRe;Birth2 / 超次次元遊戲 戰機少女 重生2,0,0,0
351790,Invisible Apartment,0,0,0
351800,Dev Guy,0,0,0
351820,Z.A.R.,0,0,0
351860,Cultures - Northland,0,0,0
351870,Cultures - 8th Wonder of the World,0,0,0
351910,Valhalla Hills,0,0,0
351920,Crazy Machines 3,0,0,0
351940,The Descendant,0,0,0
351970,Tales of Zestiria,0,0,0
351990,Riff Racer - Race Your Music!,0,0,0
352160,Curse of Mermos,0,0,0
352400,LEGO® Jurassic World,0,0,0
352460,Dead Realm,0,0,0
352520,The Silent Age,0,0,0
352550,Urban Empire,0,0,0
352700,Subspace Continuum,0,0,0
352720,The Universim,0,0,0
353130,Time of Dragons,0,0,0
353270,Hyperdimension Neptunia Re;Birth3 V Generation / 神次次元ゲイム ネプテューヌRe;Birth3 V CENTURY / 神次次元遊戲 戰機少女 重生3 Ｖ世紀,0,0,0
353360,how do you Do It?,0,0,0
353550,House of Caravan,0,0,0
353560,Plug & Play,0,0,0
353640,Train Valley,0,0,0
353700,The Deadly Tower of Monsters,0,0,0
354030,VolChaos,0,0,0
354140,Five Nights at Freddy's 3,0,0,0
354200,Aberoth,0,0,0
354240,"Please, Don’t Touch Anything",0,0,0
354290,LoveBeat,0,0,0
354380,Assassin’s Creed® Chronicles: China,0,0,0
354430,STAR WARS™ - X-Wing Special Edition,0,0,0
354640,The Settlers Online,0,0,0
354860,The Adventures of Tree,0,0,0
354920,Pester,0,0,0
355050,Sky Force Anniversary,0,0,0
355070,TDP5 Arena 3D,0,0,0
355180,Codename CURE,0,0,0
355250,STAR WARS™: TIE Fighter Special Edition,0,0,0
355410,Radium,0,0,0
355430,//SNOWFLAKE TATTOO//,0,0,0
355500,Leadwerks Game Launcher,0,0,0
355520,The Albino Hunter,0,0,0
355530,Last Word,0,0,0
355790,Styx: Shards of Darkness,0,0,0
355800,Space Run Galaxy,0,0,0
355840,Survarium,0,0,0
355920,Pixel Puzzles 2: Space,0,0,0
355980,Dungeon Warfare,0,0,0
356040,Sheltered,0,0,0
356050,Beyond Eyes,0,0,0
356070,Commander Cool 2,0,0,0
356130,Heroes of Scene,0,0,0
356190,Middle-earth™: Shadow of War™,0,0,0
356310,METAL SLUG DEFENSE,0,0,0
356370,Soccer Manager 2015,0,0,0
356400,Thumper,0,0,0
356420,Interloper,0,0,0
356500,STAR WARS™ Galactic Battlegrounds Saga,0,0,0
356520,Port of Call,0,0,0
356570,Party Hard,0,0,0
356650,Death's Gambit,0,0,0
356670,Spooky's Jump Scare Mansion,0,0,0
357070,UBERMOSH,0,0,0
357190,ULTIMATE MARVEL VS. CAPCOM 3,0,0,0
357290,Red Lake,0,0,0
357300,Snakebird,0,0,0
357310,Oriental Empires,0,0,0
357500,Rumble Fighter: Unleashed,0,0,0
357770,The District,0,0,0
357780,Defend Your Life: TD,0,0,0
357900,Make it indie!,0,0,0
358080,No Turning Back: The Pixel Art Action-Adventure Roguelike,0,0,0
358090,D4: Dark Dreams Don’t Die -Season One-,0,0,0
358130,Curious Expedition,0,0,0
358190,Blake Stone: Aliens of Gold,0,0,0
358200,Math Rescue,0,0,0
358250,Cosmo's Cosmic Adventure,0,0,0
358260,Crystal Caves,0,0,0
358270,Death Rally (Classic),0,0,0
358290,Hocus Pocus,0,0,0
358310,Blake Stone: Planet Strike,0,0,0
358350,Secret Agent,0,0,0
358360,Raptor: Call of the Shadows (1994 Classic Edition),0,0,0
358370,Terminal Velocity,0,0,0
358380,Wacky Wheels,0,0,0
358610,Exowar,0,0,0
358750,Sunrider: Liberation Day - Captain's Edition,0,0,0
359050,Shower With Your Dad Simulator 2015: Do You Still Shower With Your Dad,0,0,0
359100,Q.U.B.E. 2,0,0,0
359190,Rituals,0,0,0
359310,Evoland 2,0,0,0
359320,Elite Dangerous,0,0,0
359350,Defunct,0,0,0
359390,Amnesia™: Memories,0,0,0
359550,Tom Clancy's Rainbow Six® Siege,0,0,0
359580,Uncanny Valley,0,0,0
359600,Assassin’s Creed® Chronicles: Russia,0,0,0
359800,Copa Petrobras de Marcas,0,0,0
359870,FINAL FANTASY X/X-2 HD Remaster,0,0,0
359900,The Incredible Adventures of Van Helsing III,0,0,0
359960,Choice Chamber,0,0,0
360010,Remnants Of Isolation,0,0,0
360150,How To Survive: Third Person Standalone,0,0,0
360170,How to Survive 2,0,0,0
360380,Tiny Bridge: Ratventure,0,0,0
360430,Mafia III,0,0,0
360620,Spellsworn,0,0,0
360640,12 Labours of Hercules II: The Cretan Bull,0,0,0
360650,12 Labours of Hercules III: Girl Power,0,0,0
360730,Cards and Castles,0,0,0
360740,Downwell,0,0,0
360830,Yooka-Laylee,0,0,0
360850,Electric Circuit,0,0,0
360870,Ultimate Tic-Tac-Toe,0,0,0
360890,The Lost Valley,0,0,0
360940,The Mean Greens - Plastic Warfare,0,0,0
360970,Heaven Forest NIGHTS,0,0,0
361190,Sparkle 3 Genesis,0,0,0
361280,Turmoil,0,0,0
361300,Mother Russia Bleeds,0,0,0
361420,ASTRONEER,0,0,0
361600,Luna Sky,0,0,0
361620,True Bliss,0,0,0
361630,404Sight,0,0,0
361670,STAR WARS™ - X-Wing Alliance™,0,0,0
361690,STAR WARS™ X-Wing vs TIE Fighter - Balance of Power Campaigns™,0,0,0
361800,Tree of Life,0,0,0
361850,Portal of Evil: Stolen Runes Collector's Edition,0,0,0
361990,Lakeview Cabin Collection,0,0,0
362400,Regimental Chess,0,0,0
362490,Exanima,0,0,0
362610,High On Racing,0,0,0
362620,Software Inc.,0,0,0
362680,Fran Bow,0,0,0
362890,Black Mesa,0,0,0
362930,Garfield Kart,0,0,0
362960,Tyranny,0,0,0
363130,Toukiden: Kiwami,0,0,0
363150,ROMANCE OF THE THREE KINGDOMS XIII / 三國志13,0,0,0
363330,Mind Snares: Alice's Journey,0,0,0
363440,Mega Man Legacy Collection / ロックマン クラシックス コレクション,0,0,0
363490,Escape Machines,0,0,0
363600,Holy Potatoes! A Weapon Shop?!,0,0,0
363610,Botology,0,0,0
363620,Tea Party Simulator 2015™,0,0,0
363680,Battlefleet Gothic: Armada,0,0,0
363890,RPG Maker MV,0,0,0
363930,Dead Age,0,0,0
363970,Clicker Heroes,0,0,0
364050,Face It - A game to fight inner demons,0,0,0
364360,Total War: WARHAMMER,0,0,0
364420,Roguelands,0,0,0
364470,The Elder Scrolls®: Legends™,0,0,0
364640,FreeCell Quest,0,0,0
364690,SUPER DISTRO,0,0,0
364740,Magi,0,0,0
364910,Redemption: Saints And Sinners,0,0,0
364930,Koi-Koi Japan [Hanafuda playing cards],0,0,0
365050,Escape,0,0,0
365070,One Manga Day,0,0,0
365160,Kona,0,0,0
365270,Shadow Hunter,0,0,0
365300,Transmissions: Element 120,0,0,0
365310,Organ Biker,0,0,0
365360,Battle Brothers,0,0,0
365450,Hacknet,0,0,0
365590,Tom Clancy’s The Division™,0,0,0
365660,OlliOlli2: Welcome to Olliwood,0,0,0
365770,Volume,0,0,0
365960,rFactor 2,0,0,0
366090,Colony Survival,0,0,0
366220,Wurm Unlimited,0,0,0
366250,METAL SLUG,0,0,0
366260,METAL SLUG 2,0,0,0
366320,Seasons after Fall,0,0,0
366760,Adorables,0,0,0
366800,Mainland,0,0,0
366890,Zombie Zoeds,0,0,0
366910,The Long Journey Home,0,0,0
367120,Seduce Me the Otome,0,0,0
367270,Angels Fall First,0,0,0
367450,Poly Bridge,0,0,0
367500,Dragon's Dogma: Dark Arisen,0,0,0
367520,Hollow Knight,0,0,0
367570,oO,0,0,0
367580,Hook,0,0,0
367600,Skyshine's BEDLAM,0,0,0
367670,Controller Companion,0,0,0
368070,Sniper Ghost Warrior 3,0,0,0
368080,Aurion: Legacy of the Kori-Odan,0,0,0
368230,Kingdom: Classic,0,0,0
368340,CrossCode,0,0,0
368360,60 Seconds!,0,0,0
368370,Her Story,0,0,0
368390,The Darkside Detective,0,0,0
368500,Assassin's Creed® Syndicate,0,0,0
368590,Albert and Otto,0,0,0
368720,Sirius,0,0,0
368730,No Time To Explain Remastered,0,0,0
368950,Jigoku Kisetsukan: Sense of the Seasons,0,0,0
368990,Despair,0,0,0
369000,Pongo,0,0,0
369030,Vinyl,0,0,0
369070,Slain: Back from Hell,0,0,0
369400,Let the Cat in,0,0,0
369420,9 Clues 2: The Ward,0,0,0
369580,NotTheNameWeWanted,0,0,0
369990,"Gremlins, Inc.",0,0,0
370090,Axis Football 2015,0,0,0
370300,8-Bit Adventures: The Forgotten Journey Remastered Edition,0,0,0
370360,TIS-100,0,0,0
370510,Marble Mayhem: Fragile Ball,0,0,0
370770,Holodrive,0,0,0
370910,Kathy Rain,0,0,0
371180,Super 3-D Noah's Ark,0,0,0
371200,Halcyon 6: Starbase Commander,0,0,0
371210,Gridberd,0,0,0
371330,Two Digits,0,0,0
371390,Flix The Flea,0,0,0
371420,Teddy Floppy Ear - The Race,0,0,0
371510,Gunnheim,0,0,0
371520,Bounty Train,0,0,0
371570,Tap Heroes,0,0,0
371660,Far Cry® Primal,0,0,0
371670,Rolling Sun,0,0,0
371970,Barony,0,0,0
372000,Tree of Savior (English Ver.),0,0,0
372190,Astro Lords: Oort Cloud,0,0,0
372360,Tales of Symphonia,0,0,0
372540,The Lost Mythologies,0,0,0
372750,Girl Amazon Survival,0,0,0
372800,RPG MO,0,0,0
372820,Shot In The Dark,0,0,0
373180,Kung Fury: Street Rage,0,0,0
373290,Stones of Sorrow,0,0,0
373330,All Is Dust,0,0,0
373420,Divinity: Original Sin - Enhanced Edition,0,0,0
373480,1993 Space Machine,0,0,0
373720,Ryzom,0,0,0
373770,LiEat,0,0,0
373930,Sudden Strike 4,0,0,0
373970,Letter Quest: Grimm's Journey Remastered,0,0,0
373990,Metrico+,0,0,0
374030,Virginia,0,0,0
374040,Portal Knights,0,0,0
374280,Hired Ops,0,0,0
374320,DARK SOULS™ III,0,0,0
374670,Ember Strike,0,0,0
374830,Defend The Highlands,0,0,0
374900,Agatha Christie - The ABC Murders,0,0,0
375010,Energy Balance,0,0,0
375200,Sakura Fantasy,0,0,0
375220,Bitweb,0,0,0
375230,"Warhammer 40,000: Eternal Crusade",0,0,0
375450,NOBUNAGA'S AMBITION: Sphere of Influence - Ascension / 信長の野望･創造 戦国立志伝,0,0,0
375460,16bit Trader,0,0,0
375480,Chronicon,0,0,0
375510,New kind of adventure,0,0,0
375520,Taimumari,0,0,0
375600,Air Brawl,0,0,0
375620,CortexGear: AngryDroids,0,0,0
375680,Apartment 666,0,0,0
375820,Human Resource Machine,0,0,0
375850,Island Defense,0,0,0
375900,Trackmania® Turbo,0,0,0
375910,Anno 2205™,0,0,0
375950,Viridi,0,0,0
376140,SAGA,0,0,0
376210,The Isle,0,0,0
376300,GUILTY GEAR Xrd -SIGN-,0,0,0
376870,Minecraft: Story Mode - A Telltale Games Series,0,0,0
377160,Fallout 4,0,0,0
377260,Unearned Bounty,0,0,0
377290,Biodrone Battle,0,0,0
377310,The Tower Of Elements,0,0,0
377330,Close Your Eyes [Old Version],0,0,0
377360,Western Press,0,0,0
377430,Who Is Mike - A Visual Novel,0,0,0
377530,侠客风云传(Tale of Wuxia),0,0,0
377600,Tcheco in the Castle of Lucio,0,0,0
377680,Sakura Beach,0,0,0
377710,Idol Magical Girl Chiru Chiru Michiru Part 1,0,0,0
377720,Idol Magical Girl Chiru Chiru Michiru Part 2,0,0,0
377840,FINAL FANTASY IX,0,0,0
377900,Empire TV Tycoon,0,0,0
378100,Nyctophobia,0,0,0
378270,Putrefaction,0,0,0
378300,The Knobbly Crook,0,0,0
378370,Nomad,0,0,0
378480,Badland Bandits,0,0,0
378540,The Surge,0,0,0
378610,Valley,0,0,0
378720,Thea: The Awakening,0,0,0
378860,Project CARS 2,0,0,0
379290,Sumo Revise,0,0,0
379430,Kingdom Come: Deliverance,0,0,0
379640,Bloo Kid 2,0,0,0
379720,DOOM,0,0,0
379870,Alteil: Horizons,0,0,0
380020,Three Heroes,0,0,0
380140,The Secret of Tremendous Corporation,0,0,0
380150,STASIS,0,0,0
380360,Tap Tap Infinity,0,0,0
380580,SpaceCorn,0,0,0
380600,Fishing Planet,0,0,0
380840,Teeworlds,0,0,0
381120,Shoppe Keep,0,0,0
381140,Cruel Arena,0,0,0
381210,Dead by Daylight,0,0,0
381560,Epic Cards Battle(TCG),0,0,0
381640,Allods Online RU,0,0,0
381780,80 Days,0,0,0
381940,Trials on Tatooine,0,0,0
382000,Mindshow,0,0,0
382050,Eon Altar,0,0,0
382080,Action Alien,0,0,0
382110,Virtual Desktop,0,0,0
382120,Journey To The Center Of The Earth,0,0,0
382140,SKYHILL,0,0,0
382300,Kidnapped,0,0,0
382310,Eco,0,0,0
382490,Relic Hunters Zero,0,0,0
382570,Glass Wing,0,0,0
382890,FINAL FANTASY V,0,0,0
382900,FINAL FANTASY VI,0,0,0
383080,Sakura Clicker,0,0,0
383120,Empyrion - Galactic Survival,0,0,0
383150,Dead Island Definitive Edition,0,0,0
383180,Dead Island: Riptide Definitive Edition,0,0,0
383230,Dungeon Souls,0,0,0
383270,Hue,0,0,0
383330,Star Chronicles: Delta Quadrant,0,0,0
383460,Sound of Drop - fall into poison -,0,0,0
383520,Lilly and Sasha: Guardian Angels,0,0,0
383560,Squarelands,0,0,0
383580,Flesh Eaters,0,0,0
383790,The Ship: Remasted,0,0,0
383870,Firewatch,0,0,0
383930,Doorways: Holy Mountains of Flesh,0,0,0
383980,Rivals of Aether,0,0,0
384030,Florensia,0,0,0
384110,Pathologic Classic HD,0,0,0
384180,Prominence Poker,0,0,0
384190,ABZU,0,0,0
384250,Super Rude Bear Resurrection,0,0,0
384300,CPUCores :: Maximize Your FPS,0,0,0
384360,Fingered,0,0,0
384490,NECROPOLIS: BRUTAL EDITION,0,0,0
384500,Zombie Party,0,0,0
384570,Zanzarah: The Hidden Portal,0,0,0
384630,Aviary Attorney,0,0,0
384740,CAT Interstellar,0,0,0
384960,Vengeance,0,0,0
384980,Battle for Blood - Epic battles within 30 seconds!,0,0,0
385070,Atonement: Scourge of Time,0,0,0
385080,Guardians of Victoria,0,0,0
385240,Ultimate Arena,0,0,0
385250,Paint it Back,0,0,0
385260,Lamia Must Die,0,0,0
385270,Jet Racing Extreme: The First Encounter,0,0,0
385370,Radiator 2: Anniversary Edition,0,0,0
385380,Planet Centauri,0,0,0
385400,Weapons Genius,0,0,0
385530,Астролорды: Облако Оорта,0,0,0
385560,Shadow Complex Remastered,0,0,0
385710,INK,0,0,0
385730,WWE 2K16,0,0,0
385760,NBA 2K17,0,0,0
385770,Time Clickers,0,0,0
385800,NEKOPARA Vol. 0,0,0,0
385830,Burgers,0,0,0
386070,Planetary Annihilation: TITANS,0,0,0
386180,Crossout,0,0,0
386260,Microcosmum: survival of cells,0,0,0
386360,SMITE®,0,0,0
386480,Blood Code,0,0,0
386490,Wanda - A Beautiful Apocalypse,0,0,0
386510,Pyramid Raid,0,0,0
386620,"Cook, Serve, Delicious! 2!!",0,0,0
386640,Affected Zone Tactics,0,0,0
386880,Rake,0,0,0
386940,Ultimate Chicken Horse,0,0,0
387290,Ori and the Blind Forest: Definitive Edition,0,0,0
387340,Hyperdimension Neptunia U: Action Unleashed,0,0,0
387450,Shadow of Kingdoms,0,0,0
387840,Alpha Runner,0,0,0
387860,the static speaks my name,0,0,0
387930,The Tape,0,0,0
387970,Clown House (Palyaço Evi),0,0,0
387990,Scrap Mechanic,0,0,0
388050,Snik,0,0,0
388060,The Escapists: The Walking Dead,0,0,0
388090,Five Nights at Freddy's 4,0,0,0
388120,Spakoyno: Back to the USSR 2.0,0,0,0
388210,Day of the Tentacle Remastered,0,0,0
388320,1979 Revolution: Black Friday,0,0,0
388370,Nova Blitz,0,0,0
388390,"""Glow Ball"" - The billiard puzzle game",0,0,0
388410,Darksiders II Deathinitive Edition,0,0,0
388420,In Between,0,0,0
388490,One Way To Die: Steam Edition,0,0,0
388750,BlazBlue: Chronophantasma Extend,0,0,0
388880,Oxenfree,0,0,0
389170,A Lenda do Herói - O Herói desta Canção,0,0,0
389270,Through Abandoned: The Underground City,0,0,0
389400,The chronicles of Emerland. Solitaire.,0,0,0
389430,Knight Online,0,0,0
389530,Garlock Online,0,0,0
389570,Mitos.is: The Game,0,0,0
389700,My Bones,0,0,0
389730,TEKKEN 7,0,0,0
390040,Small Radios Big Televisions,0,0,0
390100,9Dragons,0,0,0
390290,Bulb Boy,0,0,0
390340,Umbrella Corps™/Biohazard Umbrella Corps™,0,0,0
390570,Three Digits,0,0,0
390670,Steel Ocean,0,0,0
390880,Redemption: Eternal Quest,0,0,0
390910,Collisions,0,0,0
390970,Russian Horror Story,0,0,0
391040,F1 2016,0,0,0
391070,Stellar 2D,0,0,0
391220,Rise of the Tomb Raider™,0,0,0
391260,Labyronia RPG,0,0,0
391270,Fingerbones,0,0,0
391300,Double Cubes,0,0,0
391420,Gun Rocket,0,0,0
391460,WARMODE,0,0,0
391540,Undertale,0,0,0
391580,Egyptian Senet,0,0,0
391720,Layers of Fear,0,0,0
391730,Crashlands,0,0,0
391740,Blaster Shooter GunGuy!,0,0,0
391780,Uebergame,0,0,0
392110,Endless Space® 2,0,0,0
392160,X4: Foundations,0,0,0
392450,Silver Creek Falls: Chapter 1,0,0,0
392820,Wild Island Quest,0,0,0
392950,Lost Lands: A Hidden Object Adventure,0,0,0
393380,Squad,0,0,0
393410,World of Soccer online,0,0,0
393420,Hurtworld,0,0,0
393430,Ice Lakes,0,0,0
393520,Iconoclasts,0,0,0
393530,Insanity Clicker,0,0,0
393930,RoShamBo,0,0,0
393980,Pretty Girls Mahjong Solitaire,0,0,0
394120,Atom Universe,0,0,0
394130,Water Bears VR,0,0,0
394160,ARCADE GAME SERIES: PAC-MAN,0,0,0
394230,Battleborn,0,0,0
394310,Punch Club,0,0,0
394360,Hearts of Iron IV,0,0,0
394510,HELLDIVERS™ A New Hell Edition,0,0,0
394540,Spaceport Hope,0,0,0
394680,Mountain Crime: Requital,0,0,0
394690,Tower Unite,0,0,0
394760,Dead Effect 2,0,0,0
394870,Office Battle,0,0,0
394970,DEADBOLT,0,0,0
395170,DISTRAINT: Deluxe Edition,0,0,0
395200,Ben and Ed,0,0,0
395380,ANKI,0,0,0
395520,Missing Translation,0,0,0
395570,We Are The Dwarves,0,0,0
396030,InCell VR,0,0,0
396060,The Rose and I,0,0,0
396280,Anarchy Online,0,0,0
396360,LocoSoccer,0,0,0
396480,Battlevoid: Harbinger,0,0,0
396530,Fireflies,0,0,0
396750,EVERSPACE™,0,0,0
396790,Dracula's Legacy,0,0,0
396850,Chronicles of the Witches and Warlocks,0,0,0
396900,GRIP: Combat Racing,0,0,0
397040,Sphere III: Rage of the Devastator,0,0,0
397060,Faeria,0,0,0
397100,MachineCraft,0,0,0
397270,A Kiss For The Petals - Remembering How We Met,0,0,0
397340,SimplePlanes,0,0,0
397430,Zoombinis,0,0,0
397460,The Jackbox Party Pack 2,0,0,0
397500,Labyronia RPG 2,0,0,0
397690,Hyperspace Invaders II: Pixel Edition,0,0,0
397700,Urizen Shadows of the Cold Deluxe Frosty Edition,0,0,0
397720,Romance of the Three Kingdoms Maker / 三国志ツクール,0,0,0
397900,Business Tour - Board Game with Online Multiplayer,0,0,0
397950,Clustertruck,0,0,0
397980,Invasion,0,0,0
398450,Absent,0,0,0
398680,Ace Of Words,0,0,0
398710,Timberman,0,0,0
398840,War of Beach,0,0,0
398850,Epistory - Typing Chronicles,0,0,0
399230,Kitchen Simulator 2015,0,0,0
399430,Tinboy,0,0,0
399520,Comedy Quest,0,0,0
399670,Game Corp DX,0,0,0
399780,Expand,0,0,0
399790,Destiny Warriors RPG,0,0,0
399810,Call of Cthulhu®,0,0,0
399820,Kopanito All-Stars Soccer,0,0,0
399890,The Secret Order 2: Masked Intent,0,0,0
400030,Cloney,0,0,0
400110,Else Heart.Break(),0,0,0
400170,The Incredible Adventures of Van Helsing: Final Cut,0,0,0
400180,Okhlos: Omega,0,0,0
400240,The Deer,0,0,0
400250,Heaven Island - VR MMO,0,0,0
400370,Normality,0,0,0
400630,Wuppo,0,0,0
400740,VERGE:Lost chapter,0,0,0
400910,Rabi-Ribi,0,0,0
401190,Dinosaur Hunt,0,0,0
401680,POSTAL Redux,0,0,0
401710,Flinthook,0,0,0
402020,The Park,0,0,0
402130,FlatOut 4: Total Insanity,0,0,0
402180,Sakura Swim Club,0,0,0
402220,Lift It,0,0,0
402330,Press X to Not Die,0,0,0
402390,Hyperdrive Massacre,0,0,0
402430,Out of the Park Baseball 17,0,0,0
402530,The Last Door: Season 2 - Collector's Edition,0,0,0
402560,Tabletopia,0,0,0
402570,Atlas Reactor,0,0,0
402710,Osiris: New Dawn,0,0,0
402840,Crusaders of the Lost Idols,0,0,0
402890,Nyctophilia,0,0,0
403120,THE GAME OF LIFE,0,0,0
403190,Planetbase,0,0,0
403290,Burly Men at Sea,0,0,0
403400,ARCADE GAME SERIES: DIG DUG,0,0,0
403430,ARCADE GAME SERIES: GALAGA,0,0,0
403510,Fairy Tale Mysteries 2: The Beanstalk,0,0,0
403560,Eaten Alive,0,0,0
403570,Stigmat,0,0,0
403640,Dishonored 2,0,0,0
403740,GabeN: The Final Decision,0,0,0
403900,Clergy Splode,0,0,0
403950,Conquest of Elysium 4,0,0,0
403970,The Dwarves,0,0,0
403980,World Ship Simulator,0,0,0
404410,Endless Sky,0,0,0
404480,SC2VN - The eSports Visual Novel,0,0,0
404540,Nex Machina,0,0,0
404580,Relive,0,0,0
404590,Vikings - Wolves of Midgard,0,0,0
404620,The Political Machine 2016,0,0,0
404640,Game Tycoon 2,0,0,0
404680,Hob,0,0,0
404700,Curvatron,0,0,0
404770,SUPERFIGHT,0,0,0
404790,Godot Engine,0,0,0
405310,LEGO® MARVEL's Avengers,0,0,0
405500,Dangerous Golf,0,0,0
405610,Flight of the Paladin,0,0,0
405640,Pony Island,0,0,0
405710,Staxel,0,0,0
405720,Perfect Universe - Play with Gravity,0,0,0
405820,Turok,0,0,0
405830,Turok 2: Seeds of Evil,0,0,0
405900,Disgaea PC / 魔界戦記ディスガイア PC,0,0,0
405950,Lowglow,0,0,0
405980,Legend of Dungeon: Masters,0,0,0
406090,Lost Moon,0,0,0
406150,Refunct,0,0,0
406290,Twilight Struggle,0,0,0
406730,"1,000 Heads Among the Trees",0,0,0
406870,Eventide: Slavic Fable,0,0,0
406970,The Uncertain: Last Quiet Day,0,0,0
407060,AltspaceVR—The Social VR App,0,0,0
407120,Soccer Manager 2016,0,0,0
407230,Legend of Mysteria RPG,0,0,0
407300,The Last NightMary - A Lenda do Cabeça de Cuia,0,0,0
407330,Sakura Dungeon,0,0,0
407560,Killing Room,0,0,0
407810,Hard Reset Redux,0,0,0
407840,Guardians of Orion (Phase 1),0,0,0
407900,Princess Remedy in a World of Hurt,0,0,0
407980,Sakura Beach 2,0,0,0
408110,Planet R-12,0,0,0
408410,X-Morph: Defense,0,0,0
408760,Pro Cycling Manager 2016,0,0,0
408930,ePic Character Generator,0,0,0
409100,The Purring Quest,0,0,0
409160,"Dr. Langeskov, The Tiger, and The Terribly Cursed Emerald: A Whirlwind Heist",0,0,0
409380,Among the Heavens,0,0,0
409420,Knight Adventure,0,0,0
409510,Genesis Online,0,0,0
409600,Contract With The Devil,0,0,0
409670,Pink Hour,0,0,0
409690,Pink Heaven,0,0,0
409710,BioShock™ Remastered,0,0,0
409720,BioShock™ 2 Remastered,0,0,0
410110,12 is Better Than 6,0,0,0
410210,Ampersand,0,0,0
410320,EARTH DEFENSE FORCE 4.1 The Shadow of New Despair,0,0,0
410340,Liftoff: FPV Drone Racing,0,0,0
410380,HEX: Shards of Fate,0,0,0
410670,Suits: A Business RPG,0,0,0
410710,System Shock: Enhanced Edition,0,0,0
410820,Starward Rogue,0,0,0
410850,DRAGON QUEST HEROES™ Slime Edition,0,0,0
410900,Forts,0,0,0
410970,Master of Orion 1,0,0,0
410980,Master of Orion 2,0,0,0
410990,Master of Orion 3,0,0,0
411000,Sorcery! Parts 1 and 2,0,0,0
411120,Galaxy Admirals,0,0,0
411300,ELEX,0,0,0
411370,Melty Blood Actress Again Current Code,0,0,0
411480,BATTLECREW™ Space Pirates,0,0,0
411560,Reveal The Deep,0,0,0
411740,Yet Another World,0,0,0
411820,The FOO Show featuring Will Smith,0,0,0
411830,SENRAN KAGURA SHINOVI VERSUS,0,0,0
411960,TY the Tasmanian Tiger,0,0,0
412130,Era of Majesty,0,0,0
412140,Electric Highways,0,0,0
412150,Midsummer Night,0,0,0
412170,City of Chains,0,0,0
412210,Warfront Defenders: Westerplatte,0,0,0
412290,The Dreamlord,0,0,0
412400,GASP,0,0,0
412470,Metal War Online: Retribution,0,0,0
412520,Evil Defenders,0,0,0
412600,Lup,0,0,0
412740,Audioshield,0,0,0
412830,STEINS;GATE,0,0,0
412880,Drift Streets Japan,0,0,0
413150,Stardew Valley,0,0,0
413410,Danganronpa: Trigger Happy Havoc,0,0,0
413420,Danganronpa 2: Goodbye Despair,0,0,0
413710,Blood and Gold: Caribbean!,0,0,0
414070,Shut Up And Dig,0,0,0
414080,Life is Hard,0,0,0
414290,Princess.Loot.Pixel.Again,0,0,0
414340,Hellblade: Senua's Sacrifice,0,0,0
414530,Skyforge,0,0,0
414580,Uriel's Chasm 2: את,0,0,0
414660,Vampire Legends: The True Story of Kisilova,0,0,0
414700,Outlast 2,0,0,0
414720,Astrox: Hostile Space Excavation,0,0,0
414730,Epic Clicker Journey,0,0,0
414950,Star Nomad 2,0,0,0
415030,One More Dungeon,0,0,0
415200,Motorsport Manager,0,0,0
415270,Star Crusade CCG,0,0,0
415350,Shooting Stars!,0,0,0
415480,Hyperdevotion Noire: Goddess Black Heart (Neptunia),0,0,0
415590,Earthfall,0,0,0
415660,Tiger Knight,0,0,0
415830,Gnomes Garden,0,0,0
415840,Mystic Saga,0,0,0
415860,Tactical Craft Online,0,0,0
415960,Energy Cycle,0,0,0
416040,CLASH,0,0,0
416080,The Odyssey: Winds of Athena,0,0,0
416170,HotLead,0,0,0
416210,Block'hood,0,0,0
416450,Emporea: Realms of War and Magic,0,0,0
416590,Emily Wants To Play,0,0,0
416600,Full Metal Furies,0,0,0
416610,The Growth Journey,0,0,0
416670,Gunslingers,0,0,0
416680,Zombie Night Terror,0,0,0
416690,Oh...Sir! Prototype,0,0,0
417290,Ghost of a Tale,0,0,0
417430,Moto Racer  4,0,0,0
417860,Emily is Away,0,0,0
417890,Apotheon Arena,0,0,0
417910,Street Warriors Online,0,0,0
418030,Subsistence,0,0,0
418070,Turbo Pug,0,0,0
418160,Garden Rescue: Christmas Edition,0,0,0
418180,Tempest: Pirate Action RPG,0,0,0
418240,Shadow Tactics: Blades of the Shogun,0,0,0
418340,RWBY: Grimm Eclipse,0,0,0
418370,RESIDENT EVIL 7 biohazard / BIOHAZARD 7 resident evil,0,0,0
418460,Rising Storm 2: Vietnam,0,0,0
418610,Swiftly,0,0,0
418650,Space Pirate Trainer,0,0,0
418950,DreadOut: Keepers of The Dark,0,0,0
419480,Starpoint Gemini Warlords,0,0,0
420060,Candle,0,0,0
420110,NEKOPARA Vol. 2,0,0,0
420210,KRUM - Edge Of Darkness,0,0,0
420290,Blackwake,0,0,0
420360,Spectrum,0,0,0
420530,OneShot,0,0,0
420740,The Deed,0,0,0
420790,StarBreak,0,0,0
420880,I must kill...: Fresh Meat,0,0,0
420970,RoBoRumble,0,0,0
421020,DiRT 4,0,0,0
421040,Plantera,0,0,0
421050,Deponia Doomsday,0,0,0
421120,Samorost 3,0,0,0
421670,CUPID - A free to play Visual Novel,0,0,0
421700,Sakura Santa,0,0,0
421740,Goetia,0,0,0
422100,Heaven Island Life,0,0,0
422250,ShipLord,0,0,0
422420,Godus Wars,0,0,0
422630,Metaverse Construction Kit,0,0,0
422810,River City Ransom: Underground,0,0,0
422870,Super Duper Flying Genocide 2017,0,0,0
422970,Devil Daggers,0,0,0
423230,Furi,0,0,0
423550,Day D: Tower Rush,0,0,0
423580,Project Highrise,0,0,0
423710,Invasion: Brain Craving,0,0,0
423760,Hit Tank PRO,0,0,0
423810,Marooners,0,0,0
423880,Carpe Diem,0,0,0
423890,Gods and Idols,0,0,0
423900,Dinocide,0,0,0
423950,Deadlight: Director's Cut,0,0,0
424000,Project Pulsation,0,0,0
424030,War of Rights,0,0,0
424280,Iron Snout,0,0,0
424370,Wolcen: Lords of Mayhem,0,0,0
424780,Imperia Online,0,0,0
424830,Bell Ringer,0,0,0
424840,Little Nightmares,0,0,0
425210,Shadwen,0,0,0
425220,One Piece Burning Blood,0,0,0
425410,Road to Ballhalla,0,0,0
425580,The Room Two,0,0,0
425670,Seraph,0,0,0
426000,HunieCam Studio,0,0,0
426690,Narcissu 10th Anniversary Anthology Project,0,0,0
426790,Grow Up,0,0,0
427100,Fernbus Simulator,0,0,0
427190,DEAD RISING®,0,0,0
427250,8-Bit Armies,0,0,0
427290,Vampyr,0,0,0
427470,Democracy 3 Africa,0,0,0
427520,Factorio,0,0,0
427730,Who's Your Daddy,0,0,0
427780,PERFECT ANGLE: The puzzle game based on optical illusions,0,0,0
427820,Hitman GO: Definitive Edition,0,0,0
427930,Army of Tentacles: (Not) A Cthulhu Dating Sim,0,0,0
427980,Aozora Meikyuu,0,0,0
428510,Solitaire Christmas. Match 2 Cards,0,0,0
428550,Momodora: Reverie Under The Moonlight,0,0,0
428630,White Mirror,0,0,0
428690,Youtubers Life,0,0,0
428750,Neon Chrome,0,0,0
428870,Take the Dream IX,0,0,0
428900,"Linea, the Game",0,0,0
428950,"Kivi, Toilet and Shotgun",0,0,0
429050,Feed and Grow: Fish,0,0,0
429180,Project CARS - Pagani Edition,0,0,0
429300,Sepia Tears,0,0,0
429330,Stikbold! A Dodgeball Adventure,0,0,0
429470,Space Pilgrim Episode I: Alpha Centauri,0,0,0
429540,Prime World: Defenders 2,0,0,0
429610,The Emerald Maiden: Symphony of Dreams,0,0,0
429660,Tales of Berseria™,0,0,0
429680,Spellweaver,0,0,0
429700,Squirbs,0,0,0
429790,AdventureQuest 3D,0,0,0
429940,The Sad Story of Emmeline Burns,0,0,0
430080,Elysium: Blood Games,0,0,0
430210,Megaton Rainfall,0,0,0
430960,Lucy -The Eternity She Wished For-,0,0,0
431180,WolfQuest,0,0,0
431220,Porradaria 2: Pagode of the Night,0,0,0
431240,Golf With Your Friends,0,0,0
431250,Mushroom Wars,0,0,0
431500,Clash of the Monsters,0,0,0
431540,Frosty Kiss,0,0,0
431560,Hard Room,0,0,0
431600,Automobilista,0,0,0
431640,Doodle Kingdom,0,0,0
431710,Space Pilgrim Episode II: Epsilon Indi,0,0,0
431960,Wallpaper Engine,0,0,0
431990,Locked-in syndrome,0,0,0
432020,What's under your blanket !?,0,0,0
432100,Negligee,0,0,0
432170,Silver Knight,0,0,0
432290,Elemental Heroes,0,0,0
432350,Epic Battle Fantasy 5,0,0,0
432470,Magdalena,0,0,0
433210,Rhino's Rage,0,0,0
433340,Slime Rancher,0,0,0
433350,BlackShot: Mercenary Warfare FPS,0,0,0
433530,Heliborne,0,0,0
433850,Z1 Battle Royale,0,0,0
433910,Neon Drive,0,0,0
433950,Bit Blaster XL,0,0,0
434020,Last Hope - Tower Defense,0,0,0
434050,Duke Nukem 3D: 20th Anniversary World Tour,0,0,0
434170,The Jackbox Party Pack 3,0,0,0
434210,It's Spring Again,0,0,0
434250,Masked Shooters 2,0,0,0
434260,My Name is Mayo,0,0,0
434430,Abbot's Book Demo,0,0,0
434460,Rock of Ages 2: Bigger & Boulder™,0,0,0
434510,Formicide,0,0,0
434520,Simutrans,0,0,0
434570,Blood and Bacon,0,0,0
434650,Lost Castle,0,0,0
434730,Half Dead,0,0,0
434890,Eight Mini Racers,0,0,0
435030,Lost Lands: Mahjong,0,0,0
435120,Rusty Lake Hotel,0,0,0
435150,Divinity: Original Sin 2 - Definitive Edition,0,0,0
435400,Hidden Folks,0,0,0
435440,Galaxy Control: 3D Strategy,0,0,0
435530,The Final Station,0,0,0
436110,Medusa's Labyrinth,0,0,0
436150,Governor of Poker 3,0,0,0
436160,The Panic Room,0,0,0
436180,Spacelords,0,0,0
436320,Raw Data,0,0,0
436520,Line of Sight,0,0,0
436820,Waltz of the Wizard,0,0,0
437160,The Lion's Song: Episode 1 - Silence,0,0,0
437390,HoPiKo,0,0,0
437400,SOLRAVEN,0,0,0
437570,GoNNER,0,0,0
437890,AuroraRL,0,0,0
437900,Party Jousting,0,0,0
437920,Tricky Towers,0,0,0
438020,AI: Rampage,0,0,0
438030,Dead6hot,0,0,0
438040,Shakes and Fidget,0,0,0
438080,Surfingers,0,0,0
438100,VRChat,0,0,0
438140,Star Realms,0,0,0
438180,Super Mustache,0,0,0
438270,Learn Japanese To Survive! Hiragana Battle,0,0,0
438420,Zenith,0,0,0
438480,Rock 'N' Roll Defense,0,0,0
438490,GOD EATER 2 Rage Burst,0,0,0
438600,Soccer Manager,0,0,0
438640,LEGO® STAR WARS™: The Force Awakens,0,0,0
438680,One Troll Army,0,0,0
438740,Friday the 13th: The Game,0,0,0
438790,Random Access Murder,0,0,0
438920,Legends of Callasia,0,0,0
439190,Stories: The Path of Destinies,0,0,0
439250,Space Pilgrim Episode III: Delta Pavonis,0,0,0
439370,Midair,0,0,0
439550,'n Verlore Verstand,0,0,0
439910,Risky Rescue,0,0,0
439920,Royal Heroes,0,0,0
439940,Lucid9: Inciting Incident,0,0,0
440540,Ara Fell,0,0,0
440630,The Brookhaven Experiment,0,0,0
440650,Niche - a genetics survival game,0,0,0
440730,Survival Zombies The Inverted Evolution,0,0,0
440740,Tap Tap Legions - Epic battles within 5 seconds!,0,0,0
440760,Cube Destroyer,0,0,0
440880,The Count Lucanor,0,0,0
440900,Conan Exiles,0,0,0
440950,Story Of the Survivor,0,0,0
441380,PAC-MAN™ CHAMPIONSHIP EDITION 2,0,0,0
441550,STAR WARS™ Rebellion,0,0,0
441790,Fragmented,0,0,0
441830,I am Setsuna,0,0,0
441870,OutDrive,0,0,0
442000,Alone K.W.,0,0,0
442070,Drawful 2,0,0,0
442080,Riders of Icarus,0,0,0
442120,Pinball FX3,0,0,0
442500,Age of Gladiators,0,0,0
442780,STRAFE: Millennium Edition,0,0,0
442810,UFO Online: Invasion,0,0,0
443110,Armored Warfare,0,0,0
443580,Antenna,0,0,0
443810,This Is the Police,0,0,0
443880,Loot Rascals,0,0,0
443940,Unknown Battle,0,0,0
444090,Paladins®,0,0,0
444160,Bonsai,0,0,0
444200,World of Tanks Blitz MMO,0,0,0
444220,Asteroid Bounty Hunter,0,0,0
444250,Crown and Council,0,0,0
444260,Mindless Running,0,0,0
444290,28 Waves Later,0,0,0
444410,Find Out,0,0,0
444480,Broken Dreams,0,0,0
444490,POLYWAR,0,0,0
444620,SpellKnights,0,0,0
444640,Bloons TD Battles,0,0,0
444720,Inexistence,0,0,0
444770,Mimpi Dreams,0,0,0
444790,Abandoned Knight,0,0,0
444930,Zaccaria Pinball,0,0,0
445130,The Average Everyday Adventures of Samantha Browne,0,0,0
445190,Expeditions: Viking,0,0,0
445220,Avorion,0,0,0
445230,Lost girl`s [diary],0,0,0
445720,Battle Islands: Commanders,0,0,0
445980,Wizard of Legend,0,0,0
446020,Jalopy - The Road Trip Driving Indie Car Game (公路旅行驾驶游戏),0,0,0
446150,GUNS UP!,0,0,0
446380,Sophie's Curse,0,0,0
446620,Zombie Training Simulator,0,0,0
446640,Space Pilgrim Episode IV: Sol,0,0,0
446770,Skeet: VR Target Shooting,0,0,0
446780,AMOK,0,0,0
446790,Diluvion: Resubmerged,0,0,0
446800,Transport Fever,0,0,0
446990,The Huntsman: Winter's Curse,0,0,0
447020,Farming Simulator 17,0,0,0
447040,Watch_Dogs® 2,0,0,0
447270,IKEA VR Experience,0,0,0
447530,VA-11 Hall-A: Cyberpunk Bartender Action,0,0,0
447570,Regeria Hope Episode 1,0,0,0
447820,Day of Infamy,0,0,0
447850,The Next Door,0,0,0
447890,Cat on a Diet,0,0,0
447920,Drift (Over) Drive,0,0,0
447940,Brine,0,0,0
447970,Envoy,0,0,0
448000,Sparkle ZERO,0,0,0
448070,Red Risk,0,0,0
448250,NUKED KNIGHT,0,0,0
448260,Cubium Dreams,0,0,0
448280,Job Simulator,0,0,0
448310,Bitardia Cards: Memes of 2ch,0,0,0
448350,Case #8,0,0,0
448440,Bizarre Earthquake,0,0,0
448470,Bacteria,0,0,0
448510,Overcooked,0,0,0
448570,Origin Of Destiny: Crimson Awakening,0,0,0
448610,Draw Rider,0,0,0
448630,Rabiez: Epidemic,0,0,0
448660,Shake Your Money Simulator 2016,0,0,0
448710,VirZOOM Arcade,0,0,0
448780,Sixtieth Kilometer,0,0,0
448980,The Divergent Series: Allegiant VR,0,0,0
449000,Steno Arcade,0,0,0
449020,The Bottom of the Well,0,0,0
449040,Jesus Christ RPG Trilogy,0,0,0
449050,Rock Paper Scissors Champion,0,0,0
449130,ENGAGE,0,0,0
449140,Istrolid,0,0,0
449200,Calcu-Late,0,0,0
449220,A grande bagunça espacial - The big space mess,0,0,0
449440,The Big Elk,0,0,0
449470,Atulos Online,0,0,0
449530,Grand Pigeon's Duty,0,0,0
449540,There's Poop In My Soup,0,0,0
449760,Tenrow,0,0,0
449800,Attack on Titan / A.O.T. Wings of Freedom,0,0,0
449940,! That Bastard Is Trying To Steal Our Gold !,0,0,0
449960,Book of Demons,0,0,0
450190,MAZE LORD,0,0,0
450220,Overload Playable Teaser 3.0,0,0,0
450390,The Lab,0,0,0
450540,"Hot Dogs, Horseshoes & Hand Grenades",0,0,0
450670,Table Top Racing: World Tour,0,0,0
451020,Battle Chasers: Nightwar,0,0,0
451130,Khan: Absolute Power,0,0,0
451340,Gold Rush: The Game,0,0,0
451520,theBlu,0,0,0
451760,Highway Blossoms,0,0,0
451830,One way to exit,0,0,0
451880,Catch a Falling Star,0,0,0
451980,The Body VR: Journey Inside a Cell,0,0,0
452060,Caveblazers,0,0,0
452230,Spellstone,0,0,0
452490,The Cubicle.,0,0,0
452710,Realities,0,0,0
453000,Wave Beta,0,0,0
453090,Parkitect,0,0,0
453100,Frederic: Resurrection of Music Director's Cut,0,0,0
453270,Madness Cubed,0,0,0
453480,Shadowverse CCG,0,0,0
453670,The Lost Souls,0,0,0
453820,Hero Quest: Tower Conflict,0,0,0
453850,Dear RED - Extended,0,0,0
453890,Black Rose,0,0,0
453960,Envy the Dead,0,0,0
453980,Airstrike HD,0,0,0
454040,Jackal,0,0,0
454060,Blueprint Tycoon,0,0,0
454080,Burst,0,0,0
454150,Voxel Warfare Online,0,0,0
454180,CrazyCars3D,0,0,0
454200,Neon Hardcorps,0,0,0
454540,LuckCatchers,0,0,0
454600,Age of Cavemen,0,0,0
454650,DRAGON BALL XENOVERSE 2,0,0,0
454690,Cyber City 2157: The Visual Novel,0,0,0
454870,Magic Quest,0,0,0
454890,Project Starship,0,0,0
454910,Twin Saga,0,0,0
454930,Under Zero,0,0,0
455020,Jackpot Poker by PokerStars,0,0,0
455400,PAC-MAN 256,0,0,0
455440,Spell Fighter VR,0,0,0
455710,Project RPG Remastered,0,0,0
455910,STAR WARS™: Rogue Squadron 3D,0,0,0
455980,Judgment: Apocalypse Survival Simulation,0,0,0
456540,STAR WARS™: Rebel Assault I + II,0,0,0
456670,Hand of Fate 2,0,0,0
456750,The Room Three,0,0,0
456810,Zombillie,0,0,0
457140,Oxygen Not Included,0,0,0
457210,SEUM: Speedrunners from Hell,0,0,0
457330,High Octane Drift,0,0,0
457420,Surgeon Simulator VR: Meet The Medic,0,0,0
457440,Watch This!,0,0,0
457490,"Forgotten, Not Lost - A Kinetic Novel",0,0,0
457550,Bigscreen Beta,0,0,0
457590,Luna Online: Reborn,0,0,0
457670,Vrideo,0,0,0
457820,Outrage,0,0,0
457960,Holopoint,0,0,0
458470,Grim Legends 3: The Dark City,0,0,0
458480,Mythic Wonders: The Philosopher's Stone,0,0,0
458560,Plastic Playground,0,0,0
458590,ABE VR,0,0,0
458600,ZRoll,0,0,0
458710,Kingdom Rush Frontiers,0,0,0
458940,The Atomy,0,0,0
459100,Epsilon corp.,0,0,0
459160,Allods Online My.com,0,0,0
459220,Halo Wars: Definitive Edition,0,0,0
459820,Crush Crush,0,0,0
460060,Varenje,0,0,0
460120,Megadimension Neptunia VII,0,0,0
460700,Song of the Deep,0,0,0
460790,Bayonetta,0,0,0
460810,Vanquish,0,0,0
460850,Allumette,0,0,0
460920,Steep™,0,0,0
460930,Tom Clancy's Ghost Recon® Wildlands,0,0,0
460950,Katana ZERO,0,0,0
460960,The Deed: Dynasty,0,0,0
461010,Roll'd,0,0,0
461140,Klabi,0,0,0
461180,SurrealVR,0,0,0
461520,Grizzly Valley,0,0,0
461560,MANDAGON,0,0,0
461640,Sins Of The Demon RPG,0,0,0
461690,Iron Impact,0,0,0
461720,Tank Blast,0,0,0
461730,Blaite,0,0,0
461750,Ghoul Kid,0,0,0
461820,Legionwood 1: Tale of the Two Swords,0,0,0
461840,Zenge,0,0,0
461850,Abrix the robot,0,0,0
461880,Hyposphere,0,0,0
461890,NORTH,0,0,0
461910,Forge of Gods (RPG),0,0,0
461950,Beat Cop,0,0,0
461970,Skyreach,0,0,0
462030,BitRay,0,0,0
462110,3 Coins At School,0,0,0
462200,Dungetris,0,0,0
462220,Mahjong Deluxe 3,0,0,0
462770,Pyre,0,0,0
462780,Darksiders Warmastered Edition,0,0,0
462930,AdVenture Communist,0,0,0
462960,Caveman World: Mountains of Unga Boonga,0,0,0
463000,Hero Battle,0,0,0
463040,Experience,0,0,0
463050,The Pit And The Pendulum,0,0,0
463060,Clover Tale,0,0,0
463100,Liveza: Death of the Earth,0,0,0
463110,Farnham Fables,0,0,0
463150,BARRIER X,0,0,0
463180,Super Blue Fighter,0,0,0
463210,State of Anarchy,0,0,0
463220,Dungeon of Zolthan,0,0,0
463270,Ghost 1.0,0,0,0
463390,One Thousand Lies,0,0,0
463530,Empires of the Undergrowth,0,0,0
463550,Neon Space ULTRA,0,0,0
463710,Puzzle Galaxies,0,0,0
463930,The Dweller,0,0,0
464060,RUINER,0,0,0
464340,Syberia 3,0,0,0
464540,Colosse,0,0,0
464700,Maui,0,0,0
464760,Bibou,0,0,0
464780,ChuSingura46+1 S,0,0,0
464800,Twisted Worlds,0,0,0
464920,Surviving Mars,0,0,0
464960,Hiiro,0,0,0
465240,Serious Sam VR: The Last Hope,0,0,0
465520,PRICE,0,0,0
465650,Out of the Park Baseball 18,0,0,0
465710,Heroes Tactics,0,0,0
465760,Scrap Garden,0,0,0
466170,Idling to Rule the Gods,0,0,0
466240,Deceit,0,0,0
466300,Planescape: Torment: Enhanced Edition,0,0,0
466500,35MM,0,0,0
466560,Northgard,0,0,0
466580,GOD's DEATH,0,0,0
466660,Stash,0,0,0
466720,Vintage VR,0,0,0
466730,King's Guard TD,0,0,0
466790,PixBit,0,0,0
466840,Super Space Pug,0,0,0
466860,上帝之城 I：监狱帝国 [City of God I - Prison Empire],0,0,0
466890,Z.I.O.N.,0,0,0
466910,Worm.is: The Game,0,0,0
466940,The Sandbox Evolution - Craft a 2D Pixel Universe!,0,0,0
467000,Insincere,0,0,0
467310,Rogue Port - Red Nightmare,0,0,0
467360,Off-Peak,0,0,0
467370,Escape This,0,0,0
467380,Khimera: Destroy All Monster Girls,0,0,0
467390,Approaching Blocks,0,0,0
467950,Survive in Space,0,0,0
467960,Home Behind,0,0,0
468320,Mini Golf Mundo,0,0,0
468490,Neon Space,0,0,0
468530,A Date in the Park,0,0,0
468560,Blind Trust,0,0,0
468700,NVIDIA® VR Funhouse,0,0,0
468920,Ultimate Fishing Simulator,0,0,0
469600,Legion TD 2,0,0,0
469610,Rick and Morty: Virtual Rick-ality,0,0,0
469650,Disney Movies VR,0,0,0
469730,Super Mega Neo Pug,0,0,0
469790,Linelight,0,0,0
469820,Genital Jousting,0,0,0
469830,Fable Fortune,0,0,0
469890,Space Codex,0,0,0
469990,NEKOPALIVE,0,0,0
470130,Eclipse --- Defending the motherland,0,0,0
470220,UNO,0,0,0
470260,Event[0],0,0,0
470270,Tribal Pass,0,0,0
470600,Video blogger Story,0,0,0
470740,Demolish & Build 2017,0,0,0
471330,VERSUS SQUAD,0,0,0
471550,Nine Parchments,0,0,0
471630,Rexodus: A VR Story Experience,0,0,0
471710,Rec Room,0,0,0
471910,Soul of the Devil,0,0,0
472060,Ortus Regni,0,0,0
472680,Elisa: The Innkeeper - Prequel,0,0,0
473140,BomberZone,0,0,0
473470,Purgatory,0,0,0
473520,Autumn,0,0,0
473560,Cosmic Dust & Rust,0,0,0
473670,The Dolls: Reborn,0,0,0
473690,Absolver,0,0,0
473710,EeOneGuy Adventure,0,0,0
473730,Physic Monster,0,0,0
473740,Crystal City,0,0,0
473770,BallisticNG,0,0,0
473810,Killbot,0,0,0
474010,The NADI Project,0,0,0
474030,The Abbey of Crime Extensum,0,0,0
474050,Candy Blast,0,0,0
474750,Reigns,0,0,0
474820,The Magical Silence,0,0,0
474830,Time in Time,0,0,0
474960,Quantum Break,0,0,0
475150,Titan Quest Anniversary Edition,0,0,0
475190,Scanner Sombre,0,0,0
475220,Kabitis,0,0,0
475430,Kimulator : Fight for your destiny,0,0,0
475550,Beholder,0,0,0
476360,Strike Vector EX,0,0,0
476460,Picross Touch,0,0,0
476480,Heaven Forest - VR MMO,0,0,0
476540,Google Spotlight Stories: Pearl,0,0,0
476600,Call of Duty®: WWII,0,0,0
477130,Surge,0,0,0
477160,Human: Fall Flat,0,0,0
477200,Descent: Road to Legend,0,0,0
477270,Lightblade VR,0,0,0
477290,Magma Tsunami,0,0,0
477770,Ride 2,0,0,0
477870,Yomawari: Night Alone / 夜廻,0,0,0
477980,Overhell,0,0,0
478010,ABC Coloring Town,0,0,0
478980,Mansions of Madness,0,0,0
479260,Cuties,0,0,0
480430,Hide and Shriek,0,0,0
480490,Prey,0,0,0
480640,Pathfinder Adventures,0,0,0
480650,Yu-Gi-Oh! Legacy of the Duelist,0,0,0
481510,Night in the Woods,0,0,0
482120,Beater Spirit,0,0,0
482390,The Night Cafe: A VR Tribute to Vincent Van Gogh,0,0,0
482890,Fantasy Kingdom Simulator,0,0,0
482920,Hero Zero,0,0,0
483980,Mad Father,0,0,0
484830,Deep Blue 3D Maze,0,0,0
484900,Aven Colony,0,0,0
484950,Evil Maze,0,0,0
485000,Cthulhu Realms,0,0,0
485220,The Orb Chambers™,0,0,0
485310,Head Shot,0,0,0
485330,Star Drifter,0,0,0
485350,Winter Novel,0,0,0
485370,Mad Combat Marines,0,0,0
485380,Welcome to the Game,0,0,0
485390,Machine Made: Rebirth,0,0,0
485410,Alien Run,0,0,0
485420,Wolf Simulator,0,0,0
485450,Ninja Stealth,0,0,0
485510,Nioh: Complete Edition / 仁王 Complete Edition,0,0,0
485560,POPixel,0,0,0
485580,24 HOURS,0,0,0
485610,Ball 3D: Soccer Online,0,0,0
485650,Campaign Clicker,0,0,0
485730,Shift,0,0,0
485870,Super Duper Party Pooper,0,0,0
485950,Rise of the Ancients,0,0,0
485980,Syrian Warfare,0,0,0
486150,Radical Spectrum: Volume 1,0,0,0
486310,Meadow,0,0,0
486360,Timore Inferno,0,0,0
486480,Tales of Destruction,0,0,0
486780,Fruit Ninja VR,0,0,0
487120,Citadel: Forged with Fire,0,0,0
487180,The Lords of the Earth Flame,0,0,0
487220,Freebie,0,0,0
487270,Go Mission: Space Travel,0,0,0
487350,Pirate Pop Plus,0,0,0
487370,Akin,0,0,0
487430,KARAKARA,0,0,0
487530,Simple Ball: Extended Edition,0,0,0
487600,Puzzles Under The Hill,0,0,0
487700,Conan the mighty pig,0,0,0
487720,Agony,0,0,0
488210,JDM Tuner Racing,0,0,0
488310,Eleven: Table Tennis VR,0,0,0
488440,Angeldust,0,0,0
488790,South Park™: The Fractured But Whole™,0,0,0
489000,The Infinite Black,0,0,0
489020,iGrow Game,0,0,0
489140,Mr. Shifty,0,0,0
489220,Unforgiving Trials: The Darkest Crusade,0,0,0
489360,CASE: Animatronics,0,0,0
489460,The Last Leviathan,0,0,0
489520,Minion Masters,0,0,0
489560,Astroflux,0,0,0
489630,"Warhammer 40,000: Gladius - Relics of War",0,0,0
489830,The Elder Scrolls V: Skyrim Special Edition,0,0,0
489890,Puzzles At Mystery Manor,0,0,0
489900,Bayla Bunny,0,0,0
489940,BATTALION 1944,0,0,0
490220,Prismata,0,0,0
490230,SWARMRIDERS,0,0,0
490820,Fly O'Clock,0,0,0
490840,Gnomes & Goblins (preview),0,0,0
490940,Darconika: The Cube of Soul,0,0,0
490980,Daily Chthonicle: Editor's Edition,0,0,0
491040,Bot Vice,0,0,0
491080,BoneBone: Rise of the Deathlord,0,0,0
491130,Red Trigger,0,0,0
491170,Crazy Forest,0,0,0
491260,Take Thy Throne,0,0,0
491530,Notruf 112 | Emergency Call 112,0,0,0
491580,Mahjong Destiny,0,0,0
491650,Reset 1-1,0,0,0
491730,Heavenly Battle,0,0,0
491950,Orwell: Keeping an Eye On You,0,0,0
492130,"Bye-Bye, Wacky Planet",0,0,0
492630,Bear With Me - Episode One,0,0,0
492720,Tropico 6,0,0,0
492800,Shonen Idle Z,0,0,0
493200,RiME,0,0,0
493280,WALLSLIDE,0,0,0
493340,Planet Coaster,0,0,0
493490,City Car Driving,0,0,0
493650,Deep Space Dash,0,0,0
493700,Monster Puzzle,0,0,0
493710,Laraan,0,0,0
493730,HardCube,0,0,0
493760,Fairyland: Incursion,0,0,0
493810,Jonah's Path,0,0,0
493840,Marvel vs. Capcom: Infinite,0,0,0
493900,Dungeons 3,0,0,0
494720,Morphblade,0,0,0
494740,Police Quest™ Collection,0,0,0
495110,Enigmatis 3: The Shadow of Karkhala,0,0,0
495120,The Braves & Bows,0,0,0
495140,NARUTO: Ultimate Ninja STORM,0,0,0
495280,Disgaea 2 PC / 魔界戦記ディスガイア2 PC,0,0,0
495350,Woodle Tree 2: Worlds,0,0,0
495700,Gabriel Knight: Sins of the Father®,0,0,0
495780,Hexoscope,0,0,0
495890,Montaro,0,0,0
495910,Dungeon Fighter Online,0,0,0
496190,Senza Peso,0,0,0
496240,Onward,0,0,0
496300,Kingdom: New Lands,0,0,0
496460,Life is Feudal: Forest Village,0,0,0
496500,Moon Colonization Project,0,0,0
496620,Monster Slayers,0,0,0
496680,SweatShop,0,0,0
496750,The Housewife,0,0,0
496760,The Beast Within: A Gabriel Knight® Mystery,0,0,0
496810,MegaTagmension Blanc + Neptune VS Zombies (Neptunia),0,0,0
496870,Inverted,0,0,0
496890,Replica,0,0,0
497050,Shape Shifter,0,0,0
497100,FootRock,0,0,0
497180,Street Legal Racing: Redline v2.3.1,0,0,0
497350,Conclusion,0,0,0
497360,"Gabriel Knight® 3: Blood of the Sacred, Blood of the Damned",0,0,0
497400,1 Moment Of Time: Silentville,0,0,0
497640,Trick & Treat,0,0,0
497730,The Wardrobe,0,0,0
497820,Quanero VR,0,0,0
497860,Zezenia Online,0,0,0
497940,Destiny of Ancient Kingdoms™,0,0,0
498030,Barnyard Mahjong 3,0,0,0
498240,Batman - The Telltale Series,0,0,0
498320,Trolley Gold,0,0,0
498600,MSI Electric City,0,0,0
498660,Mind Spheres,0,0,0
499420,Star Fields,0,0,0
499440,klocki,0,0,0
499520,The Turing Test,0,0,0
499890,Aaero,0,0,0
499960,The Sunset,0,0,0
500150,Time Gap,0,0,0
500670,Tormentor❌Punisher,0,0,0
500810,Arcanum: Of Steamworks and Magick Obscura,0,0,0
500980,Endangered,0,0,0
501080,Fishing: Barents Sea,0,0,0
501180,Acan's Call: Act 1,0,0,0
501300,What Remains of Edith Finch,0,0,0
501590,Bulletstorm: Full Clip Edition,0,0,0
501760,Francisca,0,0,0
501830,The Orb Chambers II,0,0,0
501900,Star Project,0,0,0
501920,Totem,0,0,0
501930,Sig.NULL,0,0,0
501970,Phantasmagoria 2: A Puzzle of Flesh,0,0,0
501990,Phantasmagoria,0,0,0
502090,Invisible Mind,0,0,0
502130,Ctrl CV,0,0,0
502140,Drayt Empire,0,0,0
502400,Redactem,0,0,0
502500,ACE COMBAT™ 7: SKIES UNKNOWN,0,0,0
502520,Ultimate General: Civil War,0,0,0
502550,Strike.is: The Game,0,0,0
502750,Quest for Glory 1-5,0,0,0
502800,SENRAN KAGURA ESTIVAL VERSUS,0,0,0
502820,Batman™: Arkham VR,0,0,0
502910,The Return Home Remastered,0,0,0
503220,Samurai Wars,0,0,0
503300,Super Star,0,0,0
503350,White Noise 2,0,0,0
503560,911 Operator,0,0,0
503630,INVASION!,0,0,0
503820,A Detective's Novel,0,0,0
503940,Railway Empire,0,0,0
504130,Manual Samuel,0,0,0
504210,SHENZHEN I/O,0,0,0
504230,Celeste,0,0,0
504300,Gangs of Space,0,0,0
504370,Battlerite,0,0,0
504490,The God's Chain,0,0,0
504770,Slavistan,0,0,0
504980,Elves Adventure,0,0,0
505170,Carmageddon: Max Damage,0,0,0
505210,Neon Space 2,0,0,0
505460,Foxhole,0,0,0
505730,Holy Potatoes! We’re in Space?!,0,0,0
505750,Trimmer Tycoon,0,0,0
505760,Whispers,0,0,0
506140,Shop Heroes,0,0,0
506500,Party Panic,0,0,0
506610,Five Nights at Freddy's: Sister Location,0,0,0
506670,ORBITAL,0,0,0
506730,Dinosaur Forest,0,0,0
507010,Mr.President!,0,0,0
507380,Black Sand Drift,0,0,0
507390,Gone In November,0,0,0
507490,Ashes of the Singularity: Escalation,0,0,0
507520,Zzzz-Zzzz-Zzzz,0,0,0
508140,Zombitatos the end of the Pc master race,0,0,0
508170,BlackSmith HIT,0,0,0
508180,Fly and Destroy,0,0,0
508190,Dragon Knight,0,0,0
508290,$1 Ride,0,0,0
508390,Scrap Garden - The Day Before,0,0,0
508440,Totally Accurate Battle Simulator,0,0,0
508530,HackyZack,0,0,0
508670,Aircraft War X,0,0,0
508960,SizeBlock,0,0,0
509000,QUBIC,0,0,0
509110,Spikit,0,0,0
509220,Save Jesus,0,0,0
509240,Lethal Brutal Racing,0,0,0
509420,Riding Club Championships,0,0,0
509560,Heroes of Dire,0,0,0
509600,Battle Time,0,0,0
509800,The Last Weekend,0,0,0
509980,BIGFOOT,0,0,0
510050,You Have 10 Seconds,0,0,0
510220,Forgotten Heroes,0,0,0
510510,WWE 2K17,0,0,0
510620,THOTH,0,0,0
510630,Soccer Manager 2017,0,0,0
510660,Big Bang Empire,0,0,0
510840,Evolvation,0,0,0
511160,Cubway,0,0,0
511330,Farm Life: Natures Adventure,0,0,0
511340,Existentia,0,0,0
511470,Glass Masquerade,0,0,0
511680,Fate/EXTELLA,0,0,0
511740,Gal*Gun: Double Peace,0,0,0
511800,ONRAID,0,0,0
512020,Box Maze,0,0,0
512250,Oh...Sir!! The Insult Simulator,0,0,0
512270,Home - A VR Spacewalk,0,0,0
512300,Unbox: Newbie's Adventure,0,0,0
512450,BitRay2,0,0,0
512470,The Pirate: Caribbean Hunt,0,0,0
512640,Final Quest,0,0,0
512700,Duckles: the Jigsaw Witch,0,0,0
512900,Streets of Rogue,0,0,0
513000,KUBOOM,0,0,0
513230,The Underground Man,0,0,0
513440,Path of War,0,0,0
513450,Drop Alive,0,0,0
513510,Intralism,0,0,0
513530,Anykey Simulator,0,0,0
513560,Hunger Dungeon,0,0,0
513570,Wooden House,0,0,0
513590,So Many Cubes,0,0,0
513610,Madrobot X,0,0,0
513620,SkyTime,0,0,0
513630,Squeezone,0,0,0
513710,SCUM,0,0,0
513780,Turbo Pug DX,0,0,0
514470,Fantastic 4 In A Row 2,0,0,0
514480,Fantastic Checkers 2,0,0,0
514490,Ultimate Word Search 2: Letter Boxed,0,0,0
514580,Cooking Witch,0,0,0
514620,Ellipsis,0,0,0
514660,BitMaster,0,0,0
514900,>observer_,0,0,0
514920,Crash Wheels,0,0,0
515020,The VR Museum of Fine Art,0,0,0
515040,Make America Great Again: The Trump Presidency,0,0,0
515180,Bus Simulator 18,0,0,0
515220,F1™ 2017,0,0,0
515310,Invention 2,0,0,0
515470,Hyper color ball,0,0,0
515690,Warriors of Vilvatikta,0,0,0
515910,Hooligan Vasja,0,0,0
516510,Orake 2D MMORPG,0,0,0
516750,My Summer Car,0,0,0
516950,STARS Simulation,0,0,0
517000,Sakura Shrine Girls,0,0,0
517010,Aztecalypse,0,0,0
517630,Just Cause 4,0,0,0
517710,Redout: Enhanced Edition,0,0,0
517790,Caesar™ 3,0,0,0
517810,Caesar™ IV,0,0,0
518030,Aim Hero,0,0,0
518580,Accounting (Legacy),0,0,0
518620,Ballistick,0,0,0
518790,theHunter: Call of the Wild™,0,0,0
518800,Lone Leader,0,0,0
519140,Minds Eyes,0,0,0
519190,Next Day: Survival,0,0,0
519860,DUSK,0,0,0
520440,GUILTY GEAR Xrd -REVELATOR-,0,0,0
520530,INTERSHELTER,0,0,0
520720,Dear Esther: Landmark Edition,0,0,0
520860,Impulse of War,0,0,0
521150,Another Brick in The Mall,0,0,0
521200,Epic Battle Fantasy 3,0,0,0
521230,Stone Age Wars,0,0,0
521470,Magical Otoge Ciel,0,0,0
521500,Sakura Space,0,0,0
521570,You Have 10 Seconds 2,0,0,0
521580,Where are my Internets?,0,0,0
521630,Toadled,0,0,0
521830,H.I.S.T.O.R.Y T.O.R.C.H.K.A,0,0,0
521890,Hello Neighbor,0,0,0
521920,Death's Hangover,0,0,0
521930,Minimized,0,0,0
521940,Space Incident,0,0,0
521980,Autumn Dream,0,0,0
522090,Medieval Defenders,0,0,0
522210,Serial Cleaner,0,0,0
522230,The Fishing Club 3D,0,0,0
522470,The House of Da Vinci,0,0,0
522570,The Last Hope,0,0,0
523780,Emily is Away Too,0,0,0
523790,Brave Dungeon,0,0,0
524220,NieR:Automata™,0,0,0
524340,HellAngel,0,0,0
524580,Fairy Fencer F Advent Dark Force | フェアリーフェンサー エフ ADVENT DARK FORCE | 妖精劍士 F ADVENT DARK FORCE,0,0,0
524970,Helmet Heroes,0,0,0
525300,Starship Annihilator,0,0,0
525480,.hack//G.U. Last Recode,0,0,0
525510,"Guns, Gore and Cannoli 2",0,0,0
525780,Doorways: Old Prototype,0,0,0
525920,Pro Cycling Manager 2017,0,0,0
526160,The Wild Eight,0,0,0
526180,Deus Ex: Mankind Divided™ - VR Experience,0,0,0
526290,MY FIGHT,0,0,0
526460,KickHim,0,0,0
526740,hack_me,0,0,0
526880,Chess Knight 2,0,0,0
527100,Star Trek™: Bridge Crew,0,0,0
527230,For The King,0,0,0
527270,Atelier Sophie: The Alchemist of the Mysterious Book,0,0,0
527340,What The Box?,0,0,0
527430,"Warhammer 40,000: Inquisitor - Martyr",0,0,0
527450,Cockroach Simulator,0,0,0
527460,Lepofrenia,0,0,0
527480,Life Beetle,0,0,0
527490,EM: Shader Attack,0,0,0
527550,Platro,0,0,0
527750,Merger 3D,0,0,0
527760,Just Hero,0,0,0
527770,Russian SuperHero Dead Ivan,0,0,0
528060,東周列萌志 Philosophic Love,0,0,0
528080,Night Forest,0,0,0
528090,Lost In Woods 2,0,0,0
528230,SYNTHETIK: Legion Rising,0,0,0
528300,Soulless: Ray Of Hope,0,0,0
528510,Turbo Pug 3D,0,0,0
528660,Spin Rush,0,0,0
528670,Elems,0,0,0
528740,Operation: New Earth,0,0,0
529110,Awkward Dimensions Redux,0,0,0
529150,Lazerbait,0,0,0
529180,Dark and Light,0,0,0
529240,"Creature Clicker - Capture, Train, Ascend!",0,0,0
529670,The Bellows,0,0,0
529720,bob's game,0,0,0
529760,TAIKU MANSION,0,0,0
529780,Disturbed,0,0,0
529920,Resurgence,0,0,0
530070,Train Sim World®,0,0,0
530240,Pixel-Warfare: Pro,0,0,0
530330,Blameless,0,0,0
530540,mr.President Prologue Episode,0,0,0
530620,Resident Evil 7 / Biohazard 7 Teaser: Beginning Hour,0,0,0
530630,Empires Apart,0,0,0
530700,Argo,0,0,0
530890,Haydee,0,0,0
530920,Archimedes,0,0,0
530950,Tower 57,0,0,0
531190,HEBEREKE!: March! Red Army Girls' Brigade,0,0,0
531490,Golden Swords,0,0,0
531510,Just Shapes & Beats,0,0,0
531640,Eternal Card Game,0,0,0
531960,Bloody Walls,0,0,0
532030,Dream Dealer,0,0,0
532110,Rusty Lake: Roots,0,0,0
532210,Life is Strange 2,0,0,0
532840,CAYNE,0,0,0
533150,Super LOH,0,0,0
533300,Zup!,0,0,0
533340,Captivity,0,0,0
533540,MONMUSU,0,0,0
533690,Think To Die,0,0,0
533780,Zombie Defense,0,0,0
533820,Atonement 2: Ruptured by Despair,0,0,0
533860,Multimirror,0,0,0
533970,Blocks by Google,0,0,0
534010,Defense of Egypt: Cleopatra Mission,0,0,0
534220,Dragon's Sin,0,0,0
534290,Cursed Castilla (Maldita Castilla EX),0,0,0
534370,Pure Farming 2018,0,0,0
535230,Domina,0,0,0
535400,Breathing Fear,0,0,0
535480,Sundered®: Eldritch Edition,0,0,0
535760,Unforgiving Trials: The Space Crusade,0,0,0
535930,Two Point Hospital,0,0,0
536340,Endless Room,0,0,0
536410,Greenwood the Last Ritual,0,0,0
536890,Glittermitten Grove,0,0,0
536930,MOBIUS FINAL FANTASY™,0,0,0
537110,Angels of Death,0,0,0
537180,Digimon Masters Online,0,0,0
537280,Existence speed,0,0,0
537340,Guts and Glory,0,0,0
537360,JumpBall,0,0,0
537700,Octave,0,0,0
537800,Bomber Crew,0,0,0
537990,Heroine Anthem Zero -Sacrifice-,0,0,0
538100,Feel The Snow,0,0,0
538590,Sleeping Valley,0,0,0
538680,The Legend of Heroes: Trails of Cold Steel,0,0,0
539350,Ball of Light,0,0,0
539440,Citalis,0,0,0
539450,Crab Dub,0,0,0
539640,Racecar.io,0,0,0
539650,TwelveSky2 Classic,0,0,0
539670,Sakura Nova,0,0,0
539720,Razortron 2000,0,0,0
540020,Final Quest II,0,0,0
540610,Delicious! Pretty Girls Mahjong Solitaire,0,0,0
540640,Tales of the Elements,0,0,0
540840,Lara Croft GO,0,0,0
540900,Nuclear Contingency,0,0,0
541100,Krampus,0,0,0
541210,Cold Waters,0,0,0
541370,Clickdraw Clicker,0,0,0
541570,Sally Face,0,0,0
542280,Happy Maze,0,0,0
542310,Escape the Game,0,0,0
542340,Slingshot people,0,0,0
542430,Remaining in a dream,0,0,0
542480,Therian Saga,0,0,0
542590,SoulSaverOnline,0,0,0
542660,Feral Fury,0,0,0
542690,Mahsung Deluxe,0,0,0
542710,Dessert Storm,0,0,0
542720,Bubble Blowout,0,0,0
542730,Block Blowout,0,0,0
542740,Balloon Blowout,0,0,0
542780,Drift GEAR Racing Free,0,0,0
543360,Relaxation balls,0,0,0
543460,Dead Rising 4,0,0,0
543650,Last Days,0,0,0
543770,Altar Guardian,0,0,0
543780,Other Tanks,0,0,0
543790,Mars Industries,0,0,0
543900,METAL GEAR SURVIVE,0,0,0
544310,Jumps,0,0,0
544330,Snake Pass,0,0,0
544420,VRCapture,0,0,0
544550,Stationeers,0,0,0
544730,Catan Universe,0,0,0
544750,SOULCALIBUR VI,0,0,0
544810,KARDS,0,0,0
544920,Darwin Project,0,0,0
545150,Beastiarium,0,0,0
545280,The face of hope: Underground,0,0,0
545360,Sleight,0,0,0
545370,Time Of Silence,0,0,0
545410,A Trip to Yugoslavia: Director's Cut,0,0,0
545470,Hover Hazard,0,0,0
545580,"GO AWAY, THERE'S KUMIS OVER THERE!",0,0,0
545700,The Land of Dasthir,0,0,0
545820,Wanderland,0,0,0
545860,Luke Sidewalker,0,0,0
546050,Puyo Puyo™Tetris®,0,0,0
546340,"Dynamic Very, Very, Hard game!!",0,0,0
546380,Crispy Chicken,0,0,0
546390,Brief Karate Foolish,0,0,0
546400,Cavern Escape,0,0,0
546490,Heart and Seoul,0,0,0
546660,Operation Breakout,0,0,0
546700,The Butterfly Sign,0,0,0
546930,Machine Hunt,0,0,0
546980,Midnight Carnival,0,0,0
546990,Town of Night,0,0,0
547010,Terminal Hacker,0,0,0
547310,That's Mahjong!,0,0,0
547680,Guild Quest,0,0,0
547860,Rend,0,0,0
547960,Space Beret,0,0,0
548290,Dark Eden,0,0,0
548430,Deep Rock Galactic,0,0,0
550010,Happy Room,0,0,0
550470,NosTale,0,0,0
550650,Black Squad,0,0,0
550670,"What The Heck, Dude?",0,0,0
550900,Metin2,0,0,0
551110,Wayout,0,0,0
551170,Onmyoji,0,0,0
551550,ASSASSINATION BOX,0,0,0
551770,ECHO,0,0,0
552100,Brick Rigs,0,0,0
552110,Puzzle Pirates: Dark Seas,0,0,0
552500,Warhammer: Vermintide 2,0,0,0
552520,Far Cry® 5,0,0,0
552590,The Sexy Brutale,0,0,0
552620,ATOM RPG: Post-apocalyptic indie game,0,0,0
552700,WORLD OF FINAL FANTASY®,0,0,0
552990,World of Warships,0,0,0
553180,Are You Ready?,0,0,0
553210,"Warhammer 40,000: Space Wolf",0,0,0
553310,Lethal League Blaze,0,0,0
553340,SolarGun,0,0,0
553640,ICEY,0,0,0
553660,PWND,0,0,0
553790,Once in Yaissor,0,0,0
553960,Husk,0,0,0
554620,Life is Strange: Before the Storm,0,0,0
554640,拯救大魔王2 Rescue the Great Demon 2,0,0,0
555150,The First Tree,0,0,0
555160,Pavlov VR,0,0,0
555210,Trick and Treat - Visual Novel,0,0,0
555220,Detention,0,0,0
555260,The Butterfly Sign: Human Error,0,0,0
555440,Deathgarden,0,0,0
555450,Deus Ex: Breach™,0,0,0
555570,Infestation: The New Z,0,0,0
555610,Gunmetal Arcadia Zero,0,0,0
555620,Crazy Oafish Ultra Blocks: Big Sale,0,0,0
555640,Japanese School Life,0,0,0
555670,Infinitum,0,0,0
555700,Absoloot,0,0,0
555750,Masked Forces,0,0,0
555920,Dark Egypt,0,0,0
555940,Fairyland: Fairy Power,0,0,0
556110,Galactic Fighter,0,0,0
556120,Reptilians Must Die!,0,0,0
556160,PHAT STACKS,0,0,0
556180,Mysterium: A Psychic Clue Game,0,0,0
556280,Neon Prism,0,0,0
556820,Warbands: Bushido,0,0,0
556870,Charlie's Adventure,0,0,0
557260,iREC,0,0,0
557400,Midas Gold Plus,0,0,0
557600,Gorogoa,0,0,0
557680,Germ Wars,0,0,0
557780,Atom Fishing II,0,0,0
557810,Clicker Guild,0,0,0
557890,Sunset's Ashes,0,0,0
558100,Art of War: Red Tides,0,0,0
558420,Stories Untold,0,0,0
558810,Doomed Kingdoms,0,0,0
558990,Opus Magnum,0,0,0
559010,Cosmic Sugar VR,0,0,0
559100,Phantom Doctrine,0,0,0
559210,Rakuen,0,0,0
559650,Witch It,0,0,0
560130,Pillars of Eternity II: Deadfire,0,0,0
560170,STAR WARS™ SHADOWS OF THE EMPIRE™,0,0,0
560260,Super Blue Boy Planet,0,0,0
560380,MapleStory 2,0,0,0
561080,The Price of Freedom,0,0,0
561340,Merlin adventurer store,0,0,0
562010,Tanki Online,0,0,0
562220,Zup! 2,0,0,0
562240,The Spirit Underneath,0,0,0
562270,Shot Shot Tactic,0,0,0
562360,"Planes, Bullets and Vodka",0,0,0
562430,Alien Hostage,0,0,0
562520,Attempt[42],0,0,0
562640,Introvert Quest,0,0,0
562690,Immersion,0,0,0
562730,MechDefender,0,0,0
562760,KORABLIK,0,0,0
562810,MONOPOLY® PLUS,0,0,0
563120,Desolate Wastes: Vendor Chronicles,0,0,0
563560,Alien Swarm: Reactive Drop,0,0,0
564230,Fire Pro Wrestling World,0,0,0
564530,Pharaoh + Cleopatra,0,0,0
564710,Soda Dungeon,0,0,0
565030,Blueshift,0,0,0
565860,Tomato Way,0,0,0
566050,Zeus + Poseidon,0,0,0
566060,The Crypts of Anak Shaba - VR,0,0,0
566160,Zup! 6,0,0,0
566220,Brain In My Head,0,0,0
566670,Save the Ninja Clan,0,0,0
566990,Russian Car Driver,0,0,0
567060,Putrefaction 2: Void Walker,0,0,0
567170,Mystery Mine,0,0,0
567250,Cat Goes Platform,0,0,0
567280,Cube Runner,0,0,0
567290,Slash It,0,0,0
567580,Duke of Alpha Centauri,0,0,0
567640,Danganronpa V3: Killing Harmony,0,0,0
567680,The Pasture,0,0,0
568090,Tattletail,0,0,0
568220,Lobotomy Corporation | Monster Management Simulation,0,0,0
568450,Hoplite,0,0,0
568570,Force of Nature,0,0,0
568770,Cinderella Phenomenon - Otome/Visual Novel,0,0,0
568780,Multishop Tycoon Deluxe,0,0,0
568930,The Land of Pain,0,0,0
569480,Kingdoms and Castles,0,0,0
569610,Distant Space,0,0,0
569760,Last Answer,0,0,0
569840,FBI MANIA,0,0,0
569860,Thimbleweed Park™,0,0,0
570460,Laser League,0,0,0
570770,古剑奇谭二(GuJian2),0,0,0
570780,古剑奇谭(GuJian),0,0,0
570840,家有大貓 Nekojishi,0,0,0
570940,DARK SOULS™: REMASTERED,0,0,0
571260,THE KING OF FIGHTERS XIV STEAM EDITION,0,0,0
571310,SteamWorld Dig 2,0,0,0
571350,DED,0,0,0
571740,Golf It!,0,0,0
571870,Little Jack's Adventures,0,0,0
571910,Nightmare,0,0,0
572410,Steel Division: Normandy 44,0,0,0
572520,Dropzone,0,0,0
572660,Nick,0,0,0
573060,LOGistICAL,0,0,0
573090,Stormworks: Build and Rescue,0,0,0
573100,Battlefleet Gothic: Armada 2,0,0,0
574030,Score a goal (Physical football),0,0,0
574070,Space Wars: Interstellar Empires,0,0,0
574440,Ripple Effect,0,0,0
574580,To The Capital,0,0,0
574740,Fausts Alptraum,0,0,0
574760,Starship Theory,0,0,0
574810,Fight or Die,0,0,0
574820,Cat or Bread?,0,0,0
574850,Hardnoid,0,0,0
575090,Flame of Memory,0,0,0
575130,Danko and treasure map,0,0,0
575460,My Super Tower 2,0,0,0
575490,Let's Draw,0,0,0
575510,Sakura Agent,0,0,0
575550,Hell Girls,0,0,0
575640,Zup! 3,0,0,0
575700,Fruit Arranger,0,0,0
575720,Mighty Party,0,0,0
575750,Magic Box,0,0,0
575760,Project: R.E.B.O.O.T 2,0,0,0
575780,Inner silence,0,0,0
575830,rooMaze,0,0,0
575840,NeverEnd,0,0,0
575860,Tomb Joe,0,0,0
575870,Call to 10,0,0,0
575910,Trump Simulator 2017,0,0,0
575950,Blood Feed,0,0,0
576010,SQR🔲,0,0,0
576050,Other Worlds India,0,0,0
576120,Purgatory II,0,0,0
576130,State of Anarchy: Master of Mayhem,0,0,0
576310,Oracle,0,0,0
576470,ANIMALITY,0,0,0
576540,Brother Wings,0,0,0
576560,Pain Train,0,0,0
576660,Snake Party,0,0,0
576750,Ropes And Dragons VR,0,0,0
576860,Summer Nightmare,0,0,0
576940,Hunt For Gods,0,0,0
577740,Winexy,0,0,0
577800,NBA 2K18,0,0,0
577940,Killer Instinct,0,0,0
578080,PLAYERUNKNOWN'S BATTLEGROUNDS,1,1,1
578180,Lost Base Escape,0,0,0
578250,Invention,0,0,0
578260,Fluffy,0,0,0
578310,BRAIN / OUT,0,0,0
578330,LEGO® City Undercover,0,0,0
578440,冒险村传说（Tales of Legends）,0,0,0
578620,GORN,0,0,0
579150,Riot of the numbers,0,0,0
579230,Alpacapaca Dash,0,0,0
579950,Marvel's Guardians of the Galaxy: The Telltale Series,0,0,0
580200,Yonder: The Cloud Catcher Chronicles,0,0,0
580420,Tourists Kidnapped a Little Bear,0,0,0
580970,The Maze : Endless nightmare,0,0,0
580990,Space Impact Glitch,0,0,0
581000,Armored Gear,0,0,0
581030,The Last Hope: Trump vs Mafia - North Korea,0,0,0
581100,Langoth,0,0,0
581130,Metal Waltz: Anime tank girls,0,0,0
581200,Nash Racing,0,0,0
581270,Old Man's Journey,0,0,0
581320,Insurgency: Sandstorm,0,0,0
581430,Triangle,0,0,0
581520,Sakura Magical Girls,0,0,0
581630,Sword With Sauce,0,0,0
581640,Numberline,0,0,0
581720,Way of Hero,0,0,0
581820,Judas,0,0,0
582010,MONSTER HUNTER: WORLD,0,0,0
582160,Assassin's Creed® Origins,0,0,0
582270,Everything,0,0,0
582280,PIGMENTUM,0,0,0
582430,Jumping Tank,0,0,0
582500,We Were Here,0,0,0
582550,Passpartout: The Starving Artist,0,0,0
582580,Itineris,0,0,0
582660,Black Desert Online,0,0,0
582890,Estranged: Act II,0,0,0
583470,The End Is Nigh,0,0,0
583490,InfiniPicross,0,0,0
583760,Slash It 2,0,0,0
583950,Artifact,0,0,0
584100,Mad Digger,0,0,0
584170,Freedom Locomotion VR,0,0,0
584400,Sonic Mania,0,0,0
584980,Late Shift,0,0,0
585360,Steampunk Syndicate,0,0,0
585420,Trailmakers,0,0,0
585550,FEMINAZI: The Triggering,0,0,0
585560,Finnish Roller,0,0,0
585630,Switchblade,0,0,0
585690,Minimalism,0,0,0
585770,Prism Collider,0,0,0
585860,Bunker 58,0,0,0
585970,Tank Assault X,0,0,0
586030,Shardbound,0,0,0
586130,Survival Driver,0,0,0
586140,BlazBlue Centralfiction,0,0,0
586380,VITATIO 2,0,0,0
586480,Detective Noir,0,0,0
586520,Castle Werewolf 3D,0,0,0
586530,Hell`s Little Story,0,0,0
586960,Upside Down,0,0,0
586970,Hungry Flame,0,0,0
586980,MadOut2 BigCityOnline,0,0,0
587430,I Expect You To Die,0,0,0
587590,Unexpected Day,0,0,0
587620,OKAMI HD / 大神 絶景版,0,0,0
587790,Deadly Animal Duel,0,0,0
587810,Bang Bang Fruit,0,0,0
587830,Archery Practice VR,0,0,0
587860,Tales of Escape,0,0,0
588040,WILL: A Wonderful World / WILL：美好世界,0,0,0
588090,Starving,0,0,0
588180,Totemori,0,0,0
588210,HELLION,0,0,0
588240,Frisky Business,0,0,0
588420,Uncompromising Trash,0,0,0
588430,Fallout Shelter,0,0,0
588650,Dead Cells,0,0,0
588950,Kingsway,0,0,0
588970,Oik,0,0,0
589290,Holdfast: Nations At War,0,0,0
589360,Ni no Kuni™ II: Revenant Kingdom,0,0,0
589420,Grass Cutter - Mutated Lawns,0,0,0
589590,Kindergarten,0,0,0
589770,Green Elephant 2D,0,0,0
589780,The Red Strings Club,0,0,0
589870,Learn to Fly 3,0,0,0
590380,Into the Breach,0,0,0
590440,Carlos III y la difusión de la antigüedad,0,0,0
590910,炎黄战纪之三国烽烟,0,0,0
591360,Dreams of Dali,0,0,0
591370,Production Line : Car factory simulation,0,0,0
591420,Zup! 4,0,0,0
591560,Red Death,0,0,0
591740,Sniper Fury,0,0,0
591960,Animation Throwdown: The Quest for Cards,0,0,0
592340,Mall Empire,0,0,0
592730,Aerial Destruction,0,0,0
592890,Insidia,0,0,0
593280,Cat Quest,0,0,0
593290,Moccasin,0,0,0
593600,PixARK,0,0,0
594160,The Last Patient,0,0,0
594570,Total War: WARHAMMER II,0,0,0
594640,Evil,0,0,0
594650,Hunt Showdown,0,0,0
594720,Star Merchant,0,0,0
595140,Immortal Redneck,0,0,0
595280,Throne of Lies® The Online Game of Deceit,0,0,0
595320,Polterheist,0,0,0
595440,CPU Invaders,0,0,0
595460,Flix and Chill,0,0,0
595520,FINAL FANTASY XII THE ZODIAC AGE,0,0,0
596590,Linked,0,0,0
596650,Tap Adventure: Time Travel,0,0,0
596690,REVENGE: First Blood,0,0,0
596870,Drop Hunt - Adventure Puzzle,0,0,0
596940,Hide and Seek,0,0,0
596970,SUNLESS SKIES,0,0,0
597110,Fruit Sudoku🍉,0,0,0
597150,Hyper Knights,0,0,0
597170,Clone Drone in the Danger Zone,0,0,0
597220,West of Loathing,0,0,0
597840,Live Wallpaper Master,0,0,0
598070,Nevrosa: Prelude,0,0,0
598330,SimAirport,0,0,0
598470,Dungeon Creepster,0,0,0
598530,Naev,0,0,0
598700,The Vagrant,0,0,0
598810,Carcassonne - Tiles & Tactics,0,0,0
599090,15 Defense,0,0,0
599100,Green Cat,0,0,0
599140,Graveyard Keeper,0,0,0
599390,Battle for Wesnoth,0,0,0
599460,Weapon Shop Fantasy,0,0,0
599750,Crisis in the Kremlin,0,0,0
600120,Life Forge - Reborn ORPG,0,0,0
600140,Belko VR: An Escape Room Experiment,0,0,0
600370,Paradigm,0,0,0
600450,Shoot Paint,0,0,0
600480,Megaquarium,0,0,0
600630,Spaceship Looter,0,0,0
600750,Star Trek Timelines,0,0,0
601010,Hotel Anatolia,0,0,0
601150,Devil May Cry 5,0,0,0
601180,Doug and Lily,0,0,0
601280,Village Story,0,0,0
601340,Project of the Developer,0,0,0
601430,The Evil Within 2,0,0,0
601510,Yu-Gi-Oh! Duel Links,0,0,0
601530,Darkarta: A Broken Heart's Quest Collector's Edition,0,0,0
601650,My Name is You,0,0,0
601930,Trianguluv,0,0,0
602520,NEKOPARA Vol. 3,0,0,0
602830,Hexaball,0,0,0
602890,hack_me 2,0,0,0
602940,The Quest for Achievements,0,0,0
603040,SINISTRY SILINIUM,0,0,0
603220,ROTii,0,0,0
603360,CryptoMoneya,0,0,0
603370,Western FPS,0,0,0
603750,- Arcane Raise -,0,0,0
603850,Age of Civilizations II,0,0,0
604450,Another Adventure,0,0,0
604490,Running Through Russia,0,0,0
604500,Tank Force,0,0,0
604780,aMAZE,0,0,0
604830,All Alone: VR,0,0,0
605500,What's under your blanket 2 !?,0,0,0
605530,PippiStory,0,0,0
605610,Dawn,0,0,0
605740,"Flashing Lights - Police, Firefighting, Emergency Services Simulator (警情，消防，急救)",0,0,0
605910,Bootombaa,0,0,0
606150,Moonlighter,0,0,0
606280,Darksiders III,0,0,0
606330,Shadows 2: Perfidia,0,0,0
606730,Sine Mora EX,0,0,0
606800,Startup Company,0,0,0
607050,Wargroove,0,0,0
607200,Tanki X,0,0,0
607260,McOsu,0,0,0
607270,Jack's Gang,0,0,0
607440,Escape: VR,0,0,0
607460,Epic Snails,0,0,0
607890,Sword Art Online: Hollow Realization Deluxe Edition,0,0,0
608390,Mad Dagger,0,0,0
608560,Last Tale,0,0,0
608800,Guns of Icarus Alliance,0,0,0
608830,Project:surviving,0,0,0
608990,The Archotek Project,0,0,0
609150,STAR OCEAN™ - THE LAST HOPE -™ 4K & Full HD Remaster,0,0,0
609320,FAR: Lone Sails,0,0,0
609490,Minit,0,0,0
609940,KROSMAGA,0,0,0
610080,Realm Grinder,0,0,0
610130,UltraGoodness,0,0,0
610180,The Jackbox Party Pack 4,0,0,0
610360,Zup! Zero,0,0,0
610390,Sugar Box,0,0,0
610670,Alchemyland,0,0,0
610750,Games&Girls,0,0,0
610780,Crazy Buggy Racing,0,0,0
610810,Your Friend Hana,0,0,0
610930,Phantom Soldier,0,0,0
611020,CityBattle | Virtual Earth,0,0,0
611120,IKEA VR Pancake Kitchen,0,0,0
611500,Quake Champions,0,0,0
611660,Fallout 4 VR,0,0,0
611670,The Elder Scrolls V: Skyrim VR,0,0,0
611790,House Party,0,0,0
612020,Zombidle : REMONSTERED,0,0,0
612070,Kio's Adventure,0,0,0
612110,Sweet fantasy,0,0,0
612250,Eastwood VR,0,0,0
612470,Bio Inc. Redemption,0,0,0
612880,Wolfenstein II: The New Colossus,0,0,0
613010,Secret in Story,0,0,0
613100,House Flipper,0,0,0
613830,CHRONO TRIGGER®,0,0,0
614100,Heroes of Paragon,0,0,0
614460,Amber Tail Adventure,0,0,0
614570,Dishonored®: Death of the Outsider™,0,0,0
614940,The Misfits,0,0,0
615610,Orbt XL,0,0,0
616030,Eventide Night,0,0,0
616110,SPACEPLAN,0,0,0
616220,Hide vs. Seek,0,0,0
616360,Crimson Earth,0,0,0
616560,Ultimate Epic Battle Simulator,0,0,0
616720,Live2DViewerEX,0,0,0
617160,Home Sweet Home,0,0,0
617170,Mission: Escape from Island,0,0,0
617710,Cannons-Defenders: Steam Edition,0,0,0
617830,SUPERHOT VR,0,0,0
618080,Martial Arts Brutality,0,0,0
618120,HellGunner,0,0,0
618140,Barro,0,0,0
619150,while True: learn(),0,0,0
619290,Out of the Park Baseball 19,0,0,0
619310,Ways of History,0,0,0
619340,Conjuntalia,0,0,0
619400,Fluffy Creatures VS The World,0,0,0
619740,The Inevitability,0,0,0
619780,The Swords of Ditto,0,0,0
619890,Evil Glitch,0,0,0
619910,Just Cause™ 3: Multiplayer Mod,0,0,0
620070,Vroom Kaboom,0,0,0
620240,Outrunner,0,0,0
620590,Ancestors Legacy,0,0,0
620980,Beat Saber,0,0,0
621060,PC Building Simulator,0,0,0
621530,One Star,0,0,0
621830,WRC 7 FIA World Rally Championship,0,0,0
621880,Phoenix Dynasty 2,0,0,0
622170,Offensive Combat: Redux!,0,0,0
622650,Bendy and the Ink Machine™,0,0,0
623550,Timen runner,0,0,0
623580,POBEDA,0,0,0
623840,Ambre - a heartbreaking kinetic novel,0,0,0
623940,HIVESWAP: Act 1,0,0,0
624090,Football Manager 2018,0,0,0
624460,Fantasynth: Chez Nous,0,0,0
625430,Doodle God Blitz,0,0,0
625470,The Red Stare,0,0,0
625860,God Awe-full Clicker,0,0,0
626010,Office Space: Idle Profits,0,0,0
626680,Kreedz Climbing,0,0,0
626690,Sword Art Online: Fatal Bullet,0,0,0
627270,Injustice™ 2,0,0,0
627620,Intelligent Design: An Evolutionary Sandbox,0,0,0
627690,Idle Champions of the Forgotten Realms,0,0,0
627950,1914: Prelude to Chaos,0,0,0
628340,1 vs 1 : Global Operations,0,0,0
628440,Multiplayer FPS Demo,0,0,0
628700,The Flaws of Gravity,0,0,0
628730,Adolescent Santa Claus,0,0,0
628750,aMAZE 2,0,0,0
628760,The Adventurer - Episode 1: Beginning of the End,0,0,0
628840,Fighter of Evil,0,0,0
628890,NOBUNAGA'S AMBITION: Taishi / 信長の野望･大志,0,0,0
629030,Employee Recycling Center,0,0,0
629380,Cosmic Pioneer,0,0,0
629730,Blade and Sorcery,0,0,0
629910,Clicker Heroes 2,0,0,0
630100,SoulWorker - Anime Action MMO,0,0,0
631010,Crimson Earth 2,0,0,0
631510,Devil May Cry HD Collection,0,0,0
631660,Immersion Chess,0,0,0
632350,Cyberdimension Neptunia: 4 Goddesses Online | 四女神オンライン CYBER DIMENSION NEPTUNE | 四女神ONLINE 幻次元遊戲戰機少女,0,0,0
632360,Risk of Rain 2,0,0,0
633060,Orwell: Ignorance is Strength,0,0,0
633130,Nongünz,0,0,0
633230,NARUTO TO BORUTO: SHINOBI STRIKER,0,0,0
633460,Tannenberg,0,0,0
634070,Murnatan,0,0,0
635200,Distrust: a Long Dark Polar Survival,0,0,0
635260,CarX Drift Racing Online,0,0,0
635320,Last Day of June,0,0,0
635730,Dragonia,0,0,0
635880,Chicken Labyrinth Puzzles,0,0,0
636040,Pixel Worlds: MMO Sandbox,0,0,0
636150,Cyberhunt,0,0,0
636470,Tungulus,0,0,0
636480,Ravenfield,0,0,0
636580,Primal Reign,0,0,0
637090,BATTLETECH,0,0,0
637100,Sonic Forces,0,0,0
637650,FINAL FANTASY XV WINDOWS EDITION,0,0,0
637670,Secret of Mana,0,0,0
637850,Confess My Love,0,0,0
638070,Murderous Pursuits,0,0,0
638110,Desert Bus VR,0,0,0
638920,BeanVR—The Social VR APP,0,0,0
638970,Yakuza 0,0,0,0
639170,Minecraft: Story Mode - Season Two,0,0,0
639780,Deep Space Waifu: FLAT JUSTICE,0,0,0
639790,DEEP SPACE WAIFU,0,0,0
640150,Tale of Toast,0,0,0
640820,Pathfinder: Kingmaker,0,0,0
641780,The Drone Racing League Simulator,0,0,0
641990,The Escapists 2,0,0,0
642390,Blocksworld,0,0,0
643270,OLDTV,0,0,0
644390,D&D Lords of Waterdeep,0,0,0
644540,Dies irae ~Amantes amentes~,0,0,0
644560,Mirror,0,0,0
644570,Material Girl,0,0,0
644640,Band of Defenders,0,0,0
644930,They Are Billions,0,0,0
645090,Zup! 5,0,0,0
645260,Trophy Fishing 2,0,0,0
645480,Spider-Man: Homecoming - Virtual Reality Experience,0,0,0
645630,Car Mechanic Simulator 2018,0,0,0
645830,Son Korsan,0,0,0
646200,Dead Effect 2 VR,0,0,0
646570,Slay the Spire,0,0,0
646910,The Crew™ 2,0,0,0
647000,RoBros,0,0,0
647830,LEGO® Marvel Super Heroes 2,0,0,0
647960,Rusted Warfare - RTS,0,0,0
648120,Pixel Painter,0,0,0
648350,Jurassic World Evolution,0,0,0
648390,Marie's Room,0,0,0
648430,Hand of the Gods,0,0,0
648800,Raft,0,0,0
649890,Caliban Below,0,0,0
649900,Mini Guns - Omega Wars,0,0,0
650000,DOOM VFR,0,0,0
650220,Interplanetary: Enhanced Edition,0,0,0
650700,Yume Nikki,0,0,0
650760,侠客风云传前传(Tale of Wuxia:The Pre-Sequel),0,0,0
651090,Aces High III,0,0,0
651470,Onirim - Solitaire Card Game,0,0,0
652980,Loading Screen Simulator,0,0,0
653220,Chroma Blast,0,0,0
653530,Return of the Obra Dinn,0,0,0
654880,Dream Daddy: A Dad Dating Simulator,0,0,0
654990,Dude Simulator,0,0,0
655160,welcome to heaven,0,0,0
655550,NOKBAK,0,0,0
656200,电竞俱乐部/ESports Club,0,0,0
656240,Heat,0,0,0
656600,Slash It Ultimate,0,0,0
657200,Hand Simulator,0,0,0
658160,ClickRaid,0,0,0
658560,Zup! 7,0,0,0
658570,FURIDASHI: Drift Cyber Sport,0,0,0
658850,Do Not Feed the Monkeys,0,0,0
659900,Aetherspace,0,0,0
660520,The IOTA Project,0,0,0
660880,b,0,0,0
662830,Bombix,0,0,0
663090,Granado Espada,0,0,0
663380,Tales from Candlekeep: Tomb of Annihilation,0,0,0
663390,Rento Fortune - Online Dice Board Game,0,0,0
664430,WWE 2K18,0,0,0
665090,The Initial,0,0,0
665180,Dark Elf,0,0,0
665360,Comedy Night,0,0,0
665490,The Monster Inside,0,0,0
666140,My Time At Portia,0,0,0
666220,CS2D,0,0,0
666860,Bit Heroes,0,0,0
667530,Drunken Wrestlers 2,0,0,0
667720,Red Faction Guerrilla Re-Mars-tered,0,0,0
667870,MINDNIGHT,0,0,0
667890,Dead Maze,0,0,0
668170,Incline,0,0,0
668630,Tricolour Lovestory,0,0,0
668770,Solarium,0,0,0
669050,Mutiny!!,0,0,0
669580,The Ultimatest Battle,0,0,0
670290,Real Pool 3D - Poolians,0,0,0
671440,Rise of Industry,0,0,0
671510,DESOLATE,0,0,0
671720,Robin,0,0,0
672640,War Robots VR: The Skirmish,0,0,0
672680,Call of War,0,0,0
672730,Find You,0,0,0
673070,The Ranger: Lost Tribe,0,0,0
673560,IOSoccer,0,0,0
673610,Airport CEO,0,0,0
673880,"Warhammer 40,000: Mechanicus",0,0,0
673950,Farm Together,0,0,0
674020,World War 3,0,0,0
674400,Einar,0,0,0
674750,Yet Another Zombie Defense HD,0,0,0
674940,Stick Fight: The Game,0,0,0
675010,MudRunner,0,0,0
675260,Batman: The Enemy Within - The Telltale Series,0,0,0
675560,NAVYFIELD,0,0,0
675630,Super POTUS Trump,0,0,0
676770,Island Dash,0,0,0
676820,Subsurface Circular,0,0,0
677120,Heroes of Hammerwatch,0,0,0
677160,We Were Here Too,0,0,0
678800,SAS: Zombie Assault 4,0,0,0
678950,DRAGON BALL FighterZ,0,0,0
679260,Bus Driver Simulator 2019,0,0,0
680310,Poker World - Single Player,0,0,0
680320,The Heiress,0,0,0
680360,Regions Of Ruin,0,0,0
680980,HEADLINER,0,0,0
681660,Bless Online,0,0,0
682130,Discord Bot Maker,0,0,0
682290,Zeus' Battlegrounds,0,0,0
682970,MineFight,0,0,0
683320,GRIS,0,0,0
683930,A Wonder,0,0,0
684380,MermaidVR Video Player,0,0,0
684410,Bridge Constructor Portal,0,0,0
685310,Transport Defender,0,0,0
686180,Cat Girl,0,0,0
686190,Killing Time,0,0,0
686260,Forged Battalion,0,0,0
687280,The Awakening,0,0,0
687850,Head Goal: Soccer Online,0,0,0
688470,汉匈决战/Han Xiongnu Wars,0,0,0
690510,Black Survival / 黑色幸存者,0,0,0
690530,灵魂筹码 Soul at Stake,0,0,0
690610,MagiCats Builder (Crazy Dreamz),0,0,0
690790,DiRT Rally 2.0,0,0,0
690830,Foundation,0,0,0
691020,Fog Of War - Free Edition,0,0,0
691150,Saku Saku: Love Blooms with the Cherry Blossoms,0,0,0
691540,Space Fighter,0,0,0
691730,FPV Drone Simulator,0,0,0
692270,Over The Moonlight,0,0,0
692920,XXZ,0,0,0
694130,My Free Zoo,0,0,0
694720,notmycar,0,0,0
695630,新仙剑奇侠传 单机版(Chinese Paladin：Sword and Fairy),0,0,0
695920,Super Seducer : How to Talk to Girls,0,0,0
696170,SENRAN KAGURA Peach Beach Splash,0,0,0
696370,BROKE PROTOCOL: Online City RPG,0,0,0
696480,The Norwood Suite,0,0,0
697610,Idle Bouncer,0,0,0
698540,Dungeon Warfare 2,0,0,0
698780,Doki Doki Literature Club!,0,0,0
700030,Life is Feudal: MMO,0,0,0
700330,SCP: Secret Laboratory,0,0,0
700480,Microsoft Allegiance,0,0,0
701160,Kingdom Two Crowns,0,0,0
701900,Splat the Blob,0,0,0
702320,March of Empires,0,0,0
702670,Donut County,0,0,0
702810,Shooty Skies,0,0,0
702890,BlazBlue: Cross Tag Battle,0,0,0
703280,Zeal,0,0,0
703700,Our End of the World,0,0,0
703940,Ball 2D: Soccer Online,0,0,0
703950,Just Fishing,0,0,0
704040,Castle Clicker : Building Tycoon,0,0,0
704210,"BLOCK WARRIORS: ""Open World"" Game",0,0,0
704270,Generation Zero,0,0,0
704450,Neverwinter Nights: Enhanced Edition,0,0,0
704850,Thief Simulator,0,0,0
705120,Death Coming,0,0,0
705220,Tactical Monsters Rumble Arena,0,0,0
706990,BLOCKPOST,0,0,0
707010,Will To Live Online,0,0,0
707680,Slapshot,0,0,0
711660,CHUCHEL,0,0,0
711810,Never Split the Party,0,0,0
711990,Elise the Devil,0,0,0
712050,Otaku's Fantasy,0,0,0
712100,Total War Saga: THRONES OF BRITANNIA,0,0,0
712840,King Exit,0,0,0
713650,Sevgilim Olur musun ?,0,0,0
714010,Aim Lab,0,0,0
714020,Idle Adventure,0,0,0
716260,Guns'n'Stories: Preface VR,0,0,0
717640,Reigns: Her Majesty,0,0,0
718560,Scythe: Digital Edition,0,0,0
718670,Cultist Simulator,0,0,0
719640,War Planet Online: Global Conquest,0,0,0
720280,Fox Hime,0,0,0
721030,La Tale - Evolved,0,0,0
721090,SKYBOX VR Video Player,0,0,0
723780,Modern Combat Versus,0,0,0
723790,The Pirate: Plague of the Dead,0,0,0
724970,神舞幻想 Faith of Danschant,0,0,0
725340,Lines X Free,0,0,0
725480,Slap City,0,0,0
726390,Scream Collector,0,0,0
726910,Star Wars: Droid Repair Bay,0,0,0
726990,Succubus Rem,0,0,0
727280,Scrap,0,0,0
728540,Islands of Nyne: Battle Royale,0,0,0
728730,Holyday City: Reloaded,0,0,0
728880,Overcooked! 2,0,0,0
729040,Borderlands Game of the Year Enhanced,0,0,0
730310,DYNASTY WARRIORS 9 真・三國無双８,0,0,0
730820,The Curse of Monkey Island,0,0,0
731490,Crash Bandicoot™ N. Sane Trilogy,0,0,0
732110,OneScreen Wagons,0,0,0
732370,Juicy Realm,0,0,0
732430,Superflight,0,0,0
732730,Red Crucible®: Reloaded,0,0,0
732810,Slipstream,0,0,0
733070,Sudoku Universe / 数独宇宙,0,0,0
733480,Flora,0,0,0
733990,I Can't Believe It's Not Gambling,0,0,0
734550,Wheel Riders Online OBT,0,0,0
734580,BattleRush,0,0,0
734750,PickCrafter,0,0,0
734910,Eternal Hour: Golden Hour,0,0,0
735570,Project Rhombus,0,0,0
735850,Trailer Park Boys: Greasy Money,0,0,0
736190,中国式家长 / Chinese Parents,0,0,0
736220,Post Scriptum,0,0,0
736260,Baba Is You,0,0,0
737800,F1 2018,0,0,0
738060,Freddy Fazbear's Pizzeria Simulator,0,0,0
738500,The Parallax Effect,0,0,0
738520,Breathedge,0,0,0
739000,Grobda Remix,0,0,0
740200,The Mercury Man,0,0,0
740470,Echoed World,0,0,0
741590,Hex Commander: Fantasy Heroes,0,0,0
742120,DRAGON QUEST® XI: Echoes of an Elusive Age™ - Digital Edition of Light,0,0,0
742300,Mega Man 11 / ロックマン11 運命の歯車!!,0,0,0
743090,Defiance 2050,0,0,0
743370,Soccer Manager 2018,0,0,0
743450,Monster Prom,0,0,0
744190,Rusty Lake Paradise,0,0,0
744810,A Raven Monologue,0,0,0
744900,Dead Frontier 2,0,0,0
745760,Perceptions of the Dead,0,0,0
745880,東方天空璋 ～ Hidden Star in Four Seasons.,0,0,0
746910,Chicken Farm 2K17,0,0,0
748940,Rise of Legions,0,0,0
750920,Shadow of the Tomb Raider,0,0,0
751590,Dinosaurs A Prehistoric Adventure,0,0,0
751780,Forager,0,0,0
753230,STAY,0,0,0
753420,Dungreed,0,0,0
754350,忍者村大战2,0,0,0
754530,IL-2 Sturmovik: Cliffs of Dover Blitz Edition,0,0,0
755540,LIV,0,0,0
755770,YouTube VR,0,0,0
755790,Ring of Elysium,0,0,0
755800,Hades' Star,0,0,0
757130,Paintball War,0,0,0
757240,Aimtastic,0,0,0
757810,Mahlone One,0,0,0
758190,Dragon Cliff,0,0,0
758530,Sprout,0,0,0
759530,Struckd - 3D Game Creator,0,0,0
759970,HIBIKAKEYIRONOKISEKI / 裂色的奇迹 / ひびかけ色のキセキ,0,0,0
760060,Mutant Year Zero: Road to Eden,0,0,0
761620,Beholder 2,0,0,0
761890,Albion Online,0,0,0
763410,Long Live Santa!,0,0,0
764030,Realm Revolutions,0,0,0
764790,The Messenger,0,0,0
765710,Light Bearers,0,0,0
766570,Russian Fishing 4,0,0,0
767420,Wauies - The Pet Shop Game,0,0,0
767560,War Robots,0,0,0
768100,GizmoVR Video Player,0,0,0
768750,MonteCrypto: The Bitcoin Enigma,0,0,0
769920,Odysseus Kosmos and his Robot Quest: Episode 1,0,0,0
770240,PRO EVOLUTION SOCCER 2019,0,0,0
770460,The Dummy Experiment,0,0,0
770500,Goblin Gearshop,0,0,0
771060,Iron League,0,0,0
772070,Harvest Seasons,0,0,0
773951,Freeman: Guerrilla Warfare,0,0,0
774091,Ostalgie: The Berlin Wall,0,0,0
774461,The Jackbox Party Pack 5,0,0,0
774811,YUMENIKKI -DREAM DIARY-,0,0,0
775220,Crusaders of Light,0,0,0
776490,永遠消失的幻想鄉 ～ The Disappearing of Gensokyo,0,0,0
777650,Yet Another Research Dog,0,0,0
778420,JAILBREAK,0,0,0
778610,Foto Flash,0,0,0
778700,Amorous,0,0,0
779650,Ready Player One: OASIS beta,0,0,0
781030,DK Online,0,0,0
781440,"OH MY GOD, LOOK AT THIS KNIGHT",0,0,0
782670,Battle Tanks: Legends of World War II,0,0,0
782690,Gazing from beyond,0,0,0
783050,Bear With Me - Collector's Edition,0,0,0
783170,INSOMNIA: The Ark,0,0,0
783240,Die pig die,0,0,0
784150,Workers & Resources: Soviet Republic,0,0,0
784950,CONFLICT OF NATIONS: WORLD WAR 3,0,0,0
785740,This Is the Police 2,0,0,0
786520,SAO Utils: Beta,0,0,0
787450,KOEWOTAYORINI / 声之寄托,0,0,0
787790,Epic Roller Coasters,0,0,0
787860,Farming Simulator 19,0,0,0
788130,Otaku's Fantasy 2,0,0,0
788470,Stonies,0,0,0
788510,Aeve:Zero Gravity,0,0,0
788770,Meteor 60 Seconds!,0,0,0
788880,Horizon Source,0,0,0
788910,Apartment of Love,0,0,0
789100,My Little Farmies,0,0,0
790600,Stormbound,0,0,0
790710,World of Warplanes,0,0,0
790820,Valkyria Chronicles 4,0,0,0
791330,Fallen ~Makina and the City of Ruins~,0,0,0
791930,BombTag,0,0,0
793350,Swarmlake,0,0,0
794260,Outward,0,0,0
794600,LET IT DIE,0,0,0
795100,Friday the 13th: Killer Puzzle,0,0,0
797390,How To Cope With Boredom and Loneliness,0,0,0
797430,HD Poker: Texas Hold'em,0,0,0
798420,Professional Fishing,0,0,0
799070,Zup! 8,0,0,0
799240,My Free Farm 2,0,0,0
799860,BREATHE,0,0,0
802200,Hellbound: Survival Mode,0,0,0
803030,Seek Or Die,0,0,0
805110,P.A.S.,0,0,0
805550,Assetto Corsa Competizione,0,0,0
805850,Wrecked,0,0,0
805940,RUSSIA BATTLEGROUNDS,0,0,0
806510,Her Lie I Tried To Believe,0,0,0
808290,Runes of Magic,0,0,0
808910,STAR WARS™ Episode I Racer,0,0,0
809960,Radical Heights,0,0,0
812140,Assassin's Creed® Odyssey,0,0,0
813630,Supraland,0,0,0
813820,Realm Royale,0,0,0
814380,Sekiro™: Shadows Die Twice,0,0,0
814540,Changed,0,0,0
815370,Green Hell,0,0,0
815780,PIPE by BMX Streets,0,0,0
816020,JUMP FORCE,0,0,0
816340,Kingdom Rush Origins,0,0,0
816350,The Flood,0,0,0
816670,Slayer Of Traitors,0,0,0
817510,Golfing Over It with Alva Majo,0,0,0
820030,Picross Fairytale - nonogram: Red Riding Hood secret,0,0,0
820750,Cryptocurrency Clicker,0,0,0
822240,Animal Jam - Play Wild!,0,0,0
823130,Totally Accurate Battlegrounds,0,0,0
823550,Booty Calls,0,0,0
823600,Battle Brawlers,0,0,0
827860,Destined,0,0,0
829420,Fun Hospital,0,0,0
831560,WARRIORS OROCHI 4 - 無双OROCHI３,0,0,0
834530,Yakuza Kiwami,0,0,0
834740,Circle Empires,0,0,0
834910,ATLAS,0,0,0
835860,Dreadnought,0,0,0
836480,恋爱模拟器 Love Simulation,0,0,0
838310,Bloodstained: Curse of the Moon,0,0,0
838350,太吾绘卷 The Scroll Of Taiwu,0,0,0
838900,Cereal Soup,0,0,0
840130,Battle Royale: Survivors 究极求生:大逃杀,0,0,0
840140,武侠乂 The Swordsmen X,0,0,0
840410,Mushroom Heroes,0,0,0
840800,Outlaws of the Old West,0,0,0
841370,NBA 2K19,0,0,0
842150,Wild West Saga: Idle Tycoon Clicker,0,0,0
842420,A Walk in the Woods,0,0,0
844380,Cave Digger,0,0,0
844920,Fortissimo FA,0,0,0
844930,Fox Hime Zero,0,0,0
845070,The Awesome Adventures of Captain Spirit,0,0,0
847370,Sunset Overdrive,0,0,0
848450,Subnautica: Below Zero,0,0,0
851100,Touhou Luna Nights,0,0,0
853380,Air Threat,0,0,0
853550,Equilinox,0,0,0
856620,Vカツ / V-Katsu,0,0,0
858060,Idle Heist,0,0,0
858810,Dawn of Man,0,0,0
860950,Mark of the Ninja: Remastered,0,0,0
861050,DemonsAreCrazy,0,0,0
862480,The Spiral Scouts,0,0,0
862690,关于我被小学女生绑架这件事,0,0,0
863550,HITMAN™ 2,0,0,0
866440,What Never Was,0,0,0
866510,!AnyWay!,0,0,0
866540,VR Flush,0,0,0
868360,Project Hospital,0,0,0
869760,Stoneshard: Prologue,0,0,0
871720,Ultimate Custom Night,0,0,0
871990,BattleRush 2,0,0,0
872790,Football Manager 2019,0,0,0
874030,To the Core,0,0,0
874240,MU Legend,0,0,0
875740,Scorch,0,0,0
876330,Revelation Online,0,0,0
876900,Climb,0,0,0
878380,东方大战争 ~ Touhou Big Big Battle,0,0,0
878750,Hentai Girl,0,0,0
879160,Battlerite Royale,0,0,0
880850,War Rock,0,0,0
880940,Pummel Party,0,0,0
882790,天命奇御 Fate Seeker,0,0,0
883710,RESIDENT EVIL 2 / BIOHAZARD RE:2,0,0,0
883860,Cadria Item Shop,0,0,0
884050,Spring of Decadence / 堕落之春,0,0,0
884660,Cuisine Royale,0,0,0
884770,Astro Bouncer,0,0,0
886250,PokerStars VR,0,0,0
888090,TREE,0,0,0
890880,FROSTBITE: Deadly Climate,0,0,0
890920,Glitch,0,0,0
891220,pla_toon,0,0,0
892630,Mojo: Hanako,0,0,0
893520,Creative Destruction,0,0,0
893730,Viki Spotter: Camping,0,0,0
895150,Endless Battle,0,0,0
896590,MilMo,0,0,0
897330,Coloring Pixels,0,0,0
897820,Reigns: Game of Thrones,0,0,0
899440,GOD EATER 3,0,0,0
899970,NEKOPARA Extra,0,0,0
903730,AXIOM SOCCER,0,0,0
904740,东方试闻广纪 ~ Perfect Memento of Touhou Question,0,0,0
905640,Combat Arms: Reloaded,0,0,0
905690,魔物讨伐团,0,0,0
905940,女神驾到(Happy together),0,0,0
906200,Tunche: Arena,0,0,0
906390,Return.,0,0,0
907270,eSports Legend / 电竞传奇,0,0,0
907470,Iris.Fall,0,0,0
909080,Cube Escape: Paradox,0,0,0
911400,Assassin's Creed® III Remastered,0,0,0
914620,Mist Survival,0,0,0
915580,Dungeon Hunter Champions,0,0,0
920190,Greetings,0,0,0
921060,Modern Combat 5,0,0,0
921590,DISSIDIA FINAL FANTASY NT Free Edition,0,0,0
921630,音灵 INVAXION,0,0,0
922320,Sniper 3D Assassin: Free to Play,0,0,0
922450,4X-Galaxy 无主之地：银河,0,0,0
922460,Cheeky Chooks,0,0,0
922630,Mortal Royale,0,0,0
927250,Bladed Fury,0,0,0
927890,Hentai Girl Linda,0,0,0
927990,A Game About,0,0,0
929860,Game Builder,0,0,0
934840,FrostRunner,0,0,0
935270,Great Hero's Beard,0,0,0
936780,Warplanes: WW2 Dogfight,0,0,0
939520,HELLGATE: London,0,0,0
939960,Far Cry® New Dawn,0,0,0
942970,Unheard,0,0,0
950100,PRO EVOLUTION SOCCER 2019 LITE,0,0,0
950530,Mojo 2: Mia,0,0,0
951180,Russian Roulette: One Life,0,0,0
952250,SEPTEMBER 1999,0,0,0
955900,了不起的修仙模拟器,0,0,0
959080,Unsung Warriors - Prologue,0,0,0
960090,Bloons TD 6,0,0,0
962730,Skater XL,0,0,0
963690,Hentai Girl Betty,0,0,0
964350,At Home Alone,0,0,0
964470,Shakes and Fidget Remastered,0,0,0
967050,Pacify,0,0,0
967250,DOKA 2 KISHKI EDITION,0,0,0
968700,The Kite,0,0,0
973760,Thronebreaker: The Witcher Tales,0,0,0
977400,Cell to Singularity - Evolution Never Ends,0,0,0
977950,A Dance of Fire and Ice,0,0,0
978270,Sam & Dan: Floaty Flatmates,0,0,0
978620,Corma,0,0,0
979080,Rebel Forces,0,0,0
980850,Pixel Battle Royale,0,0,0
984110,SYNTHETIK: Arena,0,0,0
991780,探灵笔记-1v5(Notes of Soul),0,0,0
992300,嗜血印 Bloody Spell,0,0,0
994190,Sound Slide,0,0,0
994280,古剑奇谭三(Gujian3),0,0,0
994930,Soccer Manager 2019,0,0,0
1000380,Rogue Reaper,0,0,0
1005930,Timeflow – Time and Money Simulator,0,0,0
1008710,Wet Girl,0,0,0
1011230,高考工厂模拟(Crazy School Simulator),0,0,0
1021950,When the Darkness comes,0,0,0
1025580,Vainglory,0,0,0
1026820,Coloring Game,0,0,0
1029500,中华三国志 the Three Kingdoms of China,0,0,0
1031140,The Horus Heresy: Legions,0,0,0
1043180,Lovers of Aether,0,0,0
1044200,Wasteland Survival,0,0,0
1046030,ISLANDERS,0,0,0
1049800,BLOCKADE Classic,0,0,0
1052070,Burning Daylight,0,0,0
