appid,name,release_date,developer,platforms,positive_ratings,negative_ratings,average_playtime,owners,price
10,Counter-Strike,2000-11-01,Valve,windows;mac;linux,124534,3339,17612,10000000-20000000,7.19
20,Team Fortress Classic,1999-04-01,Valve,windows;mac;linux,3318,633,277,5000000-10000000,3.99
30,Day of Defeat,2003-05-01,Valve,windows;mac;linux,3416,398,187,5000000-10000000,3.99
40,Deathmatch Classic,2001-06-01,Valve,windows;mac;linux,1273,267,258,5000000-10000000,3.99
50,Half-Life: Opposing Force,1999-11-01,Gearbox Software,windows;mac;linux,5250,288,624,5000000-10000000,3.99
60,Ricochet,2000-11-01,Valve,windows;mac;linux,2758,684,175,5000000-10000000,3.99
70,Half-Life,1998-11-08,Valve,windows;mac;linux,27755,1100,1300,5000000-10000000,7.19
80,Counter-Strike: Condition Zero,2004-03-01,Valve,windows;mac;linux,12120,1439,427,10000000-20000000,7.19
130,Half-Life: Blue Shift,2001-06-01,Gearbox Software,windows;mac;linux,3822,420,361,5000000-10000000,3.99
220,Half-Life 2,2004-11-16,Valve,windows;mac;linux,67902,2419,691,10000000-20000000,7.19
240,Counter-Strike: Source,2004-11-01,Valve,windows;mac;linux,76640,3497,6842,10000000-20000000,7.19
280,Half-Life: Source,2004-06-01,Valve,windows;mac;linux,3767,1053,190,2000000-5000000,0.0
300,Day of Defeat: Source,2010-07-12,Valve,windows;mac;linux,10489,1210,1356,5000000-10000000,7.19
320,Half-Life 2: Deathmatch,2004-11-01,Valve,windows;mac;linux,6020,787,311,10000000-20000000,3.99
340,Half-Life 2: Lost Coast,2005-10-27,Valve,windows;mac;linux,5783,1020,46,10000000-20000000,0.0
360,Half-Life Deathmatch: Source,2006-05-01,Valve,windows;mac;linux,1362,473,102,5000000-10000000,0.0
380,Half-Life 2: Episode One,2006-06-01,Valve,windows;mac;linux,7908,517,281,5000000-10000000,5.79
400,Portal,2007-10-10,Valve,windows;mac;linux,51801,1080,288,10000000-20000000,7.19
420,Half-Life 2: Episode Two,2007-10-10,Valve,windows;mac;linux,13902,696,354,5000000-10000000,5.79
440,Team Fortress 2,2007-10-10,Valve,windows;mac;linux,515879,34036,8495,20000000-50000000,0.0
500,Left 4 Dead,2008-11-17,Valve,windows;mac,17951,948,897,5000000-10000000,7.19
550,Left 4 Dead 2,2009-11-19,Valve,windows;mac;linux,251789,8418,1615,10000000-20000000,7.19
570,Dota 2,2013-07-09,Valve,windows;mac;linux,863507,142079,23944,100000000-200000000,0.0
620,Portal 2,2011-04-18,Valve,windows;mac;linux,138220,1891,1102,10000000-20000000,7.19
630,Alien Swarm,2010-07-19,Valve,windows,17435,941,371,2000000-5000000,0.0
730,Counter-Strike: Global Offensive,2012-08-21,Valve;Hidden Path Entertainment,windows;mac;linux,2644404,402313,22494,50000000-100000000,0.0
1200,Red Orchestra: Ostfront 41-45,2006-03-14,Tripwire Interactive,windows;mac;linux,1562,223,232,500000-1000000,3.99
1250,Killing Floor,2009-05-14,Tripwire Interactive,windows;mac;linux,53710,2649,1328,2000000-5000000,14.99
1300,SiN Episodes: Emergence,2006-05-10,Ritual Entertainment,windows,468,61,0,100000-200000,7.19
1500,Darwinia,2005-07-14,Introversion Software,windows;mac;linux,472,158,182,500000-1000000,7.19
1510,Uplink,2006-08-23,Introversion Software,windows;mac;linux,1602,152,65,500000-1000000,6.99
1520,DEFCON,2006-09-29,Introversion Software,windows;mac;linux,2057,344,80,500000-1000000,7.19
1530,Multiwinia,2008-09-19,Introversion Software,windows;mac,368,75,121,500000-1000000,7.19
1600,Dangerous Waters,2006-02-07,Sonalysts,windows,140,44,0,50000-100000,22.99
1610,Space Empires IV Deluxe,2006-02-07,Malfador Machinations,windows,112,26,0,50000-100000,6.99
1630,Disciples II: Rise of the Elves ,2006-07-06,Strategy First,windows,451,108,0,100000-200000,4.99
1640,Disciples II: Gallean's Return,2006-07-06,Strategy First,windows,490,152,9,100000-200000,4.99
1690,Space Empires V,2006-10-16,Malfador Machinations,windows,191,85,35,50000-100000,10.99
1700,Arx Fatalis,2007-04-03,Arkane Studios,windows,671,106,11,100000-200000,2.99
1840,Source Filmmaker,2012-07-10,Valve,windows,15083,1111,239,1000000-2000000,0.0
1900,Earth 2160,2006-04-01,Reality Pump Studios,windows;mac;linux,498,238,405,1000000-2000000,3.99
1930,Two Worlds Epic Edition,2009-04-30,Reality Pump Studios,windows;mac;linux,2656,1055,484,1000000-2000000,6.99
2100,Dark Messiah of Might & Magic,2006-10-25,Arkane Studios,windows,4386,316,634,1000000-2000000,4.29
2200,Quake III Arena,2007-08-03,id Software,windows,1362,66,123,200000-500000,12.99
2210,Quake IV,2011-08-04,RavenSoft / id Software,windows,891,171,36,200000-500000,12.99
2270,Wolfenstein 3D,2007-08-03,id Software,windows,1773,87,69,200000-500000,2.99
2280,Ultimate Doom,2007-08-03,id Software,windows,3705,257,125,500000-1000000,3.99
2290,Final DOOM,2007-08-03,id Software,windows,573,82,120,200000-500000,3.99
2300,DOOM II,2007-08-03,id Software,windows,2517,182,90,500000-1000000,3.99
2310,QUAKE,2007-08-03,id Software,windows,2618,136,167,200000-500000,3.99
2320,QUAKE II,2007-08-03,id Software,windows,1369,107,291,200000-500000,3.99
2330,QUAKE II Mission Pack: The Reckoning,2007-08-03,Xatrix Entertainment,windows,65,12,32,200000-500000,2.49
2340,QUAKE II Mission Pack: Ground Zero,2007-08-03,Rogue Entertainment,windows,54,33,1,200000-500000,2.49
2350,QUAKE III: Team Arena,2007-08-03,id Software,windows,108,31,0,200000-500000,12.99
2360,HeXen: Beyond Heretic,2007-08-03,Raven Software,windows,249,26,50,200000-500000,2.99
2370,HeXen: Deathkings of the Dark Citadel,2007-08-03,Raven Software,windows,57,20,0,100000-200000,2.99
2390,Heretic: Shadow of the Serpent Riders,2007-08-03,Raven Software,windows,417,29,0,200000-500000,2.99
2400,The Ship: Murder Party,2006-07-11,Outerlight Ltd.,windows,4819,792,233,1000000-2000000,0.0
2450,Bloody Good Time,2010-10-29,Outerlight Ltd.,windows,662,204,193,100000-200000,4.29
2500,Shadowgrounds,2006-05-08,Frozenbyte,windows;mac,973,248,186,500000-1000000,3.99
2520,Gumboy - Crazy Adventures™,2006-12-19,"CINEMAX, s.r.o.",windows,52,46,0,50000-100000,0.0
2590,Alpha Prime,2007-11-07,Black Element,windows,610,523,0,200000-500000,2.99
2600,Vampire: The Masquerade - Bloodlines,2007-03-22,Troika Games,windows,6161,362,350,500000-1000000,14.99
2610,GUN™,2006-10-13,Neversoft,windows,740,87,462,50000-100000,9.99
2620,Call of Duty®,2006-10-13,Infinity Ward,windows,1555,117,545,200000-500000,14.99
2630,Call of Duty® 2,2006-10-13,Infinity Ward;Aspyr (Mac),windows;mac,2434,236,750,200000-500000,14.99
2640,Call of Duty: United Offensive,2006-10-13,Gray Matter Studios,windows,490,97,0,200000-500000,14.99
2800,X2: The Threat,2006-07-21,Egosoft,windows,212,50,732,200000-500000,4.99
2810,X3: Reunion,2006-07-21,Egosoft,windows;mac;linux,282,113,831,200000-500000,9.99
2820,X3: Terran Conflict,2008-10-16,Egosoft,windows;mac;linux,1633,272,972,500000-1000000,15.99
2840,X: Beyond the Frontier,2010-10-08,Egosoft,windows,142,48,648,200000-500000,3.49
2870,X Rebirth,2013-11-15,Egosoft,windows;mac;linux,2832,4032,1744,200000-500000,24.99
2910,Fleet Command,2006-10-26,Sonalysts,windows,127,31,0,50000-100000,22.99
2990,FlatOut 2™,2006-12-21,Bugbear Entertainment,windows,5438,343,293,500000-1000000,5.99
3020,Call of Juarez™,2007-11-08,Techland,windows,793,198,46,100000-200000,8.59
3130,Men of War: Red Tide,2009-11-01,1C Entertainment,windows,294,69,0,200000-500000,3.99
3170,King's Bounty: Armored Princess,2009-11-19,Katauri Interactive,windows;mac,482,53,1422,200000-500000,7.99
3260,Safecracker: The Ultimate Puzzle Adventure,2007-08-29,Kheops Studio,windows,256,172,1,50000-100000,4.49
3270,Painkiller Overdose,2007-10-30,Mindware Studios,windows,429,137,270,200000-500000,4.49
3330,Zuma Deluxe,2006-08-30,"PopCap Games, Inc.",windows;mac,437,37,267,100000-200000,4.25
3480,Peggle Deluxe,2007-03-06,"PopCap Games, Inc.",windows;mac,1106,66,214,200000-500000,4.25
3483,Peggle Extreme,2007-09-11,"PopCap Games, Inc.",windows,707,58,1,200000-500000,0.0
3540,Peggle™ Nights,2008-10-15,"PopCap Games, Inc.",windows;mac,368,24,237,200000-500000,4.25
3590,Plants vs. Zombies GOTY Edition,2009-05-05,"PopCap Games, Inc.",windows;mac,14630,454,480,1000000-2000000,4.25
3600,Escape Rosecliff Island,2009-04-15,SpinTop Games,windows;mac,97,57,0,50000-100000,4.25
3620,Zuma's Revenge!,2009-09-15,"PopCap Games, Inc.",windows,435,28,0,100000-200000,4.25
3700,Sniper Elite,2009-07-16,Rebellion,windows,1181,377,262,500000-1000000,5.59
3710,Judge Dredd: Dredd vs. Death,2009-03-26,Rebellion,windows,559,79,8,50000-100000,5.59
3720,Evil Genius,2009-06-22,Elixir Studios,windows,1847,95,287,200000-500000,6.99
3730,Aliens versus Predator Classic 2000,2010-01-15,Rebellion,windows,1434,219,20,200000-500000,3.99
3800,Advent Rising,2006-09-14,GlyphX Games,windows,260,71,0,50000-100000,7.19
3810,BloodRayne,2006-09-14,Terminal Reality,windows,369,110,111,50000-100000,6.99
3820,BloodRayne 2,2006-09-14,Terminal Reality,windows,259,103,771,50000-100000,6.99
3830,Psychonauts,2006-10-11,Double Fine Productions,windows;mac;linux,8204,456,491,2000000-5000000,6.99
3900,Sid Meier's Civilization® IV,2006-10-25,Firaxis Games,windows;mac,1394,129,49,1000000-2000000,9.99
3910,Sid Meier's Civilization® III Complete,2006-10-25,Firaxis Games,windows,2578,405,1166,2000000-5000000,2.99
3920,Sid Meier's Pirates!,2005-07-11,Firaxis Games,windows,2641,193,296,500000-1000000,5.99
3980,CivCity: Rome,2007-04-06,FireFly Studios;Firaxis Games,windows,184,65,0,50000-100000,5.99
3990,Civilization IV®: Warlords,2007-04-06,Firaxis Games,windows;mac,121,20,0,1000000-2000000,2.99
4000,Garry's Mod,2006-11-29,Facepunch Studios,windows;mac;linux,363721,16433,12422,10000000-20000000,6.99
4230,RACE - The WTCC Game,2006-11-24,SimBin,windows,119,43,0,200000-500000,25.99
4500,S.T.A.L.K.E.R.: Shadow of Chernobyl,2007-03-20,GSC Game World,windows,11039,570,493,1000000-2000000,9.99
4520,Full Spectrum Warrior,2007-07-17,Pandemic Studios,windows,106,60,124,100000-200000,7.99
4530,Full Spectrum Warrior: Ten Hammers,2007-07-17,Pandemic Studios,windows,76,38,1,100000-200000,4.99
4560,Company of Heroes - Legacy Edition,2007-07-17,Relic Entertainment,windows,4772,320,175,2000000-5000000,0.0
4570,"Warhammer® 40,000: Dawn of War® - Game of the Year Edition",2007-08-07,Relic Entertainment,windows,3485,206,309,1000000-2000000,9.99
4580,"Warhammer® 40,000: Dawn of War® - Dark Crusade",2007-08-07,Relic Entertainment,windows,2849,133,543,1000000-2000000,9.99
4700,Total War: MEDIEVAL II – Definitive Edition,2006-11-15,CREATIVE ASSEMBLY;Feral Interactive (Mac);Feral Interactive (Linux),windows;mac;linux,10270,605,469,2000000-5000000,0.0
4720,Condemned: Criminal Origins,2012-10-29,Monolith,windows,1243,221,312,200000-500000,9.99
4760,Rome: Total War™ - Collection,2007-08-28,CREATIVE ASSEMBLY,windows,7806,562,897,1000000-2000000,8.99
4770,Rome: Total War™ - Alexander,2007-08-28,The Creative Assembly,windows,331,131,33,500000-1000000,8.99
4780,Medieval II: Total War™ Kingdoms,2007-08-28,The Creative Assembly;Feral Interactive (Mac);Feral Interactive (Linux),windows;mac;linux,585,30,0,200000-500000,0.0
4800,Heroes of Annihilated Empires,2006-11-22,GSC Game World,windows,259,46,0,50000-100000,9.99
4850,Cossacks: Back to War,2010-09-02,GSC Game World,windows,1081,143,1134,100000-200000,3.99
4870,Cossacks: Art of War,2011-08-26,GSC Game World,windows,102,22,0,100000-200000,3.99
4880,Cossacks: European Wars,2011-08-26,GSC Game World,windows,170,66,1,100000-200000,3.99
4890,Cossacks II: Battle for Europe,2011-08-26,GSC Game World,windows,246,138,71,100000-200000,3.99
4920,Natural Selection 2,2012-10-30,Unknown Worlds Entertainment,windows;linux,8372,1498,627,1000000-2000000,6.99
6000,STAR WARS™ Republic Commando™,2009-07-08,LucasArts,windows,6392,379,369,1000000-2000000,7.19
6010,Indiana Jones® and the Fate of Atlantis™,2009-07-08,LucasArts,windows;mac,597,31,419,100000-200000,4.79
6020,STAR WARS™ Jedi Knight - Jedi Academy™,2009-09-16,Raven Software;Aspyr (Mac),windows;mac,5684,330,1254,1000000-2000000,7.19
6030,STAR WARS™ Jedi Knight II - Jedi Outcast™,2009-09-16,Raven Software;Aspyr (Mac),windows;mac,2020,219,127,1000000-2000000,7.19
6040,The Dig®,2009-07-08,LucasArts,windows;mac,575,55,801,100000-200000,4.79
6060,"Star Wars: Battlefront 2 (Classic, 2005)",2009-07-08,Pandemic Studios,windows,29149,2425,618,2000000-5000000,7.19
6120,Shank,2010-10-25,Klei Entertainment,windows;mac;linux,1749,227,255,200000-500000,7.19
6200,Ghost Master®,2006-12-21,Sick Puppies,windows,1025,164,21,100000-200000,3.99
6220,FlatOut,2007-02-02,Bugbear Entertainment,windows,1977,186,78,200000-500000,4.99
6250,Making History: The Calm & the Storm,2007-03-13,Muzzy Lane,windows,460,107,0,50000-100000,3.99
6300,Dreamfall: The Longest Journey,2007-01-12,Funcom,windows,588,89,20,100000-200000,13.99
6310,The Longest Journey,2007-05-01,Funcom,windows,1152,102,14,200000-500000,5.99
6370,Bloodline Champions,2011-10-28,Stunlock Studios,windows,1365,226,70,500000-1000000,0.0
6420,Nexus - The Jupiter Incident,2007-07-03,Mithis Games;THQ Nordic,windows,474,90,0,50000-100000,6.99
6510,Lost Planet™: Extreme Condition,2007-06-29,"CAPCOM Co., Ltd.",windows,569,178,74,200000-500000,9.99
6550,Devil May Cry® 3 Special Edition,2007-06-12,"CAPCOM Co., Ltd.",windows,1462,1052,90,200000-500000,15.99
6800,Commandos: Behind Enemy Lines,2007-03-15,Pyro Studios,windows,1561,213,63,500000-1000000,3.99
6810,Commandos: Beyond the Call of Duty,2007-03-15,Pyro Studios,windows,404,71,12,500000-1000000,3.99
6830,Commandos 2: Men of Courage,2007-03-15,Pyro Studios,windows,1333,238,201,500000-1000000,3.99
6840,Commandos 3: Destination Berlin,2007-03-15,Pyro Studios,windows,421,265,14,500000-1000000,3.99
6850,Hitman 2: Silent Assassin,2007-03-15,Io-Interactive A/S,windows,1514,260,63,1000000-2000000,8.29
6860,Hitman: Blood Money,2007-03-15,Io-Interactive A/S,windows,5864,391,435,1000000-2000000,9.29
6870,Battlestations: Midway,2007-03-15,Eidos Interactive,windows,316,113,0,200000-500000,4.99
6880,Just Cause,2007-03-15,Avalanche Studios,windows,1732,846,20,1000000-2000000,4.99
6900,Hitman: Codename 47,2007-03-15,IO Interactive A/S,windows,1186,450,62,1000000-2000000,7.19
6910,Deus Ex: Game of the Year Edition,2007-03-29,Ion Storm,windows,6242,347,324,1000000-2000000,4.99
6920,Deus Ex: Invisible War,2007-03-29,Ion Storm,windows,649,433,24,500000-1000000,4.99
6980,Thief: Deadly Shadows,2007-03-29,Ion Storm,windows,1135,210,254,500000-1000000,6.99
7000,Tomb Raider: Legend,2007-03-29,Crystal Dynamics,windows,1656,243,714,500000-1000000,4.99
7010,Project: Snowblind,2007-03-29,Crystal Dynamics,windows,175,61,0,50000-100000,3.99
7020,Rogue Trooper,2007-03-29,Rebellion,windows,248,15,0,50000-100000,6.99
7110,Jade Empire™: Special Edition,2007-02-27,BioWare Corporation,windows,809,279,0,200000-500000,8.99
7200,Trackmania United Forever Star Edition,2008-04-16,Nadeo,windows,963,55,4774,100000-200000,25.99
7210,"Runaway, A Road Adventure",2007-03-14,Pendulo Studios,windows,236,90,14,100000-200000,6.99
7220,"Runaway, The Dream of The Turtle",2007-03-14,Pendulo Studios,windows,86,65,0,100000-200000,6.99
7510,X-Blades,2009-04-30,Gaijin Entertainment,windows;mac;linux,1566,981,313,500000-1000000,6.99
7520,Two Worlds II HD,2011-02-03,Reality Pump Studios,windows;mac,3054,2051,327,500000-1000000,14.99
7530,Two Worlds II Castle Defense,2011-06-14,Reality Pump Studios,windows;mac,153,194,320,200000-500000,6.99
7600,Sid Meier's Railroads!,2007-05-04,Firaxis Games;Feral Interactive (Mac),windows;mac,1114,570,165,500000-1000000,5.99
7610,Railroad Tycoon 3,2007-05-04,PopTop,windows,355,153,46,200000-500000,5.99
7620,Railroad Tycoon II Platinum,2007-05-04,PopTop,windows,420,82,1244,200000-500000,2.99
7650,X-COM: Terror From the Deep,2007-05-04,"MicroProse Software, Inc",windows,385,32,66,500000-1000000,2.99
7660,X-COM: Apocalypse,2008-09-04,"MicroProse Software, Inc",windows,417,53,18,500000-1000000,2.99
7730,X-COM: Interceptor,2008-09-04,"MicroProse Software, Inc",windows,57,54,0,500000-1000000,2.99
7760,X-COM: UFO Defense,2008-09-04,"MicroProse Software, Inc",windows,2165,136,2235,1000000-2000000,2.99
7770,X-COM: Enforcer,2008-09-04,"MicroProse Software, Inc",windows,146,138,0,500000-1000000,2.99
7830,Men of War™,2009-05-06,Best Way,windows,1664,257,0,200000-500000,3.99
7860,NecroVision,2009-05-20,The Farm 51,windows,539,270,113,100000-200000,3.99
7940,Call of Duty® 4: Modern Warfare®,2007-11-12,Infinity Ward;Aspyr (Mac),windows;mac,8725,821,1417,1000000-2000000,19.99
8000,Tomb Raider: Anniversary,2007-06-05,Crystal Dynamics;Feral Interactive (Mac),windows,1964,389,239,500000-1000000,6.99
8080,Kane and Lynch: Dead Men™,2007-12-13,IO Interactive,windows,1223,724,209,200000-500000,4.99
8100,Conflict: Denied Ops,2008-02-08,Pivotal Games,windows,89,103,0,50000-100000,3.99
8140,Tomb Raider: Underworld,2008-11-21,Crystal Dynamics,windows,1779,594,313,500000-1000000,6.99
8170,Battlestations Pacific,2009-05-13,Eidos Studio Hungary,windows,1028,542,132,200000-500000,6.99
8190,Just Cause 2,2010-03-23,Avalanche Studios,windows,33636,3231,519,2000000-5000000,9.99
8310,Bone: Out From Boneville,2008-06-17,Telltale Games,windows,78,71,0,100000-200000,0.0
8320,Bone: The Great Cow Race,2008-06-17,Telltale Games,windows,44,33,0,100000-200000,0.0
8330,Telltale Texas Hold ‘Em,2008-06-17,Telltale Games,windows,69,77,0,100000-200000,1.99
8340,Strong Bad's Cool Game for Attractive People: Season 1,2008-12-18,Telltale Games,windows;mac,218,25,0,100000-200000,22.99
8400,Geometry Wars: Retro Evolved,2007-06-18,Bizarre Creations,windows,583,62,109,100000-200000,2.99
8500,EVE Online,2010-12-15,CCP,windows;mac,8317,2832,5123,1000000-2000000,0.0
8600,RACE 07,2007-10-15,SimBin,windows,1684,348,1636,1000000-2000000,2.49
8790,GTR 2 FIA GT Racing Game,2012-12-12,SimBin Studios AB,windows,174,16,0,50000-100000,4.99
8800,Civilization IV: Beyond the Sword,2007-07-24,Firaxis Games,windows;mac,1396,66,108,1000000-2000000,5.99
8870,BioShock Infinite,2013-03-25,Irrational Games;Aspyr (Mac);Virtual Programming (Linux),windows;mac;linux,79442,3846,614,2000000-5000000,19.99
8880,Freedom Force,2009-05-29,Irrational Games,windows,197,150,16,200000-500000,2.99
8890,Freedom Force vs. the Third Reich,2009-05-29,Irrational Games,windows,121,28,23,200000-500000,2.99
8930,Sid Meier's Civilization® V,2010-09-23,Firaxis Games;Aspyr (Mac);Aspyr (Linux),windows;mac;linux,129030,5565,4760,5000000-10000000,19.99
9000,Spear of Destiny,2007-08-03,id Software,windows,200,36,0,200000-500000,2.49
9010,Return to Castle Wolfenstein,2007-08-03,Gray Matter Studios,windows,3084,276,32,200000-500000,3.99
9030,QUAKE Mission Pack 2: Dissolution of Eternity,2007-08-03,Rogue Entertainment,windows,143,15,88,200000-500000,2.49
9040,QUAKE Mission Pack 1: Scourge of Armagon,2007-08-03,Ritual Entertainment,windows,205,13,129,200000-500000,2.49
9050,DOOM 3,2007-08-03,id Software,windows,2633,376,362,200000-500000,0.0
9060,HeXen II,2007-08-03,Raven Software,windows,173,39,10,200000-500000,2.99
9160,Master Levels for Doom II,2007-08-03,id Software,windows,310,69,7,500000-1000000,0.0
9180,Commander Keen,2007-08-03,id Software,windows,737,51,145,200000-500000,2.99
9200,RAGE,2011-10-03,id Software,windows,9394,2882,559,1000000-2000000,7.99
9310,"Warhammer® 40,000: Dawn of War® – Winter Assault",2007-08-07,Relic Entertainment,windows,606,76,213,500000-1000000,9.99
9340,Company of Heroes: Opposing Fronts,2007-09-24,Relic Entertainment,windows,579,52,79,2000000-5000000,9.99
9350,Supreme Commander,2011-09-28,Gas Powered Games,windows,1065,162,306,1000000-2000000,8.99
9420,Supreme Commander: Forged Alliance,2011-09-28,Gas Powered Games,windows,4969,174,803,1000000-2000000,8.99
9450,"Warhammer® 40,000: Dawn of War® - Soulstorm",2008-03-07,Relic Entertainment,windows,4887,286,1433,1000000-2000000,9.99
9460,Frontlines™: Fuel of War™,2008-02-29,Kaos Studios,windows,378,229,154,200000-500000,9.99
9480,Saints Row 2,2009-01-07,Volition,windows;linux,9442,2881,322,2000000-5000000,9.99
9500,Gish,2007-07-20,Cryptic Sea,windows;mac,160,94,23,200000-500000,5.99
9710,Desperados 2: Cooper's Revenge,2008-03-12,Spellbound,windows,42,54,0,50000-100000,6.99
9800,Death to Spies,2008-03-12,Haggard Games,windows,428,145,64,100000-200000,3.99
9880,Champions Online,2011-06-14,Cryptic Studios,windows,2081,823,12952,1000000-2000000,0.0
9900,Star Trek Online,2012-01-31,Cryptic Studios,windows,7639,2391,2514,1000000-2000000,0.0
9940,Blade Kitten,2014-05-22,Krome Studios,windows,746,149,222,50000-100000,1.99
10090,Call of Duty: World at War,2008-11-18,Treyarch,windows,19595,1483,2331,1000000-2000000,19.99
10100,King's Quest™ Collection,2009-07-23,Sierra,windows,125,32,10,100000-200000,14.99
10110,Space Quest™ Collection,2009-07-23,Sierra,windows,143,42,10,100000-200000,9.99
10130,TimeShift™,2009-07-23,Saber Interactive,windows,623,159,0,100000-200000,9.99
10150,Prototype™,2009-06-12,Radical Entertainment,windows,3702,904,645,500000-1000000,14.99
10180,Call of Duty®: Modern Warfare® 2,2009-11-11,Infinity Ward;Aspyr (Mac),windows;mac,30006,2826,999,5000000-10000000,19.99
10220,Postal III,2012-02-17,Trashmasters,windows,641,1101,411,50000-100000,8.99
10270,Disciples III: Reincarnation,2014-02-14,Akella,windows,618,252,889,50000-100000,9.99
10500,Total War: EMPIRE – Definitive Edition,2009-03-04,CREATIVE ASSEMBLY;Feral Interactive (Mac);Feral Interactive (Linux),windows;mac;linux,14928,1719,3176,2000000-5000000,19.99
10680,Aliens vs. Predator™,2010-02-16,Rebellion,windows,9448,1186,170,1000000-2000000,9.99
11020,TrackMania Nations Forever,2008-04-16,Nadeo,windows,8252,1244,902,2000000-5000000,0.0
11040,Sherlock Holmes - Nemesis,2008-08-07,Frogwares,windows,114,43,0,100000-200000,6.99
11130,Sherlock Holmes: The Mystery of the Mummy,2009-08-06,Frogwares,windows,59,130,0,100000-200000,0.0
11140,Sherlock Holmes: The Awakened - Remastered Edition,2009-08-06,Frogwares,windows,178,49,0,100000-200000,6.99
11150,Sherlock Holmes: The Silver Earring,2009-08-06,Frogwares,windows,98,54,0,50000-100000,6.99
11190,Sherlock Holmes versus Jack the Ripper,2009-12-23,Frogwares,windows,300,94,0,100000-200000,6.99
11200,Shadowgrounds Survivor,2007-11-14,Frozenbyte,windows;mac,328,239,355,200000-500000,6.99
11230,Gumboy Tournament,2008-05-19,"CINEMAX, s.r.o.",windows,351,142,46,50000-100000,1.79
11240,Space Trader: Merchant Marine,2008-10-23,Meridian4,windows,299,310,15,200000-500000,3.99
11250,Pacific Storm,2008-06-24,Buka Entertainment;Lesta Studio,windows,20,9,0,50000-100000,5.59
11260,Pacific Storm Allies,2008-08-18,Lesta Studio,windows,78,56,0,50000-100000,5.59
11280,Penguins Arena: Sedna's World,2008-12-18,Frogames,windows;mac,902,129,91,100000-200000,4.79
11330,Obulis,2009-03-19,IonFX,windows,586,130,41,100000-200000,3.99
11340,Larva Mortus,2009-03-19,Meridian4,windows,523,161,76,100000-200000,3.99
11360,Chains,2009-07-01,2DEngine.com,windows;mac,433,148,36,100000-200000,3.99
11450,Overlord™,2009-11-12,Triumph Studios;Virtual Programming,windows;mac;linux,3439,276,304,1000000-2000000,3.49
11480,Soldiers: Heroes of World War II,2014-07-03,Best Way,windows,273,61,0,100000-200000,3.99
11590,Hospital Tycoon,2009-02-13,Deep Red Limited,windows,175,301,119,200000-500000,3.49
12100,Grand Theft Auto III,2008-01-04,Rockstar Games,windows,4718,750,98,1000000-2000000,5.99
12110,Grand Theft Auto: Vice City,2011-01-10,Rockstar Games,windows,9817,819,209,2000000-5000000,5.99
12120,Grand Theft Auto: San Andreas,2008-01-04,Rockstar Games,windows,26877,3243,807,2000000-5000000,9.99
12130,Manhunt,2008-01-04,Rockstar North,windows,816,433,99,200000-500000,5.99
12140,Max Payne,2008-01-04,Remedy Entertainment,windows,3926,435,316,500000-1000000,5.99
12150,Max Payne 2: The Fall of Max Payne,2008-01-04,Remedy Entertainment,windows,2506,172,175,500000-1000000,5.99
12170,Grand Theft Auto,2008-01-04,Rockstar North,windows,199,30,7,500000-1000000,0.0
12180,Grand Theft Auto 2,2008-01-04,Rockstar North,windows,184,17,3,500000-1000000,0.0
12200,Bully: Scholarship Edition,2008-10-21,Rockstar New England,windows,8504,1764,319,1000000-2000000,9.99
12210,Grand Theft Auto IV,2008-12-02,Rockstar North;Rockstar Toronto,windows,35240,18926,1255,2000000-5000000,19.99
12220,Grand Theft Auto: Episodes from Liberty City,2010-04-12,Rockstar North / Toronto,windows,6401,2345,508,2000000-5000000,14.99
12320,Sacred Gold,2008-07-09,Ascaron Entertainment ltd.,windows,1489,319,337,200000-500000,6.99
12330,Darkstar One,2008-02-13,Ascaron Entertainment ltd.,windows,256,59,0,100000-200000,6.99
12360,FlatOut: Ultimate Carnage,2008-08-26,Bugbear Entertainment,windows,1967,394,37,200000-500000,16.99
12470,Port Royale 2,2009-06-16,Ascaron Entertainment ltd.,windows,174,95,203,50000-100000,2.99
12500,PuzzleQuest: Challenge of the Warlords,2008-01-29,Infinite Interactive,windows,561,80,52,100000-200000,6.99
12520,18 Wheels of Steel: American Long Haul,2008-01-29,SCS Software,windows,245,111,0,50000-100000,6.99
12640,Drakensang,2009-03-09,Radon Labs,windows,238,72,0,100000-200000,6.99
12710,Overlord™: Raising Hell,2009-11-12,Triumph Studios;Virtual Programming,windows;mac;linux,946,75,446,500000-1000000,6.99
12770,Rise of the Argonauts,2009-01-07,Liquid Entertainment,windows,365,178,88,200000-500000,4.99
12790,Damnation,2009-05-22,Blue Omega Entertainment,windows,132,182,0,50000-100000,6.99
12810,Overlord II,2009-06-24,Triumph Studios;Virtual Programming,windows;mac;linux,2116,306,197,1000000-2000000,6.99
12830,Operation Flashpoint: Dragon Rising,2009-10-08,Codemasters Studios,windows,1024,580,413,500000-1000000,6.99
13140,America's Army 3,2009-06-17,U.S. Army,windows,1515,723,12,500000-1000000,0.0
13200,Unreal 2: The Awakening,2008-03-17,"Epic Games, Inc.",windows,240,100,682,200000-500000,8.99
13210,Unreal Tournament 3 Black,2009-03-05,"Epic Games, Inc.",windows,2414,278,542,500000-1000000,13.99
13230,Unreal Tournament 2004: Editor's Choice Edition,2004-03-17,"Epic Games, Inc.",windows,2211,66,414,200000-500000,8.99
13240,Unreal Tournament: Game of the Year Edition,2008-03-17,"Epic Games, Inc.",windows,2134,65,565,200000-500000,5.99
13250,Unreal Gold,2008-03-17,"Epic Games, Inc.",windows,1228,132,67,500000-1000000,5.99
13500,Prince of Persia: Warrior Within™,2009-08-27,Ubisoft,windows,657,101,307,200000-500000,8.59
13520,Far Cry®,2008-04-01,Crytek Studios,windows,3099,609,126,500000-1000000,8.59
13530,Prince of Persia: The Two Thrones™,2009-08-27,Ubisoft Montreal,windows,365,109,205,200000-500000,8.59
13540,Tom Clancy's Rainbow Six® Vegas,2008-04-09,Ubisoft Montreal,windows,371,106,0,200000-500000,8.59
13560,Tom Clancy's Splinter Cell®,2008-04-01,Ubisoft,windows,900,147,28,200000-500000,4.29
13570,Tom Clancy's Splinter Cell Chaos Theory®,2009-08-27,Ubisoft Montreal,windows,1777,140,22,200000-500000,8.59
13580,Tom Clancy's Splinter Cell Double Agent®,2009-02-13,Ubisoft Montreal,windows,356,454,0,200000-500000,8.59
13600,Prince of Persia®: The Sands of Time,2009-08-27,Kudosoft,windows,831,122,167,200000-500000,8.59
13620,Tom Clancy's Ghost Recon® Desert Siege™,2008-07-15,Red Storm Entertainment,windows,34,2,2,100000-200000,4.29
15000,Tom Clancy's Rainbow Six Lockdown™,2009-08-27,Red Storm Entertainment,windows,80,79,20,100000-200000,4.29
15100,Assassin's Creed™: Director's Cut Edition,2008-04-09,Ubisoft Montreal,windows,5743,1162,360,500000-1000000,8.59
15120,Tom Clancy's Rainbow Six® Vegas 2,2008-04-16,Ubisoft Montreal,windows,2582,456,1349,500000-1000000,8.59
15130,Beyond Good and Evil™,2008-05-13,Ubisoft,windows,1823,186,355,200000-500000,4.29
15170,Heroes of Might & Magic V,2008-05-13,Nival,windows,1258,183,396,200000-500000,8.59
15190,Brothers in Arms: Road to Hill 30™,2008-05-13,Gearbox Software,windows,624,100,69,100000-200000,4.29
15200,Silent Hunter®: Wolves of the Pacific,2009-08-27,Ubisoft Romania,windows,234,128,134,50000-100000,8.59
15210,Silent Hunter® III,2008-06-13,Ubisoft,windows,685,113,0,100000-200000,4.29
15240,Silent Hunter®: Wolves of the Pacific U-Boat Missions,2009-08-27,Ubisoft Romania,windows,70,24,0,50000-100000,4.29
15300,Tom Clancy's Ghost Recon®,2008-07-15,Red Storm Entertainment,windows,536,45,476,100000-200000,8.59
15320,IL-2 Sturmovik: 1946,2008-06-13,1C: Maddox Games,windows,1287,185,1812,200000-500000,8.69
15370,Heroes of Might & Magic V: Tribes of the East,2008-10-10,Nival,windows,759,66,6679,200000-500000,8.59
15380,Heroes of Might & Magic V: Hammers of Fate,2008-10-10,Nival,windows,84,21,19,200000-500000,8.59
15390,Brothers in Arms: Hell's Highway™,2008-10-08,Gearbox Software,windows,823,98,346,100000-200000,8.59
15500,The Wonderful End of the World,2008-07-17,"Dejobaan Games, LLC",windows,402,135,0,100000-200000,6.99
15520,AaAaAA!!! - A Reckless Disregard for Gravity,2009-09-03,"Dejobaan Games, LLC",windows,547,103,151,100000-200000,6.99
15560,AaaaaAAaaaAAAaaAAAAaAAAAA!!! for the Awesome,2011-11-23,"Dejobaan Games, LLC;Owlchemy Labs",windows;mac;linux,747,252,136,200000-500000,6.99
15620,"Warhammer 40,000: Dawn of War II",2009-02-18,Relic Entertainment;Feral Interactive (Mac/Linux),windows;mac;linux,5626,755,628,2000000-5000000,14.99
15700,Oddworld: Abe's Oddysee®,2008-08-28,Oddworld Inhabitants,windows,2739,442,387,2000000-5000000,1.99
15710,Oddworld: Abe's Exoddus®,2008-08-28,Oddworld Inhabitants,windows,806,48,67,200000-500000,1.99
15740,Oddworld: Munch's Oddysee,2010-12-20,Oddworld Inhabitants,windows,437,155,3,200000-500000,3.99
15750,Oddworld: Stranger's Wrath HD,2010-12-20,Oddworld Inhabitants,windows,759,139,98,200000-500000,6.99
16450,F.E.A.R. 2: Project Origin,2009-02-12,Monolith,windows,3274,509,301,1000000-2000000,9.99
16600,Trials 2: Second Edition,2008-05-28,Redlynx,windows,169,33,382,50000-100000,5.99
16710,Insecticide Part 1,2008-07-01,Crackpot Entertainment,windows,308,110,264,100000-200000,0.79
16720,Velvet Assassin,2009-05-01,Replay Studios,windows;mac,1219,832,9,200000-500000,1.69
16730,Legendary,2008-12-01,Spark Unlimited,windows,1095,1000,90,200000-500000,1.69
16810,Sid Meier's Civilization IV: Colonization,2008-09-23,Firaxis Games,windows;mac,330,95,1,1000000-2000000,9.99
17080,Tribes: Ascend,2012-06-27,Hi-Rez Studios,windows,6470,1738,128,2000000-5000000,0.0
17100,Children of the Nile: Enhanced Edition,2008-07-08,"Tilted Mill Entertainment, Inc.",windows,180,38,0,50000-100000,5.99
17300,Crysis,2008-09-17,Crytek,windows,6075,1277,313,1000000-2000000,9.99
17330,Crysis Warhead®,2008-09-17,Crytek,windows,1694,312,18,500000-1000000,7.99
17390,SPORE™,2008-12-19,Maxis™,windows,15101,2014,1142,2000000-5000000,14.99
17410,Mirror's Edge™,2009-01-14,DICE,windows,17880,2341,260,2000000-5000000,9.99
17430,Need for Speed Undercover,2008-12-19,EA Black Box,windows,2351,1081,916,200000-500000,9.99
17440,SPORE™ Creepy & Cute Parts Pack,2008-12-19,Maxis™,windows,481,100,171,500000-1000000,9.99
17450,Dragon Age: Origins,2009-11-05,BioWare,windows,6207,468,2061,500000-1000000,14.99
17460,Mass Effect,2008-12-19,BioWare,windows,10107,666,612,1000000-2000000,7.99
17470,Dead Space,2009-01-09,EA Redwood Shores,windows,9136,1049,295,2000000-5000000,14.99
17480,Command & Conquer: Red Alert 3,2009-01-08,EA Los Angeles,windows,4390,855,575,500000-1000000,9.99
17500,Zombie Panic! Source,2008-10-03,Zombie Panic Team,windows;linux,5267,914,948,500000-1000000,0.0
17570,"Pirates, Vikings, and Knights II",2010-02-12,Octoshark Studios,windows;mac;linux,3839,582,117,500000-1000000,0.0
17710,Nuclear Dawn,2011-09-26,GameConnect;InterWave Studios,windows;mac;linux,1675,441,971,200000-500000,6.99
17740,Empires Mod,2008-07-28,Empires,windows;linux,663,115,701,100000-200000,0.0
18000,"Precipice of Darkness, Episode One",2008-05-21,Hothead Games,windows,394,42,7,200000-500000,5.99
18020,"Precipice of Darkness, Episode Two",2008-11-07,Hothead Games,windows,118,23,0,200000-500000,5.99
18040,DeathSpank,2010-10-25,Hothead Games,windows;mac,540,34,1008,100000-200000,7.99
18050,DeathSpank: Thongs of Virtue,2010-11-30,Hothead Games,windows;mac,125,18,0,50000-100000,7.99
18070,The Baconing,2011-08-31,Hothead Games,windows;mac,149,37,14,100000-200000,9.99
18120,Unstoppable Gorg,2012-01-19,Futuremark,windows;mac,190,48,37,50000-100000,6.99
18300,Spectraball,2008-10-20,Shorebound Studios,windows;mac;linux,297,101,126,50000-100000,3.99
18400,Crazy Machines 2,2008-06-20,Fakt Software,windows,97,108,66,100000-200000,7.19
18420,Crazy Machines,2008-12-12,Fakt Software,windows,98,24,0,50000-100000,6.99
18500,Defense Grid: The Awakening,2008-12-08,Hidden Path Entertainment,windows,3307,113,455,500000-1000000,6.99
18700,And Yet It Moves,2009-04-02,Broken Rules,windows;mac;linux,735,327,17,200000-500000,6.99
18820,Zero Gear,2010-01-12,Brian Cronin,windows,652,173,373,100000-200000,3.99
19000,Silent Hill Homecoming,2009-03-02,Double Helix Games,windows,480,437,58,100000-200000,17.99
19200,Tank Universal,2008-08-21,Dialogue Design,windows,226,190,39,100000-200000,3.99
19800,Brothers in Arms: Earned in Blood™,2008-10-10,Gearbox Software,windows,303,53,164,100000-200000,4.29
19830,Tom Clancy's Rainbow Six® 3 Gold,2008-09-25,Red Storm Entertainment;Ubisoft Montreal,windows,811,71,43,100000-200000,4.29
19900,Far Cry® 2: Fortune's Edition,2008-10-22,Ubisoft Montreal,windows,5292,1739,257,1000000-2000000,8.59
19980,Prince of Persia®,2008-12-10,Ubisoft Montreal,windows,948,266,305,200000-500000,8.59
20510,S.T.A.L.K.E.R.: Clear Sky,2008-09-15,GSC Game World,windows,5550,903,716,500000-1000000,7.99
20530,Red Faction,2009-08-05,"Volition, Inc.",windows,1327,151,79,500000-1000000,4.99
20540,Company of Heroes: Tales of Valor,2009-04-08,Relic Entertainment,windows,1337,101,226,2000000-5000000,9.99
20550,Red Faction II,2009-08-06,"Volition, Inc.",windows,354,313,0,500000-1000000,4.99
20570,"Warhammer® 40,000: Dawn of War® II Chaos Rising",2010-03-11,Relic Entertainment;Feral Interactive (Mac/Linux),windows;mac;linux,1645,164,186,1000000-2000000,14.99
20820,Shatter,2010-03-15,Sidhe,windows;mac;linux,963,64,31,200000-500000,6.99
20900,The Witcher: Enhanced Edition Director's Cut,2008-09-16,CD PROJEKT RED,windows;mac,26380,4217,773,2000000-5000000,6.99
20920,The Witcher 2: Assassins of Kings Enhanced Edition,2012-04-16,CD PROJEKT RED,windows;mac;linux,36427,4710,838,2000000-5000000,14.99
21000,LEGO® Batman™: The Videogame,2008-09-29,Traveller's Tales,windows,1050,242,490,200000-500000,14.99
21090,F.E.A.R.,2010-05-21,"Monolith Productions, Inc.;Timegate",windows,6371,438,389,1000000-2000000,35.96
21100,F.E.A.R. 3,2011-06-21,Day 1 Studios,windows,5349,2030,310,1000000-2000000,12.99
21130,LEGO® Harry Potter: Years 1-4,2010-06-25,TT Games,windows,1672,460,518,200000-500000,9.99
21660,Street Fighter® IV,2009-07-07,Capcom,windows,295,126,0,100000-200000,13.99
21670,Bionic Commando,2009-07-28,Capcom,windows,649,247,20,200000-500000,6.49
21680,Bionic Commando: Rearmed,2009-07-28,Capcom,windows,453,287,15,200000-500000,6.49
21690,Resident Evil™ 5/ Biohazard 5®,2009-09-15,Capcom,windows,9250,1618,868,1000000-2000000,13.99
21800,Tom Clancy's EndWar™,2009-02-25,Ubisoft  Shanghaï,windows,276,108,384,100000-200000,8.59
21980,Call of Juarez®: Bound in Blood,2009-07-02,Techland,windows,1121,232,13,200000-500000,8.59
22000,World of Goo,2008-10-13,2D BOY,windows;mac;linux,3455,237,194,1000000-2000000,6.99
22100,Mount & Blade,2008-11-03,TaleWorlds Entertainment,windows,3205,291,415,1000000-2000000,7.99
22120,Penumbra: Black Plague Gold Edition,2009-01-23,Frictional Games,windows;mac;linux,1396,79,188,200000-500000,0.0
22130,Hearts of Iron 2 Complete,2009-01-23,Paradox Development Studio,windows,220,48,0,50000-100000,9.99
22180,Penumbra Overture,2009-03-06,Frictional Games,windows;mac;linux,1660,164,37,500000-1000000,0.0
22200,Zeno Clash,2009-04-21,ACE Team,windows,1980,356,307,200000-500000,6.99
22230,Rock of Ages,2011-09-07,ACE Team,windows,2604,244,235,200000-500000,6.99
22300,Fallout 3,2008-10-28,Bethesda Game Studios,windows,9921,2709,588,500000-1000000,7.99
22310,Rogue Warrior,2009-12-01,Rebellion,windows,466,240,29,50000-100000,3.99
22320,The Elder Scrolls III: Morrowind® Game of the Year Edition,2009-06-16,Bethesda Game Studios,windows,9571,540,1135,1000000-2000000,12.99
22330,The Elder Scrolls IV: Oblivion® Game of the Year Edition,2009-06-16,Bethesda Game Studios,windows,13827,826,1307,1000000-2000000,12.99
22350,BRINK,2011-05-09,Splash Damage,windows,3493,2331,181,1000000-2000000,0.0
22370,Fallout 3: Game of the Year Edition,2009-12-17,Bethesda Game Studios,windows,17742,4495,1242,2000000-5000000,14.99
22380,Fallout: New Vegas,2010-10-21,Obsidian Entertainment,windows,66756,3149,2485,2000000-5000000,7.99
22450,Hunted: The Demon’s Forge™,2011-06-02,inXile Entertainment,windows,498,213,28,100000-200000,3.99
22600,Worms Reloaded,2010-08-26,Team17 Digital Ltd,windows;mac;linux,2478,430,327,500000-1000000,14.99
22610,Alien Breed: Impact,2010-06-03,Team17 Software Ltd. ,windows,776,307,7,200000-500000,6.99
22650,Alien Breed 2: Assault,2010-09-22,Team17 Digital Ltd,windows,478,226,96,200000-500000,6.99
22670,Alien Breed 3: Descent,2010-11-17,Team17 Digital Ltd,windows,242,90,1,200000-500000,6.99
23300,Yosumin!™,2009-05-26,Square Enix,windows,102,64,0,100000-200000,3.99
23380,Gyromancer,2009-11-18,"Square Enix;PopCap Games, Inc.",windows,124,113,73,100000-200000,3.99
23400,Imperium Romanum Gold Edition,2008-11-25,Haemimont Games,windows,191,45,102,100000-200000,7.99
23420,Europa Universalis: Rome - Gold Edition ,2008-12-18,Paradox Development Studio,windows,123,52,4975,50000-100000,7.99
23450,Grand Ages: Rome,2009-03-05,Haemimont Games,windows,354,138,319,200000-500000,6.99
23490,Tropico 3,2009-11-13,Haemimont Games,windows,1338,176,291,1000000-2000000,7.99
23530,Earth Defense Force: Insect Armageddon,2011-12-14,"Vicious Cycle Software, Inc.",windows,731,95,253,50000-100000,6.99
23700,Puzzle Kingdoms,2009-04-27,Infinite Interactive,windows,139,102,175,100000-200000,10.99
24010,Train Simulator 2019,2015-09-17,Dovetail Games,windows,8573,5336,287,1000000-2000000,34.99
24200,DC Universe™ Online,2011-11-02,Daybreak Game Company,windows,10138,2654,2990,2000000-5000000,0.0
24240,PAYDAY™ The Heist,2011-10-20,OVERKILL Software,windows,34645,2533,444,2000000-5000000,10.99
24400,King Arthur - The Role-playing Wargame,2009-11-24,NeocoreGames,windows,307,113,6,200000-500000,7.99
24420,Aquaria,2008-12-15,"Bit Blot, LLC",windows;linux,1008,133,48,200000-500000,6.99
24460,King Arthur: Fallen Champions,2011-09-16,NeocoreGames,windows,13,20,13,50000-100000,3.99
24480,King Arthur II: The Role-Playing Wargame,2012-01-27,NeocoreGames,windows,188,169,46,100000-200000,7.99
24670,Trainz™ Simulator 12,2011-06-08,N3V Games,windows,498,364,31,100000-200000,7.19
24720,SPORE™ Galactic Adventures,2009-06-26,EA - Maxis,windows,1943,453,1905,500000-1000000,9.99
24740,Burnout Paradise: The Ultimate Box,2009-03-12,Criterion Games,windows,9739,1487,431,1000000-2000000,9.99
24780,SimCity™ 4 Deluxe Edition,2010-07-20,EA - Maxis;Aspyr (Mac),windows;mac,3110,959,228,1000000-2000000,9.99
24790,Command & Conquer 3: Tiberium Wars,2009-11-13,EA Los Angeles,windows,2292,295,646,500000-1000000,9.99
24800,Command & Conquer: Red Alert 3 - Uprising,2009-10-06,EA Los Angeles,windows,1449,362,136,1000000-2000000,9.99
24810,Command & Conquer 3: Kane's Wrath,2009-11-13,EA Los Angeles,windows,1070,76,0,200000-500000,9.99
24840,Medal of Honor: Airborne,2009-10-06,EA Los Angeles,windows,1725,461,28,200000-500000,9.99
24870,Need for Speed: Shift,2009-10-06,Slightly Mad Studios,windows,1101,415,339,200000-500000,9.99
24960,Battlefield: Bad Company™ 2,2010-03-02,DICE,windows,23093,3877,1200,2000000-5000000,14.99
24980,Mass Effect 2,2010-01-28,BioWare,windows,10675,542,1087,1000000-2000000,19.99
25000,Overgrowth,2017-10-16,Wolfire Games,windows;mac;linux,3200,1315,777,500000-1000000,22.99
25010,Lugaru HD,2010-10-08,Wolfire Games,windows;mac;linux,321,98,13,100000-200000,7.99
25600,Eschalon: Book I,2009-02-10,Basilisk Games,windows;mac;linux,167,25,0,50000-100000,0.0
25700,Madballs in Babo:Invasion ,2009-09-17,Playbrains,windows;mac,198,38,54,50000-100000,3.99
25800,Europa Universalis III Complete,2009-02-04,Paradox Development Studio,windows;mac,1191,245,736,200000-500000,9.99
25830,Knights of Honor,2009-02-04,Black Sea Studios Ltd,windows,1018,89,35,100000-200000,7.49
25850,Elven Legacy,2009-04-07,1C:InoCo,windows,76,29,27,50000-100000,3.99
25890,Hearts of Iron III,2009-08-07,Paradox Development Studio,windows;mac,3298,992,809,500000-1000000,7.99
25900,King's Bounty: The Legend,2009-05-01,1C Entertainment,windows;mac,1290,139,356,200000-500000,4.99
25910,Supreme Ruler 2020 Gold,2009-07-09,BattleGoat Studios,windows,138,36,400,50000-100000,6.99
25930,East India Company,2009-07-31,Nitro Games,windows,45,48,0,50000-100000,7.99
25980,Majesty 2,2009-09-17,1C:InoCo,windows,305,130,0,100000-200000,7.99
25990,Majesty Gold HD,2009-09-04,Cyberlore,windows,326,20,72,100000-200000,7.99
26000,The Maw,2009-03-09,Twisted Pixel Games,windows,161,36,14,50000-100000,8.99
26800,Braid,2009-04-10,Number None,windows;mac;linux,6529,386,178,1000000-2000000,10.99
26900,Crayon Physics Deluxe,2009-05-06,Kloonigames,windows;mac,668,109,20,500000-1000000,15.99
27000,The Path,2009-03-18,Tale of Tales,windows;mac,502,177,49,100000-200000,6.99
27330,Blacklight: Tango Down,2010-07-14,Zombie Studios,windows,132,209,129,50000-100000,0.79
27400,Dangerous High School Girls in Trouble!™,2009-02-23,Mousechief,windows;mac,111,63,105,100000-200000,14.99
27900,Twin Sector,2009-09-16,DnS Development,windows,88,150,0,50000-100000,3.99
27940,Dead Horde,2011-07-27,DnS Development,windows,206,406,82,50000-100000,4.79
28000,Kane & Lynch 2: Dog Days,2010-08-17,IO Interactive,windows,2822,1919,282,500000-1000000,7.99
29180,Osmos,2009-08-18,Hemisphere Games,windows;mac;linux,857,105,27,500000-1000000,6.99
29800,Caster,2009-03-19,Elecorn,windows;mac,3277,868,120,200000-500000,0.99
29900,Dark Sector,2009-03-24,Digital Extremes,windows,337,96,0,50000-100000,6.99
31270,Puzzle Agent,2010-07-01,Telltale Games,windows;mac,1574,214,69,500000-1000000,3.99
32110,LUXOR: Mah Jong,2009-07-13,MumboJumbo,windows;mac,43,13,0,50000-100000,5.99
32140,Midnight Mysteries,2009-09-28,MumboJumbo,windows,89,40,0,50000-100000,5.99
32160,Zombie Bowl-o-Rama,2009-10-15,MumboJumbo,windows,244,44,0,50000-100000,6.99
32310,Indiana Jones® and the Last Crusade™,2009-07-08,LucasArts,windows;mac,121,32,97,100000-200000,4.79
32330,LEGO® Indiana Jones™: The Original Adventures,2009-07-08,Traveller's Tales,windows,305,87,0,50000-100000,15.49
32340,LOOM™,2009-07-08,LucasArts,windows;mac,306,41,14,100000-200000,4.79
32350,STAR WARS™ Starfighter™,2009-07-08,LucasArts,windows,221,235,6,500000-1000000,4.79
32360,The Secret of Monkey Island: Special Edition,2009-07-15,LucasArts,windows,2156,115,58,500000-1000000,7.19
32370,STAR WARS™ - Knights of the Old Republic™,2009-09-05,BioWare;Aspyr (Mac),windows;mac,11569,1590,660,2000000-5000000,7.19
32380,STAR WARS™ Jedi Knight: Dark Forces II,2009-09-16,LucasArts,windows,777,315,141,1000000-2000000,4.79
32390,STAR WARS™ Jedi Knight - Mysteries of the Sith™,2009-09-16,LucasArts,windows,366,192,30,500000-1000000,2.09
32400,STAR WARS™ - Dark Forces,2009-09-16,LucasArts,windows;mac,1501,171,99,1000000-2000000,4.79
32420,STAR WARS™: The Clone Wars - Republic Heroes™,2009-10-06,Krome Studios,windows,166,279,2,500000-1000000,15.49
32430,STAR WARS™ - The Force Unleashed™ Ultimate Sith Edition,2009-12-15,LucasArts;Aspyr Studios,windows;mac,2287,1389,195,1000000-2000000,15.49
32440,LEGO® Star Wars™ - The Complete Saga,2009-11-12,Traveller's Tales;Feral Interactive (Mac),windows;mac,3033,256,243,500000-1000000,15.49
32450,LEGO® Indiana Jones™ 2: The Adventure Continues,2010-02-18,Traveller's Tales,windows,163,58,0,50000-100000,15.49
32460,Monkey Island™ 2 Special Edition: LeChuck’s Revenge™,2010-07-07,LucasArts,windows,1194,63,0,200000-500000,7.19
32470,STAR WARS™ Empire at War - Gold Pack,2010-05-25,Petroglyph,windows,6526,396,395,1000000-2000000,15.49
32500,STAR WARS™: The Force Unleashed™ II,2010-11-23,Aspyr Studios,windows,1880,1348,249,1000000-2000000,15.49
32510,LEGO® Star Wars™ III - The Clone Wars™,2011-03-22,Traveller's Tales,windows,825,140,196,200000-500000,15.49
32900,Restaurant Empire II,2009-05-27,Enlight Software Limited,windows,112,65,0,50000-100000,13.99
33100,Alien Shooter,2009-05-27,Sigma Team Inc.,windows,815,92,0,200000-500000,3.99
33110,Alien Shooter: Revisited,2009-05-27,Sigma Team Inc.,windows,150,79,0,200000-500000,3.99
33120,Alien Shooter 2: Reloaded,2009-05-27,Sigma Team Inc.,windows,995,84,169,200000-500000,3.99
33130,Zombie Shooter,2009-05-27,Sigma Team Inc.,windows,410,73,137,100000-200000,3.99
33180,Zombie Shooter 2,2009-11-18,Sigma Team Inc.,windows,291,85,247,100000-200000,7.19
33230,Assassin's Creed 2 Deluxe Edition,2010-03-04,Ubisoft Montreal,windows,14861,2639,1046,1000000-2000000,8.59
33320,Prince of Persia: The Forgotten Sands™,2010-06-10,Ubisoft Montreal,windows,511,263,328,200000-500000,8.59
33460,From Dust,2011-08-17,Ubisoft Montpellier,windows,1356,750,358,200000-500000,8.59
33520,Tropico Reloaded,2009-07-24,PopTop Software;BreakAway Games;Frog City Software,windows,412,60,0,200000-500000,5.99
33570,Patrician III,2010-11-18,Ascaron Entertainment ltd.,windows,289,86,149,100000-200000,3.99
33600,Broken Sword 2 - the Smoking Mirror: Remastered,2009-12-02,Revolution Software Ltd,windows;mac;linux,432,51,1330,200000-500000,4.99
33610,Broken Sword 3 - the Sleeping Dragon,2009-12-02,Revolution Software Ltd,windows,181,167,9,100000-200000,4.99
33650,Puzzler World,2010-05-28,Ideas Pad,windows,299,37,0,50000-100000,4.99
33670,Disciples III - Renaissance Steam Special Edition,2010-07-13,Akella;.dat,windows,166,134,2486,100000-200000,9.99
33680,eversion,2010-06-07,Zaratustra Productions,windows;mac;linux,955,92,466,50000-100000,3.99
33770,Drakensang: The River of Time,2011-02-16,DTP,windows,154,37,0,50000-100000,14.99
33900,Arma 2,2009-06-29,Bohemia Interactive,windows,1728,357,752,1000000-2000000,7.99
33930,Arma 2: Operation Arrowhead,2010-06-29,Bohemia Interactive,windows,17683,1519,8488,2000000-5000000,11.99
33950,Fish Fillets 2,2010-11-05,Altar Games,windows,151,56,0,100000-200000,3.99
34010,Alpha Protocol™,2010-05-27,Obsidian Entertainment,windows,3113,785,267,500000-1000000,9.99
34030,Total War: NAPOLEON – Definitive Edition,2010-02-25,CREATIVE ASSEMBLY;Feral Interactive (Mac),windows;mac,8540,907,1251,2000000-5000000,0.0
34190,Sonic & SEGA All-Stars Racing,2010-03-03,Sumo Digital,windows,614,173,759,200000-500000,4.99
34410,Death to Spies: Moment of Truth,2009-08-07,Haggard Games,windows,260,42,2,100000-200000,4.99
34420,XIII Century – Gold Edition,2009-08-28,Unicorn Games Studio,windows,55,57,0,50000-100000,3.99
34600,Order of War™,2009-09-17,Wargaming.net,windows,270,98,319,200000-500000,5.99
34820,Combat Wings: Battle of Britain,2009-10-14,City Interactive,windows,373,101,25,100000-200000,4.99
34830,Sniper: Ghost Warrior,2010-06-24,City Interactive,windows,2143,1728,113,1000000-2000000,5.99
34870,Sniper: Ghost Warrior 2,2013-03-11,City Interactive,windows,6775,2724,234,1000000-2000000,6.99
34900,Bad Rats: the Rats' Revenge,2009-07-20,Invent4 Entertainment,windows,10465,2981,257,200000-500000,0.79
34920,Razor2: Hidden Skies,2010-07-19,Invent4 Entertainment,windows,49,154,28,50000-100000,6.99
35000,Mini Ninjas,2009-09-14,IO Interactive,windows,1612,270,27,200000-500000,7.99
35070,Flora's Fruit Farm,2009-10-01,Honeyslug,windows,58,28,0,50000-100000,2.99
35130,Lara Croft and the Guardian of Light,2010-09-28,Crystal Dynamics,windows,2506,237,42,500000-1000000,7.99
35140,Batman: Arkham Asylum Game of the Year Edition,2010-03-26,Rocksteady Studios;Feral Interactive (Mac),windows;mac,20297,865,569,2000000-5000000,14.99
35300,Warfare,2009-07-20,GFI Russia,windows,73,26,0,50000-100000,9.99
35320,Insane 2,2012-01-24,Targem Games,windows,329,67,0,50000-100000,10.99
35450,Red Orchestra 2: Heroes of Stalingrad with Rising Storm,2011-09-13,Tripwire Interactive,windows,26922,2274,771,2000000-5000000,14.99
35460,The Ball,2010-10-26,Teotl Studios,windows,606,210,14,200000-500000,6.99
35480,Dwarfs!?,2011-05-04,Power of 2,windows;mac;linux,619,177,53,200000-500000,7.99
35700,Trine Enchanted Edition,2009-07-02,Frozenbyte,windows;mac;linux,9448,407,314,1000000-2000000,9.99
35720,Trine 2: Complete Story,2013-06-06,Frozenbyte,windows;mac;linux,16369,706,421,2000000-5000000,13.99
35800,BRAINPIPE: A Plunge to Unhumanity,2009-07-06,Digital Eel,windows;mac,126,22,0,50000-100000,0.0
36000,Foreign Legion: Buckets of Blood,2009-08-04,Sakari Indie,windows;mac,184,111,160,50000-100000,3.99
37000,The Void,2009-12-15,Ice-Pick Lodge,windows,581,126,27,100000-200000,6.99
37030,UFO: Extraterrestrials Gold,2010-02-17,Chaos Concept,windows,122,43,0,100000-200000,9.99
37400,"Time Gentlemen, Please! and Ben There, Dan That! Special Edition  Double Pack",2009-08-25,Size Five Games,windows,494,118,10,200000-500000,2.99
37600,Windosill,2009-09-25,Vectorpark,windows;mac,821,85,31,100000-200000,1.99
38210,Roogoo,2009-12-17,Spidermonk Entertainment,windows,273,66,4,50000-100000,0.79
38400,Fallout: A Post Nuclear Role Playing Game,2015-11-01,Interplay Inc.,windows,6983,643,93,1000000-2000000,7.99
38410,Fallout 2: A Post Nuclear Role Playing Game,2009-08-19,Black Isle Studios,windows,4758,321,86,1000000-2000000,7.99
38420,Fallout Tactics: Brotherhood of Steel,2009-08-19,14° East,windows,847,210,16,500000-1000000,7.99
38600,Faerie Solitaire,2010-09-17,Subsoap,windows;mac,2147,207,266,200000-500000,6.99
38700,Toki Tori,2010-01-28,Two Tribes,windows;mac;linux,1660,226,73,200000-500000,3.99
38720,RUSH,2010-12-03,Two Tribes,windows;mac;linux,1069,117,53,200000-500000,3.99
38740,EDGE,2011-08-11,Two Tribes,windows;mac;linux,1714,148,41,200000-500000,4.99
39000,Moonbase Alpha,2010-07-06,Virtual Heroes;Army Game Studio,windows,9867,1166,54,1000000-2000000,0.0
39110,SEASON OF MYSTERY: The Cherry Blossom Murders,2010-02-03,SQUARE ENIX,windows,156,44,0,50000-100000,2.99
39120,RIFT,2011-03-01,Trion Worlds,windows,6885,2326,4104,2000000-5000000,0.0
39140,FINAL FANTASY VII,2013-07-04,Square Enix,windows,11722,878,2443,1000000-2000000,9.99
39150,FINAL FANTASY VIII,2013-12-05,Square Enix,windows,5323,682,2145,500000-1000000,9.99
39190,Dungeon Siege,2011-04-05,Gas Powered Games,windows,1179,397,228,200000-500000,4.99
39200,Dungeon Siege II,2005-08-16,Gas Powered Games,windows,813,343,754,500000-1000000,4.99
39210,FINAL FANTASY XIV Online,2014-02-18,Square Enix,windows,9808,2107,28897,1000000-2000000,9.99
39500,Gothic® 3,2009-12-02,Piranha Bytes,windows,2962,728,1401,500000-1000000,8.99
39510,Gothic II: Gold Edition,2010-01-13,Piranha Bytes,windows,3809,475,102,200000-500000,8.99
39520,The Guild Gold Edition,2014-09-09,4HEAD Studios,windows,175,75,28,100000-200000,8.99
39540,SpellForce - Platinum Edition,2009-11-03,Phenomic,windows,694,149,2886,100000-200000,8.99
39560,Painkiller: Resurrection,2009-10-27,Homegrown Games,windows,90,181,0,100000-200000,8.99
39630,AquaNox,2010-04-20,THQ Nordic,windows,151,57,0,100000-200000,4.49
39640,AquaNox 2: Revelation,2010-04-20,THQ Nordic,windows,106,35,0,100000-200000,4.49
39650,The Guild II,2010-06-24,4 Head Studios,windows,385,196,1014,500000-1000000,8.99
39660,The Guild II - Pirates of the European Seas,2010-06-24,4 Head Studios,windows,109,49,0,200000-500000,8.99
39670,Chaser,2010-07-16,Cauldron,windows,611,226,0,50000-100000,4.49
39680,The Guild II Renaissance,2010-07-28,Rune Forge,windows,1944,482,1556,200000-500000,8.99
39690,ArcaniA,2010-10-11,Spellbound Studios,windows,735,763,398,200000-500000,17.99
39800,Nation Red,2009-09-03,DiezelPower,windows;mac;linux,2093,272,154,200000-500000,1.79
40100,Supreme Commander 2,2010-03-01,Gas Powered Games,windows,5336,903,1834,1000000-2000000,8.99
40300,Risen,2009-10-02,Piranha Bytes,windows,3848,585,994,500000-1000000,7.99
40330,Secret Files: Tunguska,2009-10-29,Animation Arts,windows,135,32,0,50000-100000,7.99
40350,Lost Horizon,2010-09-24,Animation Arts,windows,211,26,34,50000-100000,7.99
40380,nail'd,2010-11-30,Techland,windows,859,217,135,100000-200000,3.99
40390,Risen 2: Dark Waters,2012-04-26,Piranha Bytes,windows,2987,891,1278,1000000-2000000,7.99
40400,AI War: Fleet Command,2009-10-21,"Arcen Games, LLC",windows;mac;linux,1109,205,248,200000-500000,6.99
40420,Tidalis,2010-07-16,"Arcen Games, LLC",windows;mac;linux,130,66,0,100000-200000,3.99
40700,Machinarium,2009-10-16,Amanita Design,windows;mac,5437,264,165,500000-1000000,7.99
40720,Samorost 2,2009-12-10,Amanita Design,windows,716,149,53,200000-500000,3.99
40930,The Misadventures of P.B. Winterbottom,2010-04-20,The Odd Gentlemen,windows,323,42,19,100000-200000,3.99
40950,Stronghold HD,2013-10-21,FireFly Studios,windows,2992,199,473,1000000-2000000,3.49
40970,Stronghold Crusader HD,2013-10-21,FireFly Studios,windows,4079,170,247,1000000-2000000,7.49
40980,Stronghold Legends: Steam Edition,2016-09-15,FireFly Studios,windows,404,123,337,100000-200000,11.99
40990,Mafia,2002-08-28,Illusion Softworks,windows,1727,180,32,200000-500000,7.99
41000,Serious Sam HD: The First Encounter,2009-11-24,Croteam,windows,3950,269,277,1000000-2000000,10.99
41070,Serious Sam 3: BFE,2011-11-22,Croteam,windows;mac;linux,15574,1977,378,2000000-5000000,29.99
41100,Hammerfight,2009-10-28,Konstantin Koshutin,windows;mac;linux,1051,514,256,200000-500000,3.99
41300,Altitude,2009-12-04,Nimbly Games,windows;mac;linux,1540,128,333,200000-500000,0.0
41500,Torchlight,2009-10-27,Runic Games,windows;mac,3825,317,1108,1000000-2000000,10.99
41700,S.T.A.L.K.E.R.: Call of Pripyat,2010-02-11,GSC Game World,windows,10172,470,1969,1000000-2000000,12.99
41740,Cargo! The Quest for Gravity,2011-04-21,Ice-Pick Lodge,windows,260,72,540,50000-100000,6.99
41800,Gratuitous Space Battles,2009-11-16,Positech Games,windows;mac;linux,505,168,272,500000-1000000,10.99
41900,The Bard's Tale,2009-12-11,inXile Entertainment,windows;mac;linux,644,188,43,200000-500000,6.99
42120,Lead and Gold: Gangs of the Wild West,2010-04-08,Fatshark,windows,1471,545,112,500000-1000000,7.99
42140,Hamilton's Great Adventure,2011-05-31,Fatshark,windows,169,83,184,100000-200000,6.99
42170,Krater,2012-06-12,Fatshark,windows;mac,429,329,369,100000-200000,10.99
42500,DogFighter,2010-06-14,Dark Water Studios Ltd,windows,232,152,63,200000-500000,1.99
42670,Singularity™,2010-06-30,Raven Software,windows,2766,227,148,100000-200000,14.99
42700,Call of Duty®: Black Ops,2010-11-08,Treyarch,windows,14201,1839,2672,2000000-5000000,29.99
42850,Arsenal of Democracy: A Hearts of Iron Game,2010-02-23,BL-Logic,windows,180,31,0,50000-100000,7.99
42890,Sword of the Stars: Complete Collection,2010-06-04,Kerberos Productions Inc.,windows,355,46,0,100000-200000,7.99
42910,Magicka,2011-01-25,Arrowhead Game Studios,windows,20912,1964,589,2000000-5000000,7.99
42920,The Kings' Crusade,2010-10-08,NeoCoreGames,windows,41,72,0,50000-100000,7.99
42940,Elven Legacy: Siege,2009-11-17,1C:InoCo,windows,4,3,0,50000-100000,1.59
42960,Victoria II,2010-08-30,Paradox Development Studio,windows,4743,632,2580,500000-1000000,14.99
42980,Victoria I Complete,2010-08-20,Paradox Development Studio,windows,88,41,17,100000-200000,7.99
42990,Sword of the Stars II: Enhanced Edition,2012-11-30,Kerberos Productions,windows,335,448,38,100000-200000,14.99
43000,Front Mission Evolved,2010-10-07,Double Helix Games,windows,481,310,312,200000-500000,7.99
43100,World of Zoo,2009-10-30,Blue Fang,windows,115,30,115,50000-100000,4.99
43190,The Haunted: Hells Reach,2011-10-24,KTX Software,windows,507,81,285,50000-100000,5.99
44350,GRID 2,2013-05-27,Codemasters Racing;Feral Interactive (Mac),windows,11953,3009,340,1000000-2000000,19.98
44360,F1 2011,2011-09-19,Codemasters Birmingham,windows,232,108,3,100000-200000,9.99
44600,GTR - FIA GT Racing Game,2012-09-25,SimBin Studios AB,windows,43,28,0,50000-100000,3.99
44690,GT Legends,2012-11-28,SimBin Studios AB,windows,201,24,0,100000-200000,4.99
45000,Sol Survivor,2010-03-15,Cadenza Interactive,windows,293,30,0,50000-100000,7.19
45100,Secret of the Magic Crystals,2010-02-03,Artery Games,windows;mac;linux,1342,265,176,100000-200000,3.99
45300,Wings of Prey,2010-01-08,Gaijin Entertainment,windows,314,148,1154,100000-200000,6.99
45400,Fortix,2010-04-14,Nemesys Games,windows;mac,802,69,287,100000-200000,0.99
45410,Ignite,2011-10-28,Nemesys Games,windows,154,115,0,50000-100000,6.99
45450,Fortix 2,2011-05-06,Nemesys Games,windows;mac;linux,462,45,487,100000-200000,1.59
45700,Devil May Cry 4,2009-12-22,Capcom,windows,1620,144,789,200000-500000,15.99
45710,Dark Void™,2010-01-22,Airtight Games,windows,218,230,143,50000-100000,6.49
45720,Lost Planet: Extreme Condition Colonies Edition,2010-02-11,"CAPCOM CO., LTD.",windows,134,95,65,50000-100000,12.99
45740,Dead Rising® 2,2010-09-27,Capcom Vancouver,windows,2713,934,1108,500000-1000000,14.99
45750,Lost Planet® 2,2010-10-15,"CAPCOM CO., LTD.",windows,998,504,879,100000-200000,12.99
45760,Ultra Street Fighter® IV,2014-08-07,Capcom,windows,8247,1141,835,500000-1000000,22.99
45770,Dead Rising 2: Off the Record,2011-10-11,Capcom Vancouver,windows,1387,376,435,200000-500000,14.99
46000,Bob Came in Pieces,2010-01-22,Ludosity,windows;mac,68,29,0,50000-100000,3.99
46250,NecroVisioN: Lost Company,2010-02-19,The Farm 51,windows,169,71,0,100000-200000,4.99
46260,Star Wolves 3: Civil War,2010-03-02,Elite Games Team,windows,312,89,422,100000-200000,3.99
46270,Star Wolves,2010-03-02,X-Bow Software,windows,182,42,0,50000-100000,2.79
46280,Star Wolves 2,2010-03-02,X-Bow Software,windows,42,52,0,50000-100000,2.79
46290,Theatre of War,2010-07-09,1C Entertainment,windows,116,86,0,100000-200000,2.79
46340,Theatre of War 2: Africa 1943,2010-07-09,1C Entertainment,windows,86,50,0,100000-200000,3.99
46350,Real Warfare 1242,2011-11-30,Unicorn Games Studio,windows,31,30,0,50000-100000,2.79
46360,Theatre of War 2: Kursk 1943,2010-07-09,1C Entertainment,windows,81,42,0,50000-100000,3.99
46370,Rig n Roll,2010-07-09,SoftLab-NSK,windows,165,175,0,50000-100000,3.99
46380,Reign: Conflict of Nations,2010-07-12,Lesta Studio,windows,36,44,0,50000-100000,2.79
46400,Greed: Black Border,2010-01-13,Headup Games;Clockstone,windows,106,153,28,100000-200000,3.99
46410,Avencast: Rise of the Mage,2010-03-17,ClockStone Studios,windows,348,175,56,200000-500000,6.99
46440,Future Wars,2010-07-15,Radon Labs,windows,84,204,3,50000-100000,3.99
46450,Grotesque Tactics: Evil Heroes,2010-10-15,Silent Dreams,windows,217,140,20,100000-200000,6.99
46480,Still Life,2011-06-01,Microids,windows,431,98,13,100000-200000,5.59
46490,Still Life 2,2011-06-01,Microids,windows,123,155,0,100000-200000,5.59
46500,Syberia,2011-05-19,Microids,windows;mac,2092,260,293,500000-1000000,9.99
46510,Syberia II,2011-05-19,Microids,windows;mac,862,156,227,500000-1000000,9.99
46520,Wasteland Angel,2011-09-01,Octane Games;Meridian4,windows,167,119,101,100000-200000,6.99
46540,Trapped Dead,2011-07-15,Headup Games / Crenetic,windows,258,410,142,100000-200000,3.99
46550,Post Mortem,2011-08-26,MC2,windows,97,87,0,100000-200000,5.59
46570,Grotesque Tactics 2 – Dungeons and Donuts,2011-11-21,Silent Dreams,windows,103,87,105,50000-100000,6.99
46750,Dark Fall: Lost Souls,2010-04-21,Darkling Room,windows,109,63,0,50000-100000,9.99
47400,Stronghold 3 Gold,2012-05-25,FireFly Studios,windows;mac;linux,971,2385,506,500000-1000000,0.0
47410,Stronghold Kingdoms,2012-02-27,FireFly Studios,windows,4886,2609,329,1000000-2000000,0.0
47700,Command & Conquer 4: Tiberian Twilight,2010-03-18,EA Los Angeles,windows,378,1712,160,200000-500000,9.99
47730,Dragon Age™: Origins Awakening,2010-03-18,BioWare,windows,92,7,0,100000-200000,9.99
47780,Dead Space™ 2,2011-01-27,Visceral Games,windows,8943,493,292,1000000-2000000,14.99
47790,Medal of Honor™,2010-10-12,Electronic Arts,windows,3209,1370,133,1000000-2000000,14.99
47800,RISK™: Factions,2011-03-08,Stainless Games,windows,405,214,979,50000-100000,7.99
47810,Dragon Age: Origins - Ultimate Edition,2010-10-29,BioWare,windows,8808,726,686,1000000-2000000,19.99
47870,Need For Speed: Hot Pursuit,2010-12-14,Criterion Games,windows,11405,2775,467,1000000-2000000,14.99
47890,The Sims™ 3,2011-01-27,The Sims Studio,windows,11679,2493,4730,2000000-5000000,24.99
47920,Shift 2 Unleashed,2011-03-31,Slightly Mad Studios,windows,1071,629,0,200000-500000,19.99
48000,LIMBO,2011-08-02,Playdead,windows;mac;linux,30321,1994,117,2000000-5000000,6.99
48110,Silent Hunter 5®: Battle of the Atlantic,2010-03-01,Ubisoft Romania,windows,516,752,1520,100000-200000,25.99
48190,Assassin’s Creed® Brotherhood,2011-03-17,Ubisoft Montreal,windows,6676,929,600,500000-1000000,12.49
48240,Anno 2070™,2011-11-17,Blue Byte;Related Designs,windows,5653,3686,879,500000-1000000,16.99
48700,Mount & Blade: Warband,2010-03-31,TaleWorlds Entertainment,windows;mac;linux,75872,2213,7932,2000000-5000000,14.99
48720,Mount & Blade: With Fire & Sword,2011-05-03,TaleWorlds Entertainment,windows,6236,1055,723,1000000-2000000,7.99
48800,Ship Simulator Extremes,2010-08-27,VStep,windows,676,794,0,100000-200000,14.99
48950,Greed Corp,2010-12-10,Vanguard Games,windows,399,68,38,200000-500000,6.99
49300,Commander: Conquest of the Americas,2010-07-30,Nitro Games,windows,60,74,0,50000-100000,7.99
49470,Magic: The Gathering - Duels of the Planeswalkers 2012,2011-06-15,Stainless Games Ltd,windows,705,95,935,200000-500000,0.0
49520,Borderlands 2,2012-09-20,Gearbox Software;Aspyr (Mac);Aspyr (Linux),windows;mac;linux,144595,11021,3276,5000000-10000000,19.99
49600,Beat Hazard,2010-04-15,Cold Beam Games,windows;mac;linux,6296,328,437,500000-1000000,6.99
49800,Flight of the Icarus,2010-05-12,Muse Games,windows;mac,95,148,22,50000-100000,3.99
49810,CreaVures,2011-02-23,Muse Games,windows;mac,117,25,0,50000-100000,3.99
49900,Plain Sight,2010-04-05,Beatnik Games,windows,177,83,0,100000-200000,3.99
50000,Nimbus,2010-10-25,Noumenon Games,windows,179,10,1,50000-100000,5.99
50130,Mafia II,2011-03-22,2K Czech;Feral Interactive (Mac),windows;mac,31445,1855,1029,2000000-5000000,19.99
50300,Spec Ops: The Line,2012-06-28,YAGER,windows;mac;linux,32361,2613,293,2000000-5000000,19.99
50510,Burn Zombie Burn!,2010-08-12,doublesix,windows,65,93,3,50000-100000,6.99
55000,Flotilla,2010-04-01,Blendo Games,windows;mac;linux,166,25,130,100000-200000,6.99
55040,Atom Zombie Smasher,2011-03-14,Blendo Games,windows;mac;linux,1397,180,72,200000-500000,6.99
55100,Homefront,2011-03-14,Kaos Studios;Digital Extremes,windows,5506,3685,1772,2000000-5000000,14.99
55110,Red Faction®: Armageddon™,2011-06-09,Volition,windows,2674,1005,307,1000000-2000000,14.99
55140,MX vs. ATV Reflex,2010-11-26,Double Helix Games;Rainbow Studios;THQ Nordic,windows,1599,359,1024,200000-500000,14.99
55150,"Warhammer 40,000: Space Marine",2011-09-08,Relic,windows,9847,998,712,2000000-5000000,19.99
55230,Saints Row: The Third,2011-11-17,Volition,windows;linux,44810,1877,1848,2000000-5000000,6.99
57200,Puzzle Dimension,2010-06-21,Doctor Entertainment AB,windows;mac,412,41,8,100000-200000,1.99
57300,Amnesia: The Dark Descent,2010-09-08,Frictional Games,windows;mac;linux,20222,1199,173,2000000-5000000,14.99
57620,Patrician IV - Steam Special Edition,2010-09-17,Gaming Minds Studios,windows,153,129,0,100000-200000,9.99
57640,Broken Sword: Director's Cut,2010-09-02,Revolution Software Ltd,windows;mac;linux,1131,108,1177,200000-500000,4.99
57650,Dungeons,2011-02-04,Realmforge Studios,windows,214,266,112,200000-500000,6.99
57680,The First Templar - Steam Special Edition,2011-05-12,Haemimont Games,windows,473,208,36,100000-200000,6.99
57690,Tropico 4,2011-09-01,Haemimont Games,windows;mac,8740,827,518,2000000-5000000,12.49
57740,Jagged Alliance - Back in Action,2012-02-08,Coreplay GmbH;Bigmoon Studios,windows;mac;linux,730,345,185,200000-500000,14.99
57800,Doc Clock: The Toasted Sandwich of Time,2010-10-15,Stickmen Studios,windows;mac,79,92,11,50000-100000,2.99
57900,Duke Nukem Forever,2011-06-09,Gearbox Software,windows;mac,4433,2243,434,1000000-2000000,14.99
58200,Jolly Rover,2010-06-07,Brawsome,windows;mac,249,31,3,100000-200000,6.99
58400,Turba,2010-07-01,Binary Takeover,windows,46,83,14,50000-100000,3.49
58520,Blood Bowl - Legendary Edition,2010-10-28,Cyanide Studios,windows,675,228,284,200000-500000,7.99
58550,A Game of Thrones - Genesis,2011-09-28,Cyanide Studios,windows,201,420,8,100000-200000,6.99
58560,Runaway: A Twist of Fate,2011-04-21,Pendulo Studios,windows,191,34,0,100000-200000,6.99
58570,The Next BIG Thing,2011-04-21,Pendulo Studios,windows;mac,352,59,1,100000-200000,6.99
58610,Wargame: European Escalation,2012-02-22,Eugen Systems,windows;mac;linux,1892,574,11,500000-1000000,7.99
60340,Luxor: 5th Passage,2011-01-25,MumboJumbo,windows;mac,39,20,0,50000-100000,6.99
60600,ProtoGalaxy,2010-10-06,Source Studio Ltd.,windows,30,22,33,50000-100000,0.0
60800,Numen: Contest of Heroes,2010-06-03,"CINEMAX, s.r.o.",windows,66,69,0,50000-100000,4.99
61100,Lucid,2011-07-19,YeaBoing,windows,171,53,127,50000-100000,4.99
61310,Fractal: Make Blooms Not War,2011-11-29,Cipher Prime Studios,windows;mac,140,44,30,100000-200000,4.99
61500,Age of Wonders,2010-10-01,Triumph Studios,windows,334,98,161,100000-200000,3.99
61510,Age of Wonders II: The Wizard's Throne,2010-10-01,Triumph Studios,windows,105,28,0,50000-100000,6.99
61520,Age of Wonders Shadow Magic,2010-10-01,Triumph Studios,windows,225,35,151,100000-200000,6.99
61600,Zen Bound 2,2010-11-16,Secret Exit Ltd.,windows;mac;linux,432,65,133,200000-500000,3.99
61700,Might & Magic: Clash of Heroes,2011-09-21,Capybara Games,windows,1293,157,1595,200000-500000,8.59
61730,Critter Crunch,2012-09-11,Capybara Games,windows;mac,256,14,137,50000-100000,4.99
62000,Flight Control HD,2010-11-18,Firemint,windows;mac,406,36,85,50000-100000,2.99
62100,Chime,2010-09-06,Zoë Mode,windows,564,39,707,100000-200000,3.99
63000,HOARD,2011-04-04,Big Sandwich Games,windows;mac;linux,673,168,31,200000-500000,6.99
63200,Monday Night Combat,2011-01-24,Uber Entertainment,windows,720,205,101,200000-500000,3.99
63500,Swords and Soldiers HD,2010-12-02,Ronimo Games,windows;mac,572,160,132,100000-200000,6.99
63610,Riven: The Sequel to MYST,2010-08-04,Cyan Worlds,windows;mac,288,103,0,100000-200000,3.99
63650,URU: Complete Chronicles,2010-08-03,Cyan Worlds,windows;mac,68,18,0,50000-100000,6.99
63660,Myst: Masterpiece Edition,2011-02-02,Cyan Worlds,windows;mac,155,80,0,50000-100000,3.99
63700,BIT.TRIP BEAT,2010-11-02,Gaijin Games,windows;mac,616,140,78,200000-500000,6.99
63710,BIT.TRIP RUNNER,2011-02-28,Gaijin Games,windows;mac,3058,490,149,500000-1000000,6.99
63800,Delve Deeper,2010-09-24,Lunar Giant,windows,225,159,241,50000-100000,3.99
63900,Fantasy Wars,2010-08-06,Ino-Co,windows,115,28,0,50000-100000,3.99
63910,King's Bounty: Crossworlds,2010-09-17,Katauri Interactive,windows,492,47,30,200000-500000,11.99
63940,Men of War: Vietnam,2011-09-08,1C Entertainment,windows,399,247,10,100000-200000,5.59
63960,Theatre of War 3: Korea,2011-03-24,1C Entertainment,windows,50,76,0,50000-100000,4.99
64000,Men of War: Assault Squad,2011-02-24,Digitalmindsoft,windows,2881,416,292,500000-1000000,7.19
65500,Aura: Fate of the Ages,2010-10-04,Streko Graphics,windows,84,63,0,50000-100000,4.49
65530,SpellForce 2: Faith in Destiny,2012-06-19,Mind Over Matter Studios,windows,125,85,1244,200000-500000,13.99
65540,Gothic 1,2001-03-15,Piranha Bytes,windows,3396,523,409,200000-500000,0.0
65560,Painkiller Redemption,2011-02-25,Eggtooth Team,windows,206,196,28,200000-500000,4.49
65600,Gothic 3: Forsaken Gods Enhanced Edition,2011-03-22,Trine Studios;G3 Community Patch Team;Mad Vulture Games,windows,247,254,1054,100000-200000,8.99
65610,ArcaniA: Fall of Setarrif,2011-10-24,Spellbound Studios,windows,119,225,5,100000-200000,13.99
65730,Take On Helicopters,2011-10-27,Bohemia Interactive,windows,340,260,2,200000-500000,11.99
65740,Carrier Command: Gaea Mission,2012-09-28,Bohemia Interactive,windows,362,442,81,200000-500000,19.99
65780,ARMA: Gold Edition,2011-07-13,Bohemia Interactive,windows,548,209,22,500000-1000000,5.99
65790,ARMA: Cold War Assault,2011-08-08,Bohemia Interactive,windows,3195,942,28,1000000-2000000,3.49
65800,Dungeon Defenders,2011-10-18,Trendy Entertainment,windows;mac;linux,10693,932,1993,1000000-2000000,9.99
65930,The Bureau: XCOM Declassified,2013-08-22,2K Marin,windows;mac,6661,2923,201,2000000-5000000,14.99
65980,Sid Meier's Civilization®: Beyond Earth™,2014-10-23,Firaxis Games;Aspyr (Mac);Aspyr (Linux),windows;mac;linux,9555,8224,932,1000000-2000000,29.99
67000,The Polynomial - Space of the music,2010-10-15,Dmytry Lavrov,windows;mac;linux,331,114,4,100000-200000,4.99
67370,The Darkness II,2012-02-09,Digital Extremes,windows;mac,11992,1234,191,1000000-2000000,19.99
70000,Dino D-Day,2011-04-08,800 North and Digital Ranch,windows,12222,2367,172,1000000-2000000,6.99
70100,Hacker Evolution,2010-09-14,exosyphen studios,windows;mac;linux,598,308,189,200000-500000,0.79
70110,Hacker Evolution: Untold,2010-09-14,exosyphen studios,windows;mac;linux,192,148,242,200000-500000,0.79
70120,Hacker Evolution Duality,2011-08-15,exosyphen studios,windows;mac;linux,176,298,46,200000-500000,0.79
70300,VVVVVV,2010-09-07,Terry Cavanagh,windows;mac;linux,6719,268,76,1000000-2000000,3.99
70400,Recettear: An Item Shop's Tale,2010-09-10,EasyGameStation,windows,5047,183,764,200000-500000,12.99
70420,Chantelise - A Tale of Two Sisters,2011-07-29,EasyGameStation,windows,440,148,53,100000-200000,6.49
70600,Worms Ultimate Mayhem,2011-09-28,Team17 Digital Ltd,windows,2188,323,689,500000-1000000,10.99
70620,Worms Crazy Golf,2011-10-19,Team17 Digital Ltd,windows;mac,400,88,67,200000-500000,6.99
70640,Worms,2011-10-19,Team17 Digital Ltd,windows,319,53,2,200000-500000,4.99
70650,Worms Blast,2011-10-19,Team17 Digital Ltd,windows,102,101,23,200000-500000,5.59
70660,Worms Pinball,2011-10-19,Team17 Digital Ltd,windows,140,184,11,200000-500000,5.59
70900,Star Ruler,2010-09-20,Blind Mind Studios,windows,229,44,5,100000-200000,7.19
71000,Evochron Mercenary,2012-01-16,StarWraith 3D Games LLC,windows,322,85,0,50000-100000,14.99
71230,Crazy Taxi,2011-03-04,SEGA,windows,1240,273,17,200000-500000,5.59
71240,SEGA Bass Fishing,2011-03-04,SEGA,windows,325,62,6,200000-500000,5.59
71260,Space Channel 5: Part 2,2011-03-04,SEGA,windows,687,89,0,100000-200000,5.59
71340,Sonic Generations Collection,2011-11-03,Devil's Details,windows,6921,589,165,500000-1000000,0.0
72000,Closure,2012-09-07,Eyebrow Interactive,windows;linux,680,107,72,200000-500000,6.99
72400,Clones,2010-11-18,Tomkorp Computer Solutions Inc.,windows,245,80,210,100000-200000,0.79
72850,The Elder Scrolls V: Skyrim,2011-11-10,Bethesda Game Studios,windows,237303,14951,7089,10000000-20000000,9.99
72900,Winter Voices,2010-10-29,Clara Lehenaff,windows,139,77,0,50000-100000,0.0
73010,Cities in Motion,2011-02-22,Colossal Order Ltd.,windows;mac;linux,605,179,1,200000-500000,14.99
73170,Darkest Hour: A Hearts of Iron Game,2011-04-08,Martin Ivanov,windows,1075,144,0,100000-200000,7.99
73210,Sengoku,2011-09-15,Paradox Development Studio,windows,205,110,112,100000-200000,7.99
78000,Bejeweled® 3,2010-12-07,"PopCap Games, Inc.",windows;mac,2670,126,85,200000-500000,4.25
80200,Fate of the World,2011-02-28,Red Redemption,windows;mac,267,80,123,50000-100000,6.99
80300,Puzzle Bots,2010-10-22,Ivy Games,windows,109,38,0,50000-100000,3.49
80310,Gemini Rue,2011-10-26,Joshua Neurnberger,windows;mac;linux,1199,128,97,200000-500000,6.99
80330,The Blackwell Legacy,2012-01-13,Wadjet Eye Games,windows;mac;linux,848,107,0,100000-200000,3.99
80340,Blackwell Unbound,2012-01-13,Wadjet Eye Games,windows;mac;linux,364,27,0,100000-200000,3.99
80350,Blackwell Convergence,2012-01-13,Wadjet Eye Games,windows;mac;linux,298,14,0,100000-200000,3.99
80360,Blackwell Deception,2012-01-13,Wadjet Eye Games,windows,312,11,205,100000-200000,6.99
90200,Farming Simulator 2011,2010-10-29,Giants Software,windows;mac,338,68,0,50000-100000,7.19
91100,SkyDrift,2011-11-21,Digital Reality,windows,771,98,1329,200000-500000,6.99
91200,Anomaly: Warzone Earth,2011-04-08,11 bit studios,windows;mac;linux,3300,481,200,500000-1000000,7.99
91330,Iron Front: Digital War Edition,2012-05-25,X1 Software;AWAR,windows,434,275,155,50000-100000,10.99
91600,Sanctum,2011-04-15,Coffee Stain Studios,windows;mac,2552,296,153,1000000-2000000,7.19
91700,E.Y.E: Divine Cybermancy,2011-07-29,Streum On Studio,windows,4459,906,413,500000-1000000,6.99
91900,Post Apocalyptic Mayhem,2011-03-17,Steel Monkeys,windows,1219,225,193,200000-500000,6.99
92000,Hydrophobia: Prophecy,2011-05-09,Dark Energy Digital Ltd.,windows,1270,827,106,200000-500000,3.99
92100,DETOUR,2011-05-16,Geoff 'Zag' Keene;Richard Keene,windows,1107,673,180,200000-500000,0.79
92200,Gundemonium Recollection,2011-09-27,Platine Dispositif,windows,130,8,78,50000-100000,2.79
92210,Hitogata Happa,2011-09-27,Platine Dispositif,windows,146,29,5,50000-100000,2.79
92220,GundeadliGne,2011-09-27,Platine Dispositif,windows,124,22,23,50000-100000,2.79
92300,A.R.E.S.: Extinction Agenda,2011-01-19,Extend Studio,windows,564,253,191,100000-200000,3.99
92600,Xotic,2011-09-16,"WXP Games, LLC",windows,121,39,54,50000-100000,7.19
92800,SpaceChem,2011-03-02,Zachtronics,windows;mac;linux,3700,324,177,500000-1000000,6.99
93200,Revenge of the Titans,2011-03-16,Puppygames,windows;mac;linux,837,158,121,200000-500000,11.39
94200,Jamestown,2011-06-08,Final Form Games,windows;mac,1955,103,79,500000-1000000,6.99
94300,The Dream Machine: Chapter 1 & 2,2012-05-11,Cockroach Inc.,windows;mac,968,85,68,100000-200000,2.79
94400,Nidhogg,2014-01-13,Messhof,windows;mac,5480,758,123,500000-1000000,6.99
94590,Puzzle Agent 2,2011-06-30,Telltale Games,windows;mac,588,86,82,200000-500000,6.99
94620,Hector: Badge of Carnage - Full Series,2011-04-27,Straandlooper,windows;mac,172,14,0,200000-500000,14.99
95000,Super Splatters,2013-06-26,SpikySnail,windows;mac;linux,120,35,254,100000-200000,6.99
95300,Capsized,2011-04-29,Alientrap,windows;mac;linux,723,212,152,200000-500000,5.99
95400,ibb & obb,2014-05-26,Sparpweed;Codeglue,windows;mac;linux,3125,211,255,200000-500000,8.99
95700,The Cat and the Coup,2011-06-15,Peter Brinson and Kurosh ValaNejad,windows;mac,823,52,12,100000-200000,0.0
95900,Air Conflicts: Secret Wars,2011-07-15,Games Farm;3Division,windows,167,111,20,50000-100000,4.79
96000,The Tiny Bang Story,2011-04-22,Colibri Games,windows;mac;linux,3923,567,284,2000000-5000000,3.99
96100,Defy Gravity Extended,2016-03-18,Paul Fisch,windows,7553,1224,158,1000000-2000000,0.79
96200,Steel Storm: Burning Retribution,2011-05-11,Kot in Action Creative Artel,windows;linux,181,115,280,200000-500000,11.39
96800,Nexuiz,2012-05-10,IllFonic,windows,167,105,9,200000-500000,7.99
97000,Solar 2,2011-06-17,Murudai,windows;mac;linux,1540,158,229,200000-500000,6.99
97100,Section 8®: Prejudice™,2011-05-04,TimeGate Studios,windows,707,217,53,200000-500000,6.99
97330,Magic: The Gathering - Duels of the Planeswalkers 2013,2012-06-20,Stainless Games,windows,921,130,1070,200000-500000,6.99
98100,Trauma,2011-08-08,Krystian Majewski,windows;mac,402,182,7,200000-500000,4.39
98200,Frozen Synapse,2011-05-26,Mode 7,windows;mac;linux,1990,430,183,500000-1000000,18.99
98300,Toy Soldiers,2012-04-27,Signal Studios,windows,1032,108,148,200000-500000,4.99
98400,Hard Reset Extended Edition,2012-07-12,Flying Wild Hog,windows,3225,656,158,500000-1000000,9.99
98500,Naval Warfare,2011-05-25,Game Distillery s.r.o.,windows,134,121,0,100000-200000,1.99
98600,Demolition Inc.,2011-09-19,Zeroscale,windows;mac,197,53,101,50000-100000,4.79
98800,Dungeons of Dredmor,2011-07-13,"Gaslamp Games, Inc.",windows;mac;linux,3879,235,800,500000-1000000,3.49
98900,Alien Hallway,2011-08-19,Sigma Team Inc.,windows,141,91,0,50000-100000,3.99
99100,Dungeons and Dragons: Daggerdale,2011-06-24,Bedlam Games,windows,97,283,0,100000-200000,10.99
99300,Renegade Ops,2011-10-26,Avalanche Studios,windows,1773,297,18,500000-1000000,9.99
99400,Garshasp: The Monster Slayer,2011-05-09,Dead Mage,windows,156,166,0,50000-100000,3.99
99700,NightSky,2011-03-01,"Nicalis, Inc.",windows;mac;linux,748,100,21,500000-1000000,6.99
99900,Spiral Knights,2011-06-14,"Grey Havens, LLC",windows;mac,15666,3202,275,2000000-5000000,0.0
99910,Puzzle Pirates,2011-08-31,"Grey Havens, LLC",windows;mac,961,239,107,200000-500000,0.0
102200,Runespell: Overture,2011-07-20,Mystic Box,windows,257,76,96,100000-200000,7.99
102500,Kingdoms of Amalur: Reckoning™,2012-02-09,Big Huge Games;38 Studios,windows,8523,1201,252,500000-1000000,19.99
102600,Orcs Must Die!,2011-10-11,Robot Entertainment,windows,5371,180,159,1000000-2000000,7.99
102840,Shank 2,2012-02-07,Klei Entertainment,windows;mac;linux,1707,373,297,500000-1000000,7.19
104000,iBomber Defense,2011-05-26,Cobra Mobile,windows;mac,148,51,112,50000-100000,2.99
104200,BEEP,2011-05-06,Big Fat Alien,windows,4036,731,140,500000-1000000,1.59
104900,ORION: Prelude,2013-04-16,Spiral Game Studios,windows,22057,7558,263,2000000-5000000,0.79
105000,A New Beginning - Final Cut,2012-12-11,Daedalic Entertainment,windows;mac,1000,314,101,200000-500000,7.99
105100,Lume,2011-05-09,State of Play Games,windows;mac,206,251,8,50000-100000,4.79
105300,Critical Mass,2011-06-20,Manic Game Studios,windows;mac,293,77,0,100000-200000,1.59
105420,Ms. Splosion Man,2013-04-03,Twisted Pixel Games,windows,167,49,0,50000-100000,6.99
105450,Age of Empires® III: Complete Collection,2012-01-05,Ensemble Studios,windows,13759,1801,902,2000000-5000000,29.99
105600,Terraria,2011-05-16,Re-Logic,windows;mac;linux,255600,7797,5585,5000000-10000000,6.99
105700,Tobe's Vertical Adventure,2011-07-18,Secret Base,windows,80,50,17,50000-100000,0.79
105800,PixelJunk™ Eden,2012-02-02,Q-Games Ltd.,windows,558,140,65,200000-500000,6.99
107100,Bastion,2011-08-16,Supergiant Games,windows;mac;linux,27887,1098,391,2000000-5000000,11.39
107200,Space Pirates and Zombies,2011-08-15,MinMax Games Ltd.,windows;mac;linux,2315,202,225,500000-1000000,6.99
107300,Breath of Death VII,2011-07-13,Zeboyd Games,windows,994,187,30,500000-1000000,0.0
107310,Cthulhu Saves the World,2011-07-13,Zeboyd Games,windows,2868,222,351,500000-1000000,0.0
107410,Arma 3,2013-09-12,Bohemia Interactive,windows,105034,12524,18823,2000000-5000000,29.99
107600,Waves,2011-11-16,Squid In A Box Ltd,windows,974,60,11,100000-200000,3.99
108110,Starpoint Gemini,2012-02-16,Little Green Men Games,windows,35,75,0,50000-100000,10.59
108200,Ticket to Ride,2012-05-24,Days of Wonder,windows;mac;linux,1476,283,607,200000-500000,6.99
108210,Memoir '44 Online,2011-10-12,Days of Wonder,windows,177,119,7,200000-500000,0.0
108500,Vessel,2012-03-01,Strange Loop Games,windows,540,70,21,200000-500000,14.99
108600,Project Zomboid,2013-11-08,The Indie Stone,windows;mac;linux,17273,2606,658,500000-1000000,9.99
108700,Death Rally,2012-08-03,Remedy Entertainment;Mountain Sheep;Cornfox & Brothers,windows,376,158,0,50000-100000,6.99
108710,Alan Wake,2012-02-16,Remedy Entertainment,windows,22962,2163,239,2000000-5000000,11.39
108800,Crysis 2 - Maximum Edition,2011-03-22,Crytek Studios,windows,6724,1432,176,2000000-5000000,19.99
109600,Neverwinter,2013-12-05,Cryptic Studios,windows,18517,5297,1273,5000000-10000000,0.0
110400,inMomentum,2011-10-31,Digital Arrow,windows,117,40,0,50000-100000,6.99
110500,Data Jammers: FastForward,2011-10-24,Digital Eel,windows;mac,54,26,0,50000-100000,0.0
110800,L.A. Noire,2011-11-08,Team Bondi;Rockstar Leeds,windows,14096,2315,428,1000000-2000000,19.99
111100,Snuggle Truck,2012-02-03,Owlchemy Labs,windows;mac;linux,363,81,199,100000-200000,3.99
111400,Bunch of Heroes,2011-09-21,NGD Studios,windows,180,206,27,100000-200000,3.99
111600,Serious Sam Double D XXL,2011-08-30,Mommy's Best Games,windows,514,92,527,500000-1000000,6.99
112100,Avadon: The Black Fortress,2011-08-17,Spiderweb Software,windows;mac;linux,342,76,13,200000-500000,6.99
113020,Monaco: What's Yours Is Mine,2013-04-24,Pocketwatch Games,windows;mac;linux,7237,749,183,2000000-5000000,10.99
113200,The Binding of Isaac,2011-09-28,Edmund McMillen and Florian Himsl,windows;mac,43227,1923,1849,2000000-5000000,3.99
113400,APB Reloaded,2011-12-06,Little Orbit,windows,20028,11779,3835,5000000-10000000,0.0
113420,Fallen Earth Free2Play,2012-02-22,Little Orbit,windows,3938,3142,107,2000000-5000000,0.0
115100,Costume Quest,2011-10-14,Double Fine Productions,windows;mac;linux,2635,210,219,200000-500000,6.99
115110,Stacking,2012-03-06,Double Fine Productions,windows;mac;linux,1271,155,238,200000-500000,6.99
115120,Iron Brigade,2012-08-13,Double Fine Productions,windows,573,124,21,100000-200000,10.99
115200,Cossacks II: Napoleonic Wars,2011-08-26,GSC Game World,windows,151,183,17,50000-100000,3.99
115210,American Conquest,2011-08-26,GSC Game World,windows,180,92,0,100000-200000,3.99
115220,American Conquest: Fight Back,2011-08-26,GSC Game World,windows,151,73,2,100000-200000,3.99
115320,Prototype 2,2012-07-26,Radical Entertainment,windows,5411,2244,698,500000-1000000,19.99
115800,Owlboy,2016-11-01,D-Pad Studio,windows;mac;linux,3542,555,613,200000-500000,18.99
200010,Quantum Conundrum,2012-06-21,Airtight Games,windows,1224,225,162,200000-500000,6.99
200020,Global Ops: Commando Libya,2011-10-26,Spectral Games,windows,131,191,0,50000-100000,3.99
200170,Worms Revolution,2012-10-10,Team17 Digital Ltd,windows,3922,686,445,1000000-2000000,10.99
200190,Sideway™ New York,2011-11-15,Playbrains;Fuel Entertainment,windows,68,40,0,50000-100000,6.99
200210,Realm of the Mad God,2012-02-20,Wild Shadow Studios;Deca Games,windows;mac,23414,4728,3531,2000000-5000000,0.0
200230,Off-Road Drive,2011-09-29,1C-Avalon,windows,286,177,0,50000-100000,3.99
200260,Batman: Arkham City - Game of the Year Edition,2012-09-07,Rocksteady Studios;Feral Interactive (Mac),windows;mac,25995,1255,1554,2000000-5000000,14.99
200370,A Game of Dwarves,2012-10-23,Zeal Game Studio,windows,275,167,991,50000-100000,7.99
200390,Oil Rush,2012-01-25,Unigine Corp.,windows;mac;linux,173,170,9,200000-500000,5.59
200410,SOL: Exodus,2012-01-25,"Bit Planet Games, LLC",windows,45,47,0,50000-100000,5.59
200510,XCOM: Enemy Unknown,2012-10-11,Firaxis Games;Feral Interactive (Mac);Feral Interactive (Linux),windows;mac;linux,36630,2072,1470,2000000-5000000,14.99
200550,Dungeons - The Dark Lord,2011-09-27,Realmforge Studios,windows,65,113,3,100000-200000,14.99
200670,Disciples III - Resurrection,2011-10-11,Akella;.dat,windows,54,101,0,100000-200000,9.99
200710,Torchlight II,2012-09-20,Runic Games,windows;mac;linux,29539,1757,1037,2000000-5000000,14.99
200900,Cave Story+,2011-11-22,"Nicalis, Inc.;Studio Pixel",windows;linux,5120,230,150,500000-1000000,10.99
200960,Geneforge 1,2001-12-01,Spiderweb Software,windows,268,17,0,100000-200000,0.0
200980,Geneforge 2,2003-07-01,Spiderweb Software,windows,32,3,0,50000-100000,0.0
200990,Geneforge 3,2005-04-01,Spiderweb Software,windows,26,4,0,50000-100000,0.0
201000,Geneforge 4: Rebellion,2006-11-01,Spiderweb Software,windows,24,2,0,50000-100000,0.0
201010,Geneforge 5: Overthrow,2008-11-01,Spiderweb Software,windows,60,6,0,100000-200000,0.0
201210,Pox Nora,2014-10-15,Desert Owl Games LLC,windows;mac,384,148,2,200000-500000,0.0
201230,EverQuest II,2011-12-07,Daybreak Game Company,windows,846,319,548,500000-1000000,0.0
201290,Sins of a Solar Empire: Trinity®,2011-11-16,Ironclad Games;Stardock Entertainment,windows,428,149,145,200000-500000,15.49
201420,Toki Tori 2+,2013-07-11,Two Tribes,windows;mac;linux,671,130,109,200000-500000,10.99
201480,Serious Sam: The Random Encounter,2011-10-24,Vlambeer;Croteam,windows,330,310,18,500000-1000000,3.99
201490,Airline Tycoon 2,2011-10-24,b-Alive,windows,61,386,0,50000-100000,6.99
201510,Flatout 3: Chaos & Destruction,2011-12-13,Team 6 Studios,windows,290,1874,19,200000-500000,6.99
201570,Really Big Sky,2012-02-24,Boss Baddie,windows,1429,462,247,500000-1000000,3.99
201790,Orcs Must Die! 2,2012-07-30,Robot Entertainment,windows,13321,682,429,2000000-5000000,11.99
201810,Wolfenstein: The New Order,2014-05-19,Machine Games,windows,26727,3011,539,1000000-2000000,14.99
201870,Assassin's Creed® Revelations,2011-11-30,Ubisoft Montreal,windows,5912,1055,1153,500000-1000000,12.49
202130,Impire,2013-02-14,Cyanide Montreal,windows,167,208,76,100000-200000,14.99
202200,Galactic Civilizations® II: Ultimate Edition,2011-12-02,Stardock Entertainment,windows,894,300,13,500000-1000000,14.99
202310,Ridge Racer™ Unbounded,2012-03-29,BUGBEAR,windows,541,450,0,100000-200000,7.99
202410,Scoregasm,2012-02-08,RC Knight,windows;mac,107,22,17,50000-100000,3.99
202710,Demigod,2011-12-14,Gas Powered Games,windows,564,212,149,100000-200000,7.19
202730,Dynamite Jack,2012-05-10,"Hassey Enterprises, Inc.",windows;mac;linux,345,56,9,100000-200000,7.19
202750,Alan Wake's American Nightmare,2012-05-22,Remedy Entertainment,windows,3598,1468,71,1000000-2000000,6.19
202860,Real Warfare 2: Northern Crusades,2011-11-18,Unicorn Games Studio,windows,36,49,0,50000-100000,3.99
202970,Call of Duty®: Black Ops II,2012-11-12,Treyarch,windows,25827,4658,524,2000000-5000000,39.99
203140,Hitman: Absolution™,2012-11-19,Io-Interactive A/S;Feral Interactive (Mac),windows;mac,23277,2478,650,2000000-5000000,14.99
203160,Tomb Raider,2013-03-04,Crystal Dynamics;Eidos-Montréal;Feral Interactive (Mac);Feral Interactive (Linux),windows;mac;linux,93509,4103,527,5000000-10000000,14.99
203210,Titan Attacks!,2012-02-03,Puppygames,windows;mac;linux,790,79,189,100000-200000,7.19
203290,America's Army: Proving Grounds,2013-08-01,U.S. Army,windows,6413,1902,89,2000000-5000000,0.0
203350,King's Bounty: Warriors of the North,2012-10-25,1C-SoftClub,windows;mac,727,156,593,200000-500000,6.99
203510,Fortune Summoners,2012-01-30,Lizsoft,windows,581,93,27,100000-200000,12.99
203560,Containment: The Zombie Puzzler,2012-03-02,Bootsnake Games,windows;mac;linux,203,47,0,50000-100000,3.99
203630,Warlock - Master of the Arcane,2012-05-08,Ino-Co Plus,windows,1811,293,115,500000-1000000,18.99
203650,Sonic the Hedgehog 4 - Episode II,2012-05-14,SEGA,windows,663,206,577,200000-500000,5.99
203680,F1 RACE STARS™,2012-11-15,Codemasters Birmingham,windows,689,215,42,100000-200000,10.99
203750,Binary Domain,2012-04-26,Devil's Details,windows,4416,742,639,500000-1000000,9.99
203770,Crusader Kings II,2012-02-14,Paradox Development Studio,windows;mac;linux,31668,4187,1366,2000000-5000000,29.99
203830,The Dark Eye: Chains of Satinav,2012-06-22,Daedalic Entertainment,windows;mac,1279,199,290,200000-500000,26.99
203990,SATAZIUS,2011-12-16,ASTRO PORT,windows;linux,211,24,87,50000-100000,4.79
204030,Fable - The Lost Chapters,2011-12-19,Lionhead Studios,windows,4384,364,494,500000-1000000,6.99
204060,Superbrothers: Sword & Sworcery EP,2012-04-16,Capybara;Superbrothers;Jim Guthrie,windows;mac;linux,1764,489,73,500000-1000000,4.99
204100,Max Payne 3,2012-05-31,Rockstar Studios,windows,21581,4374,464,1000000-2000000,14.99
204120,LEGO® Harry Potter: Years 5-7,2012-01-05,Traveller's Tales,windows,628,104,1904,200000-500000,14.99
204180,Waveform,2012-03-20,Eden Industries,windows;mac;linux,1778,345,125,500000-1000000,0.79
204220,Snapshot,2012-08-30,Retro Affect,windows;mac;linux,161,61,89,200000-500000,6.99
204240,The Bridge,2013-02-22,Ty Taylor and Mario Castañeda;The Quantum Astrophysicists Guild,windows;mac;linux,2950,374,129,500000-1000000,6.99
204300,Awesomenauts - the 2D moba,2012-08-01,Ronimo Games,windows;mac;linux,20770,3678,999,2000000-5000000,0.0
204340,Serious Sam 2,2012-01-31,Croteam,windows,5353,702,233,500000-1000000,6.99
204360,Castle Crashers®,2012-09-26,The Behemoth,windows;mac,50273,2063,1094,2000000-5000000,9.99
204440,Pickers,2012-02-22,MumboJumbo,windows;mac,112,26,0,50000-100000,6.99
204530,Infested Planet,2014-03-06,Rocket Bear Games,windows;mac,1954,127,2974,200000-500000,11.39
204560,Confrontation,2012-04-04,Cyanide Studio,windows,77,228,0,200000-500000,6.99
204630,Retro City Rampage™ DX,2014-11-11,"Vblank Entertainment, Inc.",windows;mac;linux,2005,243,540,200000-500000,10.99
204860,Men of War: Condemned Heroes,2012-04-12,1C-SoftClub,windows,188,101,115,100000-200000,5.59
204880,Sins of a Solar Empire: Rebellion®,2012-06-12,Ironclad Games;Stardock Entertainment,windows,8642,712,507,2000000-5000000,30.99
204940,Crusader Kings Complete,2012-02-14,Paradox Development Studio,windows,89,53,60,50000-100000,7.99
205020,Lumino City,2014-12-02,State of Play Games,windows;mac,928,117,29,200000-500000,8.99
205060,BIT.TRIP CORE,2012-10-02,Gaijin Games,windows;mac,70,51,0,50000-100000,6.99
205100,Dishonored,2012-10-11,Arkane Studios,windows,41756,1269,749,2000000-5000000,7.99
205190,Rocksmith™,2012-10-18,Ubisoft - San Francisco,windows,869,80,1371,200000-500000,25.99
205230,Hell Yeah! Wrath of the Dead Rabbit,2012-10-03,Arkedo,windows,2712,434,188,1000000-2000000,9.99
205530,Gratuitous Tank Battles,2012-05-17,Positech Games,windows;mac,48,43,0,50000-100000,6.99
205550,Foreign Legion: Multi Massacre,2012-07-09,Sakari Indie & GriN,windows;mac,200,108,26,50000-100000,4.79
205610,Port Royale 3,2012-05-04,Gaming Minds Studios,windows,479,214,64,200000-500000,9.99
205650,The Testament of Sherlock Holmes,2012-09-20,Frogwares,windows,1488,301,1,200000-500000,14.99
205710,EverQuest,2012-12-13,Daybreak Game Company,windows,598,219,20,500000-1000000,0.0
205730,Insanely Twisted Shadow Planet,2012-04-17,Shadow Planet Productions,windows;mac;linux,547,83,275,200000-500000,11.99
205810,Jagged Alliance: Crossfire,2012-08-24,Coreplay GmbH,windows,112,75,0,100000-200000,9.99
205830,Luxor Evolved,2012-03-01,MumboJumbo,windows,196,18,94,50000-100000,6.99
205840,Yesterday,2012-03-22,Pendulo Studios,windows,551,113,126,100000-200000,6.99
205870,Auditorium,2012-02-28,Cipher Prime Studios,windows;mac,202,46,0,50000-100000,4.99
205910,Tiny and Big: Grandpa's Leftovers,2012-06-19,Black Pants Studio,windows;mac;linux,3483,309,207,500000-1000000,6.99
205950,Jet Set Radio,2012-09-19,Blit Software,windows,3398,631,207,1000000-2000000,5.59
205990,Warlock 2: The Exiled,2014-04-10,Ino-Co Plus,windows;mac;linux,558,288,0,50000-100000,14.99
206020,Avernum 4,2012-05-11,Spiderweb Software,windows,55,10,0,50000-100000,0.0
206040,Avernum 5,2012-05-11,Spiderweb Software,windows,17,4,0,50000-100000,3.99
206060,Avernum 6,2012-05-11,Spiderweb Software,windows,36,2,0,50000-100000,3.99
206190,Gunpoint,2013-06-03,Suspicious Developments,windows;mac;linux,10384,271,212,500000-1000000,6.0
206210,Gotham City Impostors Free to Play,2012-08-30,"Monolith Productions, Inc.",windows,9269,1773,120,2000000-5000000,0.0
206370,Tales From Space: Mutant Blobs Attack,2012-08-15,DrinkBox Studios,windows;mac;linux,544,57,183,100000-200000,7.19
206420,Saints Row IV,2013-08-22,Deep Silver Volition,windows;linux,54091,4945,1279,2000000-5000000,10.99
206440,To the Moon,2012-09-07,Freebird Games,windows;mac;linux,42115,1423,200,1000000-2000000,6.99
206480,Dungeons & Dragons Online®,2012-06-25,"Standing Stone Games, LLC",windows;mac,1718,696,557,500000-1000000,0.0
206500,AirMech Strike,2018-03-30,Carbon Games,windows,7640,1440,441,1000000-2000000,0.0
206610,3SwitcheD,2012-03-29,Reality Pump,windows;mac,117,196,260,200000-500000,6.99
206690,iBomber Defense Pacific,2012-03-01,Cobra Mobile,windows;mac;linux,421,84,82,200000-500000,2.99
207020,Bang Bang Racing,2012-06-08,Digital Reality Software & Playbox,windows,317,82,0,50000-100000,7.99
207080,Indie Game: The Movie,2012-06-12,BlinkWorks Media,windows;mac,1536,126,218,200000-500000,6.99
207140,SpeedRunners,2016-04-19,DoubleDutch Games,windows;mac;linux,20854,1455,421,1000000-2000000,10.99
207170,Legend of Grimrock,2012-04-11,Almost Human Games,windows;mac;linux,4420,268,314,500000-1000000,10.99
207230,ArcheBlade™,2014-04-25,CodeBrush Games,windows,5642,2086,640,2000000-5000000,0.0
207250,Cubemen,2012-03-16,3 Sprockets,windows;mac;linux,347,134,70,100000-200000,2.79
207320,Ys: The Oath in Felghana,2012-03-19,Nihon Falcom,windows,936,57,635,100000-200000,9.99
207350,Ys Origin,2012-05-31,Nihon Falcom,windows,1811,91,826,200000-500000,12.99
207370,eXceed - Gun Bullet Children,2012-08-02,Flat Software,windows,204,215,97,50000-100000,1.99
207380,eXceed 2nd - Vampire REX,2012-08-02,Tennen-sozai,windows,193,29,147,50000-100000,4.79
207400,eXceed 3rd - Jade Penetrate Black Package,2012-08-02,Tennen-sozai,windows,489,41,127,50000-100000,4.79
207420,Wizorb,2012-03-14,Tribute Games Inc.,windows;mac;linux,538,224,504,200000-500000,1.99
207430,"Hack, Slash, Loot",2012-04-05,David Williamson,windows;mac,337,332,133,100000-200000,4.99
207490,Rayman® Origins,2012-03-29,UBIart Montpellier;Feral Interactive (Mac),windows,1509,114,266,200000-500000,8.59
207530,Noitu Love 2: Devolution,2012-04-23,Joakim Sandberg,windows,469,28,219,50000-100000,3.99
207570,English Country Tune,2012-08-09,increpare games,windows;mac;linux,278,61,3,200000-500000,3.99
207650,A Virus Named TOM,2012-08-01,Misfits Attic,windows;mac;linux,379,305,92,200000-500000,6.99
207690,Botanicula,2012-05-07,Amanita Design,windows;mac,3524,136,16,200000-500000,7.99
207730,Arena Wars 2,2012-10-12,ExDream GmbH,windows,128,256,0,50000-100000,2.79
207750,Symphony,2012-08-06,Empty Clip Studios,windows;mac;linux,1159,209,321,200000-500000,6.19
207930,Sacred Citadel,2013-04-16,Southend,windows,645,287,220,500000-1000000,7.99
208110,Myst V: End of Ages,2012-03-16,Cyan Worlds,windows;mac,57,40,0,50000-100000,6.99
208140,Endless Space® - Collection,2012-07-04,AMPLITUDE Studios,windows;mac,5708,1417,1102,1000000-2000000,0.0
208200,Doom 3: BFG Edition,2012-10-18,id Software,windows,3957,772,644,500000-1000000,14.99
208400,Avernum: Escape From the Pit,2012-04-11,Spiderweb Software,windows;mac,658,55,0,100000-200000,6.99
208500,F1 2012™,2012-09-19,Codemasters Birmingham,windows,1447,176,1623,200000-500000,14.99
208520,Omerta - City of Gangsters,2013-01-31,Haemimont Games,windows;mac,1029,632,209,200000-500000,10.99
208580,STAR WARS™ Knights of the Old Republic™ II - The Sith Lords™,2012-08-23,"Obsidian Entertainment;Aspyr (Mac, Linux, & Windows Update)",windows;mac;linux,8047,978,990,2000000-5000000,7.19
208600,Lunar Flight,2012-04-10,Shovsoft,windows;mac,465,95,411,50000-100000,10.99
208620,Midnight Mysteries: Salem Witch Trials,2012-03-28,MumboJumbo,windows,59,32,0,50000-100000,6.99
208630,Midnight Mysteries 3: Devil on the Mississippi,2012-03-28,MumboJumbo,windows,60,15,0,50000-100000,6.99
208640,Midnight Mysteries 4: Haunted Houdini,2012-03-28,MumboJumbo,windows,53,4,0,50000-100000,6.99
208650,Batman™: Arkham Knight,2015-06-23,Rocksteady Studios,windows,33121,12981,1266,1000000-2000000,15.99
208670,Blades of Time,2012-04-20,Gaijin Entertainment Corporation,windows;mac,1363,333,105,200000-500000,6.99
208730,Game of Thrones,2012-06-07,Cyanide Studios,windows,1407,587,1042,200000-500000,10.99
208750,Apotheon,2015-02-03,Alientrap,windows;mac;linux,2239,240,716,200000-500000,10.99
209000,Batman™: Arkham Origins,2013-10-24,WB Games Montreal;Splash Damage,windows,20365,3519,538,2000000-5000000,0.0
209060,Drunken Robot Pornography,2014-02-19,"Dejobaan Games, LLC",windows;linux,524,99,167,50000-100000,10.99
209080,Guns of Icarus Online,2012-10-29,Muse Games,windows;mac;linux,12932,1276,275,2000000-5000000,3.99
209100,Resident Evil: Operation Raccoon City,2012-05-18,Slant Six Games,windows,1171,1079,237,100000-200000,22.99
209120,Street Fighter X Tekken,2012-05-11,"Capcom U.S.A., Inc.",windows,858,697,136,100000-200000,22.99
209160,Call of Duty®: Ghosts,2014-03-25,Infinity Ward,windows,14892,10757,266,1000000-2000000,39.99
209190,Stealth Bastard Deluxe,2012-11-28,Curve Studios,windows;mac;linux,783,93,373,200000-500000,6.99
209330,A Valley Without Wind,2012-04-24,"Arcen Games, LLC",windows;mac;linux,272,186,84,200000-500000,0.0
209370,Analogue: A Hate Story,2012-04-27,Love Conquers All Games,windows;mac;linux,1881,128,167,100000-200000,7.19
209520,Mini Motor Racing EVO,2013-05-01,The Binary Mill,windows,411,224,121,50000-100000,3.99
209540,Strike Suit Zero,2013-01-23,Born Ready Games Ltd.,windows;mac;linux,1211,339,57,200000-500000,14.99
209650,Call of Duty®: Advanced Warfare - Gold Edition,2014-11-03,Sledgehammer Games;Raven Software,windows,13389,8379,250,500000-1000000,39.99
209670,Cortex Command,2012-09-28,Data Realms,windows;mac,3119,1454,199,1000000-2000000,14.99
209690,Fieldrunners,2012-05-24,Subatomic Studios LLC,windows;mac,124,79,130,100000-200000,3.99
209730,R.A.W. Realms of Ancient War,2012-10-11,Wizarbox,windows,288,312,24,200000-500000,11.99
209790,Splice,2012-06-13,Cipher Prime Studios,windows;mac;linux,470,61,21,100000-200000,6.99
209830,Lone Survivor: The Director's Cut,2012-04-23,Jasper Byrne,windows;mac,1019,153,93,500000-1000000,11.39
209950,Triple Town,2012-12-06,Spry Fox LLC,windows;mac,559,50,170,50000-100000,6.99
210170,Spirits,2012-09-04,Spaces of Play,windows;mac;linux,152,61,135,200000-500000,2.89
210770,Sanctum 2,2013-05-15,Coffee Stain Studios,windows;mac;linux,11629,1273,293,2000000-5000000,11.39
210950,Rune Classic,2012-06-13,Human Head Studios,windows,541,50,316,100000-200000,6.99
210970,The Witness,2016-01-26,"Thekla, Inc.",windows;mac,6572,1282,630,500000-1000000,29.99
211010,Alien Shooter 2 Conscription,2012-05-18,Sigma Team Inc.,windows,200,46,47,50000-100000,7.19
211160,Viking: Battle for Asgard,2012-10-17,"Creative Assembly, PC Port - Hardlight",windows,856,1013,43,1000000-2000000,9.99
211180,Unmechanical,2012-08-08,Talawa Games,windows;mac;linux,371,28,58,50000-100000,6.99
211260,They Bleed Pixels,2012-08-29,Spooky Squid Games Inc.,windows;mac;linux,1965,327,300,200000-500000,6.99
211280,Primal Fears,2013-01-08,DnS Development,windows,172,120,0,50000-100000,6.99
211340,Magical Diary: Horse Hall,2012-05-31,Hanako Games,windows;mac;linux,800,96,0,50000-100000,10.99
211360,Offspring Fling!,2012-05-11,Kyle Pulver,windows;mac,449,90,134,200000-500000,4.99
211400,Deadlight,2012-10-25,"Tequila Works, S.L.",windows,8981,2298,307,500000-1000000,9.99
211440,Adventures of Shuggy,2012-06-13,Smudged Cat Games Ltd,windows;mac;linux,955,149,69,200000-500000,3.99
211500,RaceRoom Racing Experience,2013-02-12,Sector3 Studios,windows,5204,3571,81,2000000-5000000,0.0
211580,Wanderlust: Rebirth,2012-07-27,Yeti Trunk,windows,249,229,152,100000-200000,3.99
211600,Thief™ Gold,2012-05-22,Looking Glass Studios,windows,1649,148,230,500000-1000000,4.99
211740,Thief™ II: The Metal Age,2012-05-22,Looking Glass Studios,windows,845,51,1584,200000-500000,4.99
211780,Conflict Desert Storm™,2012-05-28,Pivotal Games,windows,376,93,0,50000-100000,4.99
211820,Starbound,2016-07-22,Chucklefish,windows;mac;linux,74162,7816,3556,2000000-5000000,11.99
212010,Galaxy on Fire 2™ Full HD,2012-08-21,Fishlabs Entertainment GmbH,windows,1046,382,361,200000-500000,5.59
212030,Kung Fu Strike - The Warrior's Rise,2012-07-24,Qooc Software,windows,803,211,98,100000-200000,6.99
212050,Resonance,2012-07-25,XII Games,windows,353,30,219,50000-100000,6.99
212070,Star Conflict,2013-02-27,Star Gem Inc.,windows;mac;linux,8647,2796,4623,2000000-5000000,0.0
212160,Vindictus,2012-06-22,devCAT,windows,3646,1460,408,1000000-2000000,0.0
212390,Continent of the Ninth Seal,2012-09-13,Cloud 9 Studio,windows,892,334,48,500000-1000000,0.0
212500,The Lord of the Rings Online™,2012-06-06,"Standing Stone Games, LLC",windows;mac,6860,1644,892,2000000-5000000,0.0
212630,Tom Clancy's Ghost Recon: Future Soldier™,2012-06-27,Ubisoft Paris;Red Storm Entertainment,windows,2178,1153,229,200000-500000,12.49
212680,FTL: Faster Than Light,2012-09-14,Subset Games,windows;mac;linux,42641,1629,1111,2000000-5000000,6.99
212700,Party of Sin,2012-12-13,Crankshaft Games,windows,98,89,290,50000-100000,4.79
212800,Super Crate Box,2012-08-29,Vlambeer,windows;mac;linux,5951,702,34,1000000-2000000,0.0
213030,Penny Arcade's On the Rain-Slick Precipice of Darkness 3,2012-06-25,Zeboyd Games,windows;mac,466,71,0,200000-500000,1.69
213330,LEGO® Batman™ 2: DC Super Heroes,2012-06-22,TT Games,windows,969,129,988,200000-500000,14.99
213610,Sonic Adventure 2,2012-11-19,SEGA,windows,4676,913,805,500000-1000000,5.99
213650,Dwarfs - F2P,2012-10-18,Power of 2,windows;mac,1327,225,30,500000-1000000,0.0
213670,South Park™: The Stick of Truth™,2014-03-06,Obsidian Entertainment,windows,35896,911,1045,2000000-5000000,25.99
213850,Magic 2014 — Duels of the Planeswalkers,2013-06-26,Stainless Games,windows,3615,773,1149,500000-1000000,6.99
214150,Galactic Civilizations® I: Ultimate Edition,2012-08-14,Stardock Entertainment,windows,93,91,22,200000-500000,6.99
214170,Divine Divinity,2012-07-05,Larian Studios,windows,1432,193,39,500000-1000000,4.79
214250,I Am Alive,2012-09-06,Ubisoft  Shanghaï,windows,1361,701,408,200000-500000,12.49
214340,Deponia,2012-08-06,Daedalic Entertainment,windows;mac;linux,7208,840,217,500000-1000000,6.99
214360,Tower Wars,2012-08-14,SuperVillain Studios,windows;mac,1176,433,239,200000-500000,5.59
214420,Gear Up,2015-01-28,Doctor Entertainment AB,windows;mac;linux,6383,2225,139,2000000-5000000,0.0
214490,Alien: Isolation,2014-10-06,Creative Assembly;Feral Interactive (Mac);Feral Interactive (Linux),windows;mac;linux,24534,1958,563,1000000-2000000,29.99
214550,Eets Munchies,2014-03-11,Klei Entertainment,windows;mac;linux,471,122,128,200000-500000,4.99
214570,ETHER VAPOR Remaster,2012-09-27,Edelweiss,windows,188,55,71,50000-100000,5.59
214590,Fairy Bloom Freesia,2012-10-17,Edelweiss,windows,882,139,159,100000-200000,5.59
214610,Cherry Tree High Comedy Club,2012-11-08,773,windows,457,79,222,50000-100000,5.59
214630,Call of Duty: Black Ops - Mac Edition,2012-09-27,Aspyr,mac,168,105,0,50000-100000,15.49
214700,Thirty Flights of Loving,2012-08-20,Blendo Games,windows;mac,934,616,0,100000-200000,3.99
214730,Space Rangers HD: A War Apart,2013-10-17,SNK Games;Elemental Games;Katauri Interactive,windows,3313,170,0,100000-200000,11.99
214770,Guacamelee! Gold Edition,2013-08-08,DrinkBox Studios,windows;mac;linux,4881,338,245,500000-1000000,9.99
214790,The Basement Collection,2012-08-31,Edmund McMillen;Tyler Glaiel,windows;mac,812,153,315,200000-500000,2.99
214830,Half Minute Hero: Super Mega Neo Climax Ultimate Boy,2012-09-27,Opus,windows,1147,172,254,200000-500000,6.99
214870,Painkiller Hell & Damnation,2012-10-31,The Farm 51,windows;mac;linux,2240,679,189,500000-1000000,17.99
214910,Air Conflicts: Pacific Carriers,2012-09-21,Games Farm;3Division,windows;mac,181,208,0,100000-200000,7.19
214950,Total War™: ROME II - Emperor Edition,2013-09-02,CREATIVE ASSEMBLY,windows;mac,31864,13423,5760,2000000-5000000,29.99
214970,Intrusion 2,2012-09-11,Aleksey Abramenko,windows;linux,983,194,85,200000-500000,6.49
215080,WAKFU,2014-09-18,Ankama Studio,windows;mac;linux,4413,1335,2258,1000000-2000000,0.0
215160,The Book of Unwritten Tales,2012-07-31,KING Art,windows;mac;linux,1386,134,62,200000-500000,17.99
215280,Secret World Legends,2017-07-31,Funcom,windows,4420,2106,645,1000000-2000000,0.0
215470,Primal Carnage,2012-10-29,Lukewarm Media,windows,4447,1323,423,200000-500000,5.59
215510,Rocketbirds: Hardboiled Chicken,2012-10-15,Ratloop Asia,windows;mac;linux,2175,571,92,200000-500000,3.99
215530,The Incredible Adventures of Van Helsing,2013-05-22,NeocoreGames,windows,4993,1064,572,500000-1000000,10.99
215550,Zombie Playground™,2016-10-31,stealth.gg,windows;mac,155,168,5,50000-100000,6.99
215630,Demonicon,2013-10-24,Noumena Studios,windows,492,235,654,100000-200000,6.99
215670,Home,2012-08-31,Benjamin Rivers Inc.,windows;mac,1069,518,21,200000-500000,1.99
215690,Zeno Clash 2,2013-04-30,ACE Team,windows,764,256,156,200000-500000,10.99
215710, Fieldrunners 2,2013-01-10,Subatomic Studios LLC,windows,268,53,0,100000-200000,6.99
215790,Dream Pinball 3D,2012-09-19,ASK Homework,windows;mac,164,379,273,200000-500000,4.99
215830,Closers,2018-02-06,Naddic Games,windows,2061,734,194,500000-1000000,0.0
215870,Dungeon-Party,2013-03-13,Cyanide Studio,windows,154,231,1,200000-500000,0.0
215930,Jagged Alliance 2 - Wildfire,2012-11-16,I-deal Games,windows;mac;linux,454,180,526,200000-500000,4.99
216110,Tiny Troopers,2012-08-24,Kukouri,windows;mac,719,183,35,100000-200000,3.99
216150,MapleStory,2012-08-09,Nexon,windows,3629,1711,71,1000000-2000000,0.0
216290,Gateways,2012-09-13,Smudged Cat Games Ltd,windows;mac;linux,171,12,9,50000-100000,3.99
216890,Blood Bowl: Chaos Edition,2012-10-11,Cyanide Studios,windows,1108,277,342,200000-500000,11.99
216910,Of Orcs And Men,2012-10-11,Cyanide Studio - Spiders Studios,windows,856,333,143,200000-500000,10.99
217140,Rise of the Triad,2013-07-31,Slipgate Ironworks™,windows,1436,673,280,200000-500000,10.99
217200,Worms Armageddon,2013-03-19,Team17 Digital Ltd,windows,3517,231,246,500000-1000000,10.99
217690,Anna - Extended Edition,2013-04-12,Dreampainters,windows;mac;linux,878,489,269,200000-500000,7.99
217750,Age of Conan: Unchained,2013-02-22,Funcom,windows,874,397,148,500000-1000000,0.0
217790,Dogfight 1942,2012-09-21,City Interactive,windows,414,165,0,100000-200000,6.99
217920,Alien Rage - Unlimited,2013-09-24,CI Games,windows,1657,722,317,200000-500000,14.99
218020,Nethergate: Resurrection,2012-10-05,Spiderweb Software,windows,50,8,0,50000-100000,3.99
218060,BIT.TRIP Presents... Runner2: Future Legend of Rhythm Alien,2013-02-26,Gaijin Games,windows;mac;linux,2615,221,57,500000-1000000,10.99
218090,Unity of Command: Stalingrad Campaign,2012-10-17,2x2 Games,windows;mac;linux,504,116,8368,100000-200000,14.99
218230,PlanetSide 2,2012-11-20,Daybreak Game Company,windows,35968,7753,1051,5000000-10000000,0.0
218410,Defender's Quest: Valley of the Forgotten (DX edition),2012-10-30,"Level Up Labs, LLC",windows;mac;linux,2688,102,899,200000-500000,10.99
218510,Planets Under Attack,2012-09-27,Targem Games,windows;mac,492,191,299,500000-1000000,6.99
218620,PAYDAY 2,2013-08-13,OVERKILL - a Starbreeze Studio.,windows;linux,308657,56523,3975,10000000-20000000,7.49
218640,Lucius,2012-10-26,Shiver Games,windows,5775,1400,172,500000-1000000,6.99
218660,iBomber Attack,2012-11-01,Cobra Mobile,windows;mac;linux,112,30,0,50000-100000,4.99
218680,Scribblenauts Unlimited,2013-02-15,5th Cell Media,windows,6661,588,630,1000000-2000000,14.99
218740,Pid,2012-10-31,Might and Delight,windows;mac,2021,370,61,500000-1000000,6.99
218820,Mercenary Kings: Reloaded Edition,2014-03-25,Tribute Games Inc.,windows;mac;linux,1511,637,348,200000-500000,14.99
219150,Hotline Miami,2012-10-23,Dennaton Games,windows;mac;linux,45809,1211,380,2000000-5000000,6.99
219190,Ultratron,2013-03-18,Puppygames,windows;mac;linux,545,60,84,50000-100000,7.19
219200,Droid Assault,2013-01-09,Puppygames,windows;mac;linux,275,55,8,50000-100000,7.19
219340,The Banner Saga: Factions,2013-02-25,Stoic,windows;mac,569,202,95245,200000-500000,0.0
219640,Chivalry: Medieval Warfare,2012-10-16,Torn Banner Studios,windows;mac;linux,51499,10939,675,5000000-10000000,18.99
219680,Proteus,2013-01-30,Ed Key and David Kanaga,windows;mac;linux,1847,659,36,200000-500000,6.99
219700,Dogs of War Online,2014-02-04,Cyanide Studio,windows,447,250,29,200000-500000,0.0
219760,Beyond Divinity,2012-10-29,Larian Studios,windows,150,131,13,500000-1000000,4.79
219780,Divinity II: Developer's Cut,2012-10-29,Larian Studios,windows,2001,441,2511,500000-1000000,14.99
219830,King Arthur's Gold,2013-11-05,Transhuman Design,windows;mac;linux,3127,643,384,200000-500000,0.0
219890,Antichamber,2013-01-31,Alexander Bruce,windows;mac;linux,12232,612,176,1000000-2000000,14.99
219910,Edna & Harvey: Harvey's New Eyes,2012-10-16,Daedalic Entertainment,windows;mac;linux,1674,162,170,200000-500000,15.99
219950,NiGHTS Into Dreams,2012-12-17,SEGA,windows,553,79,9,200000-500000,5.59
219990,Grim Dawn,2016-02-25,Crate Entertainment,windows,26805,2605,3651,1000000-2000000,19.99
220090,The Journey Down: Chapter One,2013-01-09,SkyGoblin,windows;mac;linux,902,129,303,200000-500000,5.99
220160,Trials Evolution: Gold Edition,2013-03-21,Redlynx Ltd;Ubisoft  Shanghaï,windows,1382,423,501,200000-500000,16.99
220200,Kerbal Space Program,2015-04-27,Squad,windows;mac;linux,49328,5168,9223,2000000-5000000,29.99
220240,Far Cry 3,2012-11-28,"Ubisoft Montreal, Massive Entertainment, and Ubisoft Shanghai",windows,46331,5622,836,2000000-5000000,16.99
220260,Farming Simulator 2013 Titanium Edition,2013-10-09,Giants Software,windows;mac,3962,381,705,500000-1000000,11.39
220440,DmC: Devil May Cry,2013-01-24,Ninja Theory,windows,14820,956,533,1000000-2000000,23.99
220460,Cargo Commander,2012-11-01,Serious Brew,windows;mac;linux,641,140,663,100000-200000,2.09
220660,StarDrive,2013-04-26,Zero Sum Games,windows,547,729,0,100000-200000,22.99
220700,RPG Maker VX Ace,2012-12-10,KADOKAWA,windows,3372,210,405,500000-1000000,52.99
220740,Chaos on Deponia,2012-11-06,Daedalic Entertainment,windows;mac;linux,1433,121,227,200000-500000,15.99
220780,Thomas Was Alone,2012-11-12,Bithell Games,windows;mac,7456,438,72,500000-1000000,5.99
220820,Zombie Driver HD,2012-10-17,Exor Studios,windows,2050,381,338,200000-500000,6.99
220860,McPixel,2012-09-25,Sos Sosowski,windows;mac,3000,581,136,200000-500000,2.99
220900,Jack Lumber,2013-04-30,Owlchemy Labs,windows;mac;linux,218,125,140,100000-200000,3.99
221020,Towns,2012-11-07,"Xavi Canal, Ben Palgi",windows;mac,632,1878,2365,100000-200000,9.99
221040,Resident Evil 6 / Biohazard 6,2013-03-21,Capcom,windows,14643,3904,1602,1000000-2000000,19.99
221100,DayZ,2018-12-13,Bohemia Interactive,windows,118435,77169,7235,2000000-5000000,33.99
221180,Eufloria HD,2014-10-14,Rudolf Kremers & Alex May;Tuna,windows;mac;linux,351,35,0,100000-200000,10.99
221260,Little Inferno,2012-11-19,Tomorrow Corporation,windows;mac;linux,6403,459,177,500000-1000000,6.99
221380,Age of Empires II HD,2013-04-09,Skybox Labs;Hidden Path Entertainment;Ensemble Studios;Forgotten Empires,windows,54090,3178,1569,5000000-10000000,14.99
221540,DG2: Defense Grid 2,2014-09-23,Hidden Path Entertainment,windows,1579,354,3601,100000-200000,10.99
221640,Super Hexagon,2012-11-27,Terry Cavanagh,windows;mac;linux,19797,616,140,1000000-2000000,1.99
221680,Rocksmith® 2014 Edition - Remastered,2016-10-04,Ubisoft - San Francisco,windows;mac,8228,789,6704,500000-1000000,25.99
221810,The Cave,2013-01-23,Double Fine Productions,windows;mac;linux,1702,266,217,200000-500000,9.99
221830,The Book of Unwritten Tales: The Critter Chronicles,2012-12-05,KING Art,windows;mac;linux,266,50,0,100000-200000,17.99
221910,The Stanley Parable,2013-10-17,Galactic Cafe,windows;mac;linux,31538,2846,170,2000000-5000000,9.99
222140,Puddle,2012-11-09,Neko Entertainment,windows;mac;linux,322,119,186,100000-200000,5.59
222420,THE KING OF FIGHTERS '98 ULTIMATE MATCH FINAL EDITION,2014-12-16,SNK CORPORATION;Code Mystics,windows,880,163,0,100000-200000,10.99
222440,THE KING OF FIGHTERS 2002 UNLIMITED MATCH,2015-02-27,SNK CORPORATION;Code Mystics,windows,903,78,0,100000-200000,10.99
222480,Resident Evil Revelations / Biohazard Revelations,2013-05-23,Capcom,windows,4962,975,683,500000-1000000,23.99
222520,Champions of Regnum,2013-02-27,NGD Studios,windows;mac;linux,514,322,43,200000-500000,0.0
222640,Aarklash: Legacy,2013-09-12,Cyanide Studio,windows,478,145,144,50000-100000,12.39
222730,Reus,2013-05-16,Abbey Games,windows;mac;linux,3569,917,1293,500000-1000000,6.99
222750,Wargame: Airland Battle,2013-05-29,Eugen Systems,windows;mac;linux,3279,415,1069,500000-1000000,14.99
222880,Insurgency,2014-01-22,New World Interactive,windows;mac;linux,92355,9570,712,2000000-5000000,6.99
222940,THE KING OF FIGHTERS XIII STEAM EDITION,2013-09-13,SNK CORPORATION,windows,4300,537,451,500000-1000000,14.99
222980,Dead Pixels,2012-12-07,CSR-Studios,windows,2005,309,117,200000-500000,1.99
223100,Homefront®: The Revolution,2016-05-19,Dambuster Studios,windows,6396,5102,408,500000-1000000,24.99
223220,Giana Sisters: Twisted Dreams,2012-10-22,Black Forest Games,windows,1229,326,177,500000-1000000,10.99
223430,Miner Wars 2081,2012-11-28,Keen Software House,windows,110,212,0,50000-100000,3.99
223470,POSTAL 2,2012-11-02,Running With Scissors,windows;mac;linux,36263,1872,257,1000000-2000000,6.99
223510,Miasmata,2012-11-28,IonFx,windows,739,218,171,100000-200000,11.99
223710,Cry of Fear,2013-04-25,Team Psykskallar,windows,20990,3497,3830,2000000-5000000,0.0
223730,Fly'N,2012-11-09,Ankama Games,windows,378,60,76,100000-200000,7.49
223750,DCS World Steam Edition,2013-08-02,Eagle Dynamics SA,windows,5083,1534,2343,2000000-5000000,0.0
223810,Ys I & II Chronicles+,2013-02-14,Nihon Falcom,windows,1083,135,124,100000-200000,9.99
223830,Xenonauts,2014-06-16,Goldhawk Interactive,windows;mac;linux,2497,337,880,200000-500000,18.99
224000,Project Eagle: A 3D Interactive Mars Base,2018-11-27,Blackbird Interactive,windows,269,91,0,100000-200000,0.0
224260,No More Room in Hell,2013-10-31,No More Room in Hell Team,windows;mac;linux,48190,5747,2661,5000000-10000000,0.0
224300,Legacy of Kain: Defiance,2012-12-06,Crystal Dynamics,windows,429,61,522,200000-500000,4.99
224460,Contrast,2013-11-15,Compulsion Games,windows,4028,415,91,200000-500000,8.49
224480,Octodad: Dadliest Catch,2014-01-30,Young Horses,windows;mac;linux,6742,536,174,500000-1000000,11.99
224500,Gnomoria,2016-02-23,Robotronic Games,windows;mac;linux,2509,698,261,200000-500000,10.99
224600,Defiance,2014-06-04,Trion Worlds,windows,9150,2808,953,2000000-5000000,0.0
224760,FEZ,2013-05-01,Polytron Corporation,windows;mac;linux,10641,928,144,1000000-2000000,6.99
224820,Super House of Dead Ninjas,2013-02-18,Megadev,windows,1306,56,564,100000-200000,4.99
224860,Arma Tactics,2013-10-01,Bohemia Interactive,windows;mac;linux,239,514,76,200000-500000,5.99
224900,Iron Sky: Invasion,2012-12-13,Reality Pump,windows;mac;linux,385,274,414,200000-500000,14.99
224920,Legacy of Kain: Soul Reaver,2012-12-06,Crystal Dynamics,windows,798,302,77,200000-500000,4.99
224940,Legacy of Kain: Soul Reaver 2,2012-12-06,Crystal Dynamics,windows,288,107,50,200000-500000,4.99
224960,Tomb Raider I,2012-11-28,Core Design,windows,1700,374,25,500000-1000000,4.99
224980,Tomb Raider IV: The Last Revelation,2012-11-28,Core Design,windows,422,64,20,500000-1000000,4.99
225000,Tomb Raider V: Chronicles,2012-11-28,Core Design,windows,232,77,10,500000-1000000,4.99
225020,Tomb Raider VI: The Angel of Darkness,2012-11-28,Core Design,windows,349,262,1995,500000-1000000,4.99
225080,Brothers - A Tale of Two Sons,2013-09-03,Starbreeze Studios AB,windows,31689,1708,128,1000000-2000000,10.99
225160,Shadow Warrior Classic Redux,2013-07-08,General Arcade,windows;mac;linux,1789,151,124,200000-500000,6.99
225260,Brutal Legend,2013-02-26,Double Fine Productions,windows;mac;linux,12816,905,461,2000000-5000000,10.99
225280,Full Mojo Rampage,2014-05-08,Over the Top Games,windows,971,167,319,200000-500000,10.99
225300,Tomb Raider II,2012-11-28,Core Design,windows,805,115,3,500000-1000000,4.99
225320,Tomb Raider III,2012-11-28,Core Design,windows,468,97,34,500000-1000000,4.99
225360,DARK,2013-07-03,Realmforge Studios,windows,476,500,75,100000-200000,6.99
225420,Cities in Motion 2,2013-04-02,Colossal Order Ltd.,windows;mac;linux,1130,873,157,500000-1000000,14.99
225540,Just Cause™ 3,2015-11-30,Avalanche Studios,windows,37747,14024,2086,2000000-5000000,11.99
225600,Blade Symphony,2014-05-07,Puny Human,windows;mac;linux,3129,1537,413,200000-500000,0.0
225640,Sacred 2 Gold,2012-12-21,Ascaron,windows,1177,495,69,500000-1000000,10.99
225840,Sven Co-op,2016-01-22,Sven Co-op Team,windows,12211,1173,407,2000000-5000000,0.0
226100,PixelJunk™ Nom Nom Galaxy,2015-08-03,Q-Games Ltd.,windows,517,190,0,50000-100000,6.99
226120,Weird Worlds: Return to Infinite Space,2013-03-19,Digital Eel,windows;mac;linux,315,192,0,200000-500000,3.99
226560,Escape Dead Island,2014-11-20,Fatshark,windows,549,383,0,50000-100000,10.99
226580,F1 2014,2014-10-16,Codemasters,windows,1113,317,1508,100000-200000,19.99
226620,Desktop Dungeons,2013-11-07,QCF Design,windows;mac;linux,1056,104,0,100000-200000,11.99
226720,LOST PLANET® 3,2013-08-26,Spark Unlimited,windows,1597,1002,155,200000-500000,19.99
226740,Monster Loves You!,2013-03-18,"Radial Games Corp;Dejobaan Games, LLC",windows;mac;linux,827,247,180,200000-500000,6.99
226840,Age of Wonders III,2014-03-31,Triumph Studios,windows;mac;linux,4479,1132,984,500000-1000000,22.99
226860,Galactic Civilizations III,2015-05-14,Stardock Entertainment,windows,6051,1891,199,500000-1000000,23.79
226960,Ironclad Tactics,2013-09-18,Zachtronics,windows;mac;linux,381,170,142,50000-100000,10.99
227000,Primordia,2012-12-05,Wormwood Studios,windows,1863,49,234,100000-200000,6.99
227060,Hegemony Rome: The Rise of Caesar,2014-05-15,Longbow Games,windows,235,154,0,50000-100000,10.99
227080,Papo & Yo,2013-04-18,Minority Media Inc.,windows;mac;linux,2405,160,158,200000-500000,10.99
227100,Sniper Elite: Nazi Zombie Army,2013-02-28,Rebellion,windows,3204,446,365,200000-500000,10.99
227160,Kinetic Void,2014-11-21,Badland Studio,windows;mac;linux,298,1138,33,100000-200000,14.99
227200,Waking Mars,2012-12-13,Tiger Style,windows;mac;linux,919,113,229,200000-500000,6.99
227220,Sang-Froid - Tales of Werewolves,2013-04-05,Artifice Studio,windows,1480,209,203,200000-500000,0.0
227300,Euro Truck Simulator 2,2012-10-12,SCS Software,windows;mac;linux,176769,5825,4942,5000000-10000000,14.99
227380,Dragon's Lair,2013-05-17,Digital Leisure Inc.,windows;mac;linux,312,92,0,50000-100000,6.99
227560,Scourge: Outbreak,2014-04-02,Tragnarion Studios,windows;mac,321,166,289,100000-200000,5.59
227580,"10,000,000",2013-01-15,EightyEightGames,windows;mac;linux,1573,187,333,100000-200000,3.99
227600,Castle of Illusion,2013-09-04,SEGA Studios Australia;Feral Interactive (Mac),windows,1329,151,147,100000-200000,9.99
227760,March of the Eagles,2013-02-18,Paradox Development Studio,windows,143,65,0,50000-100000,14.99
227780,Serious Sam Classics: Revolution,2014-04-30,Croteam;Alligator Pit,windows,1339,165,27,100000-200000,7.99
227860,Castle Story,2017-08-17,Sauropod Studio,windows;mac;linux,2711,2361,272,200000-500000,18.99
227940,Heroes & Generals,2016-10-18,RETO MOTO,windows,65856,34416,1752,10000000-20000000,0.0
228200,Company of Heroes,2006-09-11,Relic Entertainment,windows,2526,287,1475,500000-1000000,0.0
228260,Fallen Enchantress: Legendary Heroes,2013-05-22,Stardock Entertainment,windows,1265,495,1610,200000-500000,19.49
228280,Baldur's Gate: Enhanced Edition,2013-01-16,Beamdog,windows;mac;linux,4148,688,569,500000-1000000,14.99
228300,Remember Me,2013-06-06,DONTNOD Entertainment,windows,9080,1815,276,500000-1000000,22.99
228320,A Valley Without Wind 2,2013-02-18,"Arcen Games, LLC",windows;mac;linux,94,97,0,100000-200000,0.0
228360,Full Throttle Remastered,2017-04-18,Double Fine Productions;Shiny Shoe,windows;mac;linux,1162,91,15,100000-200000,10.99
228380,Wreckfest,2018-06-14,Bugbear,windows,8834,2486,778,500000-1000000,38.99
228440,Cubemen 2,2013-04-08,3 Sprockets,windows;mac;linux,148,65,440,100000-200000,5.59
228760,TrackMania² Canyon,2013-02-27,Nadeo,windows,1065,259,3793,100000-200000,16.99
228960,Skulls of the Shogun,2013-07-29,17-BIT,windows;mac;linux,498,56,329,100000-200000,7.19
229480,Dungeons & Dragons: Chronicles of Mystara,2013-06-18,Iron Galaxy Studios,windows,785,180,0,100000-200000,11.99
229520,Dungeon Hearts,2013-03-28,Cube Roots,windows;mac;linux,319,178,200,50000-100000,1.99
229580,Dream,2015-07-31,HyperSloth,windows,549,382,58,50000-100000,5.99
229810,A Fistful of Gun,2015-09-23,FarmerGnome,windows,284,136,267,100000-200000,9.99
229870,ShootMania Storm,2013-04-10,Nadeo,windows,648,101,507,50000-100000,16.99
229970,Armada 2526 Gold Edition,2013-02-28,Ntronium Games,windows,44,29,0,50000-100000,14.99
230050,DLC Quest,2013-03-18,Going Loud Studios,windows;mac,5434,718,126,200000-500000,1.99
230070,The Age of Decadence,2015-10-14,Iron Tower Studio,windows,1719,373,297,100000-200000,11.39
230150,Incredipede,2013-03-18,Colin Northway with art by Thomas Shahan,windows;mac,228,93,0,100000-200000,6.99
230190,War for the Overworld,2015-04-02,Brightrock Games,windows;mac;linux,3948,753,471,200000-500000,22.99
230270,N++ (NPLUSPLUS),2016-08-25,Metanet Software Inc.,windows;mac;linux,1600,83,494,100000-200000,10.99
230290,Universe Sandbox ²,2015-08-24,Giant Army,windows;mac;linux,5918,377,120,200000-500000,19.49
230310,Akaneiro: Demon Hunters,2014-11-25,Spicy Horse,windows;mac;linux,114,207,0,50000-100000,0.0
230410,Warframe,2013-03-25,Digital Extremes,windows,226541,20268,5845,20000000-50000000,0.0
230700,La-Mulana,2013-04-15,NIGORO,windows;mac;linux,1447,333,583,200000-500000,10.99
230820,The Night of the Rabbit,2013-05-28,Daedalic Entertainment,windows;mac,1700,179,96,200000-500000,16.99
230840,Daylight,2014-04-29,Zombie Studios,windows,760,767,184,50000-100000,6.99
230980,Starseed Pilgrim,2013-04-16,Droqen,windows;mac,256,192,62,200000-500000,4.49
231040,Beatbuddy: Tale of the Guardians,2013-08-06,Threaks,windows;mac;linux,814,236,99,200000-500000,6.99
231140,Cities XL Platinum,2013-02-06,Focus Home Interactive,windows,771,584,19,200000-500000,7.49
231160,The Swapper,2013-05-30,"Olli Harjola, Otto Hantula, Tom Jubert, Carlo Castellano",windows;mac;linux,5699,242,129,500000-1000000,11.99
231200,Kentucky Route Zero,2013-02-22,Cardboard Computer,windows;mac;linux,1506,310,0,200000-500000,18.99
231310,MirrorMoon EP,2013-09-04,Santa Ragione,windows;mac;linux,278,178,252,50000-100000,10.99
231330,Deadfall Adventures,2013-11-15,The Farm 51,windows;linux,1474,572,0,100000-200000,17.99
231430,Company of Heroes 2,2013-06-25,Relic Entertainment;Feral Interactive (Mac);Feral Interactive (Linux),windows;mac;linux,32548,12038,1846,2000000-5000000,14.99
231720,Bad Hotel,2013-10-16,Lucky Frame,windows;mac;linux,123,237,339,50000-100000,3.99
231740,Knights of Pen and Paper +1 Edition,2013-06-18,Behold Studios,windows;mac;linux,2268,417,709,200000-500000,7.99
232010,Euro Truck Simulator,2013-03-08,SCS Software,windows;mac,3772,973,315,1000000-2000000,3.99
232050,Eador. Masters of the Broken World,2013-04-19,Snowbird Games,windows,1365,679,272,1000000-2000000,14.99
232090,Killing Floor 2,2016-11-18,Tripwire Interactive,windows,60917,8354,2967,2000000-5000000,19.99
232430,Gone Home,2013-08-15,Fullbright,windows;mac;linux,11893,3651,90,500000-1000000,10.99
232750,Mars: War Logs,2013-04-26,Spiders,windows,1403,525,346,200000-500000,11.99
232770,POSTAL,2013-03-21,Running With Scissors,windows;mac;linux,2319,502,137,200000-500000,1.49
232790,Broken Age,2014-01-28,Double Fine Productions,windows;mac;linux,5312,1063,271,500000-1000000,11.39
232890,Stronghold Crusader 2,2014-09-22,FireFly Studios,windows,4280,2786,259,500000-1000000,24.99
232910,TrackMania² Stadium,2013-06-20,Nadeo,windows,2915,571,6516,500000-1000000,8.59
232950,Bridge Project,2013-03-28,Halycon Media GmbH & Co. KG,windows;mac,333,338,2,100000-200000,15.99
232970,Thunder Wolves,2013-05-15,Most Wanted Entertainment,windows,377,61,0,100000-200000,7.99
233130,Shadow Warrior,2013-09-26,Flying Wild Hog,windows;mac;linux,18716,1426,319,2000000-5000000,29.99
233150,LUFTRAUSERS,2014-03-18,Vlambeer,windows;mac;linux,3180,302,260,200000-500000,6.99
233190,Final Exam,2013-11-05,Mighty Rocket Studio,windows,761,143,196,100000-200000,6.99
233230,Kairo,2013-04-24,Locked Door Puzzle,windows;mac;linux,1131,392,0,100000-200000,3.99
233270,Far Cry 3 - Blood Dragon,2013-05-01,Ubisoft Montreal,windows,9282,1257,249,1000000-2000000,12.49
233290,Murdered: Soul Suspect,2014-06-05,Airtight Games,windows,8658,1647,282,500000-1000000,19.99
233310,Avadon 2: The Corruption,2013-10-30,Spiderweb Software,windows;mac,111,22,4,50000-100000,6.99
233350,Sudeki,2014-02-24,Climax Studios,windows,413,70,217,100000-200000,4.99
233450,Prison Architect,2015-10-06,Introversion Software,windows;mac;linux,31687,2286,1472,2000000-5000000,23.79
233470,Evoland,2013-04-04,Shiro Games,windows;mac,4437,906,237,200000-500000,6.99
233550,Another World – 20th Anniversary Edition,2013-04-04,Eric Chahi;DotEmu,windows;mac;linux,1167,234,102,100000-200000,6.99
233610,Distance,2018-09-18,Refract,windows;mac;linux,3989,279,887,100000-200000,19.49
233720,Surgeon Simulator,2013-04-19,Bossa Studios,windows;mac;linux,11387,2462,266,1000000-2000000,6.99
233740,Organ Trail: Director's Cut,2013-03-19,The Men Who Wear Many Hats,windows;mac;linux,2182,284,203,200000-500000,3.99
233840,Worms Clan Wars,2013-08-15,Team17 Digital Ltd,windows;mac;linux,1730,556,533,500000-1000000,18.99
233860,Kenshi,2018-12-06,Lo-Fi Games,windows,9512,1171,1756,200000-500000,22.99
233980,UnEpic,2014-07-25,@unepic_fran,windows;mac;linux,5899,449,392,200000-500000,9.99
234080,Castlevania: Lords of Shadow – Ultimate Edition,2013-08-27,MercurySteam - Climax Studios,windows,3827,953,706,200000-500000,19.99
234140,Mad Max,2015-09-01,Avalanche Studios;Feral Interactive (Mac);Feral Interactive (Linux),windows;mac;linux,36222,3811,1030,2000000-5000000,15.99
234160,Strike Suit Infinity,2013-04-30,Born Ready Games Ltd.,windows,459,82,168,100000-200000,4.99
234190,Receiver,2013-04-29,Wolfire Games,windows;mac;linux,2627,695,77,500000-1000000,3.99
234270,Ken Follett's The Pillars of the Earth,2017-08-15,Daedalic Entertainment,windows;mac;linux,1320,99,101,50000-100000,26.99
234290,Zack Zero,2013-04-29,Crocodile Entertainment,windows,244,136,66,50000-100000,1.99
234330,MARVEL Puzzle Quest,2013-12-05,Demiurge Studios,windows,2341,1051,0,200000-500000,0.0
234370,Shattered Haven,2013-03-18,"Arcen Games, LLC",windows;mac;linux,29,59,0,50000-100000,6.99
234390,Teleglitch: Die More Edition,2013-07-24,Test3 Projects,windows;mac;linux,2158,361,117,500000-1000000,8.99
234490,Rush Bros.,2013-05-24,XYLA Entertainment,windows;mac,553,341,63,100000-200000,7.19
234630,Project CARS,2015-03-15,Slightly Mad Studios,windows,8618,2720,232,1000000-2000000,23.39
234650,Shadowrun Returns,2013-07-25,Harebrained Schemes,windows;mac;linux,8676,1132,278,1000000-2000000,10.99
234670,NARUTO SHIPPUDEN: Ultimate Ninja STORM 3 Full Burst HD,2013-10-24,CyberConnect2 Co. Ltd.,windows,8209,882,1360,500000-1000000,14.99
234900,Anodyne,2013-03-22,Sean Han Tani;Marina Kittaka,windows;mac,856,154,128,100000-200000,6.99
234920,Dyscourse,2015-03-25,Owlchemy Labs,windows;mac;linux,327,92,258,50000-100000,10.99
234940,The 39 Steps,2013-04-25,The Story Mechanics,windows;mac;linux,982,317,218,200000-500000,3.99
235210,STRIDER™ / ストライダー飛竜®,2014-02-19,Double Helix Games;Capcom,windows,2127,401,324,500000-1000000,11.99
235250,Super Sanctum TD,2013-05-09,Coffee Stain Studios,windows;mac,1271,169,121,100000-200000,3.99
235320,Original War,2014-01-27,Altar Games,windows,923,66,232,100000-200000,3.99
235340,Prime World,2014-03-31,Nival,windows,1954,1378,28,500000-1000000,0.0
235360,Prime World: Defenders,2013-06-05,Nival,windows;mac,673,213,739,100000-200000,6.99
235380,Blitzkrieg 3,2017-06-02,Nival,windows;mac,2714,1890,221,50000-100000,7.19
235400,King’s Bounty: Legions,2013-12-10,Nival,windows,617,577,19,200000-500000,0.0
235460,METAL GEAR RISING: REVENGEANCE,2014-01-09,PlatinumGames,windows,13722,1157,863,500000-1000000,19.99
235540,Warhammer: End Times - Vermintide,2015-10-23,Fatshark,windows,13905,3560,1200,1000000-2000000,22.99
235600,Tom Clancy’s Splinter Cell Blacklist,2013-08-23,Ubisoft Toronto,windows,10016,1982,669,500000-1000000,16.99
235620,Small World 2,2013-12-11,Days of Wonder,windows;mac;linux,520,174,1364,100000-200000,6.99
235660,Eador: Genesis,2013-10-14,Alexey Bokulev;Snowbird Games,windows,199,38,0,50000-100000,3.99
235720,Cubetractor,2013-05-29,Ludochip,windows;mac,327,103,36,200000-500000,3.99
235800,Audiosurf 2,2015-05-26,Dylan Fitterer,windows;mac;linux,3785,882,507,200000-500000,10.99
235820,Element4l,2013-05-24,I-Illusions,windows;mac;linux,506,99,0,50000-100000,6.99
235900,RPG Maker XP,2013-12-13,KADOKAWA,windows,326,34,0,100000-200000,18.99
235980,Tetrobot and Co.,2013-10-22,Swing Swing Submarine,windows;mac;linux,371,9,1107,50000-100000,6.99
236090,Dust: An Elysian Tail,2013-05-24,Humble Hearts LLC,windows;mac;linux,15064,625,370,1000000-2000000,11.99
236110,Dungeon Defenders II,2017-06-20,Trendy Entertainment,windows,10766,3802,523,2000000-5000000,0.0
236130,Horizon,2014-02-06,L3O Interactive,windows,243,177,84,50000-100000,22.99
236150,Starpoint Gemini 2,2014-09-26,Little Green Men Games,windows,2604,1126,326,500000-1000000,26.99
236370,Interstellar Marines,2013-07-02,Zero Point Software,windows;mac;linux,4556,2946,112,200000-500000,6.95
236390,War Thunder,2013-08-15,Gaijin Entertainment,windows;mac;linux,83852,22166,4200,10000000-20000000,0.0
236430,DARK SOULS™ II,2014-04-25,"FromSoftware, Inc",windows,30008,3799,2377,1000000-2000000,29.99
236450,PAC-MAN™ Championship Edition DX+,2013-09-24,"Mine Loader Software Co., Ltd.",windows,5988,291,67,200000-500000,7.99
236510,Takedown: Red Sabre,2014-02-10,Serellan LLC,windows,2136,3378,80,200000-500000,3.99
236690,Blood Bowl 2,2015-09-22,Cyanide Studios,windows;mac,2734,1085,1433,200000-500000,14.99
236730,Anomaly 2,2013-05-15,11 bit studios,windows;mac;linux,511,121,87,200000-500000,11.49
236790,Agricultural Simulator 2013 - Steam Edition,2013-06-07,Actalogic,windows,145,486,5,50000-100000,6.99
236850,Europa Universalis IV,2013-08-13,Paradox Development Studio,windows;mac;linux,40346,8254,8138,1000000-2000000,34.99
237310,Elsword,2014-07-02,KOG,windows,4755,1511,796,1000000-2000000,0.0
237430,Expeditions: Conquistador,2013-05-30,Logic Artists,windows;mac;linux,887,201,0,100000-200000,17.99
237550,Realms of Arkania: Blade of Destiny,2013-07-29,Crafty Studios,windows;mac;linux,168,139,1,50000-100000,10.99
237570,Penny Arcade's On the Rain-Slick Precipice of Darkness 4,2013-06-07,Zeboyd Games,windows,253,57,315,200000-500000,1.69
237630,DuckTales: Remastered,2013-08-13,WayForward,windows,3198,523,240,200000-500000,11.99
237740,Angry Video Game Nerd Adventures,2013-09-20,FreakZone Games,windows,2416,298,157,100000-200000,3.99
237850,Dreamfall Chapters,2017-07-21,Red Thread Games,windows;mac;linux,2829,562,335,200000-500000,18.99
237870,Planet Explorers,2016-11-08,Pathea Games,windows;mac;linux,3847,1729,545,200000-500000,7.19
237890,Agarest: Generations of War,2014-02-04,Idea Factory,windows,1199,447,272,100000-200000,10.99
237930,Transistor,2014-05-20,Supergiant Games,windows;mac;linux,22158,1162,353,1000000-2000000,15.49
237950,UFO: Afterlight,2014-01-06,Altar Games,windows,210,140,2380,200000-500000,4.99
237990,The Banner Saga,2014-01-14,Stoic,windows;mac,9750,1131,164,500000-1000000,18.74
238010,Deus Ex: Human Revolution - Director's Cut,2013-10-25,Eidos Montreal;Feral Interactive (Mac),windows;mac,13044,1233,947,1000000-2000000,12.99
238050,The Apogee Throwback Pack,2013-07-01,Interceptor Entertainment,windows;mac,198,20,37,100000-200000,6.99
238090,Sniper Elite 3,2014-06-27,Rebellion,windows,12737,3297,321,1000000-2000000,22.99
238210,System Shock 2,2013-05-10,Irrational Games;Looking Glass Studios,windows;mac,4227,274,256,500000-1000000,6.99
238240,Edge of Space,2015-09-17,Handyman Studios,windows,996,1647,0,200000-500000,10.99
238260,Pinball Arcade,2013-11-04,FarSight Studios,windows;mac,2175,812,6,500000-1000000,0.0
238320,Outlast,2013-09-04,Red Barrels,windows;mac;linux,45966,1953,751,2000000-5000000,15.49
238370,Magicka 2,2015-05-26,Pieces Interactive,windows;mac;linux,4873,1382,198,1000000-2000000,10.99
238430,Contagion,2013-10-25,"Monochrome, Inc",windows,9087,3585,366,1000000-2000000,6.99
238460,BattleBlock Theater®,2014-05-15,The Behemoth,windows;mac;linux,47342,1290,774,2000000-5000000,10.99
238530,Super Puzzle Platformer Deluxe,2013-05-24,Andrew Morrish,windows;mac,367,33,0,50000-100000,5.59
238750,Might & Magic X - Legacy,2014-01-23,Ubisoft,windows;mac,1571,780,274,100000-200000,20.99
238870,Citadels,2013-07-25,Games Distillery s.r.o.,windows,62,354,0,50000-100000,10.99
238890,Skyward Collapse,2013-05-23,"Arcen Games, LLC",windows;mac;linux,126,164,68,100000-200000,3.99
238910,Bionic Dues,2013-10-08,"Arcen Games, LLC",windows;mac;linux,672,226,249,200000-500000,6.99
238930,7 Grand Steps: What Ancients Begat,2013-06-07,Mousechief,windows;mac,356,299,178,100000-200000,14.99
238960,Path of Exile,2013-10-23,Grinding Gear Games,windows,71593,6117,5263,10000000-20000000,0.0
239030,"Papers, Please",2013-08-08,Lucas Pope,windows;mac;linux,25587,1103,674,2000000-5000000,6.99
239070,Hammerwatch,2013-08-12,Crackshell,windows;mac;linux,5092,566,288,500000-1000000,6.99
239120,FINAL FANTASY III,2014-05-27,Square Enix,windows,1029,250,138,200000-500000,10.99
239140,Dying Light,2015-01-26,Techland,windows;mac;linux,78192,6176,2033,2000000-5000000,24.99
239160,Thief,2014-02-27,Eidos-Montréal;Feral Interactive (Mac),windows;mac,10486,4326,276,1000000-2000000,19.99
239200,Amnesia: A Machine for Pigs,2013-09-10,The Chinese Room,windows;mac;linux,4336,2143,100,2000000-5000000,14.99
239250,Castlevania: Lords of Shadow 2,2014-02-25,MercurySteam,windows,2390,479,732,200000-500000,24.99
239430,Q.U.B.E: Director's Cut,2014-05-21,Toxic Games,windows;mac;linux,1194,217,63,200000-500000,6.99
239700,Hate Plus,2013-08-19,Love Conquers All Games,windows;mac;linux,452,72,0,50000-100000,7.19
239800,Bleed,2013-07-03,Ian Campbell,windows;mac;linux,1635,120,132,100000-200000,3.99
239820,Game Dev Tycoon,2013-08-29,Greenheart Games,windows;mac;linux,27373,1436,807,1000000-2000000,6.99
239840,Dead State: Reanimated,2014-12-04,DoubleBear Productions,windows,1405,526,1264,50000-100000,14.99
240320,Panzar,2013-11-25,Panzar Studio,windows,2987,1609,2218,1000000-2000000,0.0
240440,Quadrilateral Cowboy,2016-07-25,Blendo Games,windows;mac;linux,468,50,316,50000-100000,14.99
240600,MotoGP™13,2013-06-20,Milestone S.r.l.,windows,409,166,0,50000-100000,6.99
240720,Getting Over It with Bennett Foddy,2017-12-06,Bennett Foddy,windows;mac;linux,10964,2913,169,1000000-2000000,5.79
240760,Wasteland 2: Director's Cut,2014-09-18,inXile Entertainment,windows;mac;linux,6221,1309,564,500000-1000000,23.79
240970,Half Minute Hero: The Second Coming,2014-04-04,Opus,windows,425,33,637,50000-100000,6.99
241240,Contraption Maker,2014-07-07,Game Dev Castle,windows;mac;linux,959,92,102,200000-500000,7.19
241260,Sherlock Holmes: Crimes and Punishments,2014-09-29,Frogwares,windows,1988,169,464,100000-200000,19.99
241320,Ittle Dew,2013-07-23,Ludosity,windows;mac;linux,940,69,266,100000-200000,7.19
241410,CastleStorm,2013-07-29,Zen Studios,windows,1104,129,950,100000-200000,6.99
241560,The Crew™,2014-12-19,Ivory Tower in collaboration with Ubisoft Reflections,windows,9479,4636,657,200000-500000,25.99
241600,Rogue Legacy,2013-06-27,Cellar Door Games,windows;mac;linux,13854,936,769,1000000-2000000,10.99
241620,Inquisitor,2013-08-01,"CINEMAX, s.r.o.",windows,330,164,0,100000-200000,6.99
241720,Guncraft,2013-08-09,Exato Games Studio,windows,607,636,103,100000-200000,10.99
241910,Goodbye Deponia,2013-10-17,Daedalic Entertainment,windows;mac;linux,1324,163,239,200000-500000,16.99
242050,Assassin’s Creed® IV Black Flag™,2013-11-19,Ubisoft Montreal,windows,23904,3362,3234,1000000-2000000,16.99
242110,Joe Danger 2: The Movie,2013-06-24,Hello Games,windows;mac;linux,199,149,391,200000-500000,9.99
242130,Vector Thrust,2015-07-02,TimeSymmetry,windows,319,283,0,50000-100000,18.99
242530,The Chaos Engine,2013-08-29,Abstraction Games;The Bitmap Brothers,windows;mac;linux,196,108,0,50000-100000,6.99
242570,Space Hulk,2013-08-15,Full Control Studios,windows;mac;linux,1292,556,87,200000-500000,18.99
242640,Styx: Master of Shadows,2014-10-07,Cyanide Studio,windows,4506,962,243,500000-1000000,24.99
242680,Nuclear Throne,2015-12-05,Vlambeer,windows;mac;linux,9694,405,682,500000-1000000,9.29
242700,Injustice: Gods Among Us Ultimate Edition,2013-11-29,NetherRealm Studios;High Voltage Software,windows,8793,1473,288,1000000-2000000,14.99
242720,GunZ 2: The Second Duel,2014-05-01,"Masangsoft, Inc.",windows,6865,3424,450,2000000-5000000,0.0
242760,The Forest,2018-04-30,Endnight Games Ltd,windows,110460,8881,2417,2000000-5000000,15.49
242780,Cognition: An Erica Reed Thriller,2013-09-19,Phoenix Online Studios,windows;mac,503,101,111,50000-100000,10.99
242820,140,2013-10-16,Carlsen Games,windows;mac;linux,3398,241,205,200000-500000,3.99
242840,In Verbis Virtus,2015-04-03,Indomitus Games,windows,1102,266,286,50000-100000,14.99
242860,Verdun,2015-04-28,M2H;Blackmill Games,windows;mac;linux,22048,4418,3846,1000000-2000000,15.49
242880,"Sir, You Are Being Hunted",2014-05-02,Big Robot Ltd,windows;mac;linux,2760,743,98,500000-1000000,14.99
242920,Banished,2014-02-18,Shining Rock Software LLC,windows,24653,2820,1209,1000000-2000000,14.99
243000,Omikron: The Nomad Soul,2013-09-26,Quantic Dream,windows,234,97,0,100000-200000,6.99
243120,Betrayer,2014-03-24,Blackpowder Games,windows,2601,578,112,200000-500000,3.99
243160,Mushroom 11,2015-10-15,Untame,windows;mac;linux,436,88,373,100000-200000,10.99
243200,Memoria,2013-08-29,Daedalic Entertainment,windows;mac,1352,136,168,200000-500000,26.99
243360,TrackMania² Valley,2013-07-04,Nadeo,windows,282,80,466,100000-200000,16.99
243450,Urban Trial Freestyle,2013-09-18,Tate Multimedia,windows,1191,272,166,100000-200000,4.99
243470,Watch_Dogs™,2014-05-26,Ubisoft,windows,15159,7383,1176,500000-1000000,25.99
243780,PixelJunk™ Monsters Ultimate,2013-08-26,Double Eleven;Q-Games Ltd.,windows;mac;linux,618,185,135,200000-500000,6.99
243800,Gas Guzzlers Extreme,2013-10-08,Gamepires,windows,2511,415,137,200000-500000,18.99
243930,Bound By Flame,2014-05-08,Spiders,windows;linux,1843,943,731,200000-500000,14.99
243950,Divinity: Dragon Commander,2013-08-06,Larian Studios,windows,1274,431,430,200000-500000,29.99
243970,"Invisible, Inc.",2015-05-12,Klei Entertainment,windows;mac;linux,3559,271,325,500000-1000000,14.99
244030,Take On Mars,2017-02-09,Bohemia Interactive,windows,850,660,13,50000-100000,20.99
244050,Rise of Flight United,2013-09-05,777 Studios,windows,736,668,37,200000-500000,0.0
244070,Sid Meier’s Ace Patrol,2013-08-27,Firaxis Games,windows,389,181,175,500000-1000000,3.99
244090,Sid Meier’s Ace Patrol: Pacific Skies,2013-11-05,Firaxis Games,windows,202,120,193,500000-1000000,3.99
244160,Homeworld Remastered Collection,2015-02-25,Gearbox Software;Aspyr (Mac),windows;mac,5377,827,353,500000-1000000,26.99
244210,Assetto Corsa,2014-12-19,Kunos Simulazioni,windows,15277,2337,3107,500000-1000000,15.49
244430,realMyst: Masterpiece Edition,2014-02-05,Cyan Worlds,windows;mac,521,102,0,100000-200000,12.99
244450,Men of War: Assault Squad 2,2014-05-15,Digitalmindsoft,windows,11389,2025,4678,500000-1000000,19.99
244590,Epigenesis,2014-08-01,Dead Shark Triplepunch,windows,807,418,139,200000-500000,0.0
244690,Face Noir,2013-10-17,Mad Orange,windows,158,75,81,50000-100000,6.99
244710,Shelter,2013-08-28,Might and Delight,windows;mac,2774,479,77,200000-500000,6.99
244730,Divekick,2013-08-20,Iron Galaxy,windows,1418,268,238,200000-500000,3.99
244770,StarMade,2014-12-04,"Schine, GmbH",windows;mac;linux,1852,772,2957,200000-500000,10.99
244810,Foul Play,2013-09-18,Mediatonic;The Irregular Corporation,windows;mac;linux,493,107,0,50000-100000,9.99
244850,Space Engineers,2019-02-28,Keen Software House,windows,60221,9609,3739,2000000-5000000,15.49
244870,Electronic Super Joy,2013-08-23,Michael Todd Games,windows;mac;linux,3032,306,242,100000-200000,5.49
244890,Velocity®Ultra,2013-12-12,Curve Digital;FuturLab,windows,136,39,0,50000-100000,6.49
244930,SNOW,2019-02-14,Poppermost Productions;WastedStudios,windows,7235,3754,8180,1000000-2000000,0.0
245050,SpellForce 2 - Demons of the Past,2014-01-16,THQ Nordic;Mind Over Matter Studios,windows,94,106,0,100000-200000,17.99
245170,Skullgirls,2013-08-22,Lab Zero Games,windows;mac;linux,14298,838,347,1000000-2000000,6.99
245280,ENSLAVED™: Odyssey to the West™ Premium Edition,2013-10-24,Ninja Theory,windows,3677,650,185,200000-500000,14.99
245370,Etherium,2015-03-25,Tindalos Interactive,windows,321,509,577,50000-100000,7.49
245390,"I Have No Mouth, and I Must Scream",2013-10-17,Cyberdreams,windows;mac;linux,836,106,100,100000-200000,4.79
245410,Wizardry 6: Bane of the Cosmic Forge,2013-09-10,Sir-Tech,windows;mac;linux,82,36,0,50000-100000,0.0
245430,Wizardry 7: Crusaders of the Dark Savant,2013-09-10,Sir-Tech,windows;mac;linux,71,23,0,50000-100000,0.0
245450,Wizardry 8,2013-09-10,Sir-Tech Canada,windows;mac,460,41,0,100000-200000,6.99
245470,Democracy 3,2013-10-14,Positech Games,windows;mac;linux,4492,1596,752,500000-1000000,18.99
245490,Trials Fusion™,2014-04-24,"RedLynx, in collaboration with  Ubisoft Shanghai, Ubisoft Kiev",windows,1141,615,418,200000-500000,16.99
245620,Tropico 5,2014-05-23,Haemimont Games,windows;mac;linux,7878,2482,292,1000000-2000000,14.99
246070,Hack 'n' Slash,2014-09-09,Double Fine Productions,windows;mac;linux,412,348,46,200000-500000,9.99
246090,Spacebase DF-9,2014-10-27,Double Fine Productions,windows;mac;linux,741,3134,228,100000-200000,6.99
246110,MASSIVE CHALICE,2015-06-01,Double Fine Productions,windows;mac;linux,1094,449,56,200000-500000,14.99
246420,Kingdom Rush,2014-01-06,Ironhide Game Studio,windows;mac;linux,5101,182,225,200000-500000,6.99
246580,The Typing of The Dead: Overkill,2013-10-29,Modern Dream,windows,2280,347,175,200000-500000,14.99
246620,Plague Inc: Evolved,2016-02-18,Ndemic Creations,windows;mac;linux,20081,1419,585,1000000-2000000,11.99
246680,Secrets of Rætikon,2014-04-17,Broken Rules,windows;mac;linux,268,156,6,100000-200000,6.99
246700,Strike Vector,2014-01-28,Ragequit Corporation,windows,1560,756,97,100000-200000,8.99
246740,Huntsman: The Orphanage (Halloween Edition),2013-09-13,ShadowShifters,windows;mac,66,159,3,100000-200000,6.19
246760,Legends of Eisenwald,2015-07-02,Aterdux Entertainment,windows,1013,298,506,100000-200000,14.99
246840,FATE,2013-12-12,WildTangent,windows,857,78,11,100000-200000,5.59
246900,Viscera Cleanup Detail,2015-10-23,RuneStorm,windows;mac,6753,580,589,500000-1000000,9.99
246960,Giana Sisters: Twisted Dreams - Rise of the Owlverlord,2013-09-26,Black Forest Games,windows,267,52,99,100000-200000,3.99
247000,Talisman: Digital Edition,2014-02-25,Nomad Games,windows;mac,2975,986,332,200000-500000,5.19
247020,"Cook, Serve, Delicious!",2013-10-08,Vertigo Gaming Inc.,windows;mac;linux,4232,235,381,200000-500000,6.99
247080,Crypt of the NecroDancer,2015-04-23,Brace Yourself Games,windows;mac;linux,14162,533,326,1000000-2000000,10.99
247140,Soundodger+,2013-10-11,Studio Bean,windows,615,67,130,50000-100000,5.59
247240,Volgarr the Viking,2013-09-13,Crazy Viking Studios,windows;mac;linux,1698,387,231,200000-500000,6.99
247370,Mutant Mudds Deluxe,2013-11-21,Renegade Kid,windows,328,114,0,100000-200000,6.99
247430,Hitman: Contracts,2014-01-21,Io-Interactive A/S,windows,1000,195,15,500000-1000000,8.29
247660,Deadly Premonition: The Director's Cut,2013-10-29,Rising Star Games,windows,2038,916,318,200000-500000,19.99
247730,Nether: Resurrected,2014-06-05,Phosphor Games Studio,windows,7456,10167,257,500000-1000000,6.99
247950,Sacred 3,2014-07-31,Keen Games,windows,954,2861,182,200000-500000,10.99
248170,Clickteam Fusion 2.5,2013-12-05,Clickteam,windows,616,71,0,100000-200000,69.99
248190,Knytt Underground,2013-10-25,Nifflas' Games,windows;mac;linux,275,41,228,50000-100000,4.99
248310,Freedom Planet,2014-07-21,GalaxyTrail,windows;mac;linux,3549,163,259,200000-500000,10.99
248330,Dino Run DX,2015-09-29,Pixeljam,windows;mac,590,49,0,50000-100000,4.79
248390,Craft The World,2014-11-24,Dekovir Entertainment,windows;mac,6946,984,1891,200000-500000,13.99
248470,Doorways: Prelude,2013-09-20,Saibot Studios,windows;mac;linux,364,188,130,50000-100000,6.99
248530,Depth Hunter 2: Deep Dive,2014-08-20,Biart Company LLC,windows,659,227,288,200000-500000,10.99
248550,Megabyte Punch,2013-10-15,Team Reptile,windows;mac;linux,866,108,57,200000-500000,11.99
248570,Toribash,2014-05-16,Nabi Studios,windows;mac;linux,11143,1563,130,2000000-5000000,0.0
248610,Door Kickers,2014-10-20,KillHouse Games,windows;mac;linux,5834,349,366,500000-1000000,14.99
248630,Kingdoms Rise,2013-11-18,Flyleap Studios Pty. Ltd.,windows,492,585,22,50000-100000,11.99
248650,Draw a Stickman: EPIC,2013-12-03,Hitcents,windows,783,248,84,100000-200000,2.79
248800,Dysfunctional Systems: Learning to Manage Chaos,2013-09-26,Dischan Media,windows;mac;linux,614,181,0,50000-100000,3.99
248820,Risk of Rain,2013-11-08,Hopoo Games,windows;mac;linux,22700,1589,946,1000000-2000000,6.99
248860,NEO Scavenger,2014-12-15,Blue Bottle Games,windows;mac;linux,2947,319,906,100000-200000,11.39
249050,Dungeon of the Endless™,2014-10-27,AMPLITUDE Studios,windows;mac,7423,1046,648,500000-1000000,8.99
249130,LEGO® Marvel™ Super Heroes,2013-11-15,Traveller's Tales,windows;mac,8797,691,4034,500000-1000000,14.99
249190,Ancient Space,2014-09-23,CreativeForge Games,windows;mac,136,168,0,50000-100000,14.99
249230,Risen 3 - Titan Lords,2014-08-13,Piranha Bytes,windows,2756,1144,412,500000-1000000,10.99
249330,Unholy Heights,2013-10-04,Petit Depotto,windows,1120,126,86,100000-200000,2.79
249360,Zafehouse: Diaries,2013-09-06,Screwfly Studios,windows,273,131,298,50000-100000,1.69
249590,Teslagrad,2013-12-13,Rain Games,windows;mac;linux,1581,258,449,200000-500000,6.99
249610,Galactic Arms Race,2014-06-05,Evolutionary Games,windows,41,33,112,50000-100000,1.99
249650,Blackguards,2014-01-22,Daedalic Entertainment,windows,1669,1050,174,500000-1000000,26.99
249680,Marlow Briggs and the Mask of Death,2013-09-20,Zootfly,windows,1685,138,57,100000-200000,3.99
249870,Scribblenauts Unmasked: A DC Comics Adventure,2013-09-24,5th Cell Media,windows,1284,287,124,200000-500000,14.99
249990,FORCED: Slightly Better Edition,2013-10-24,BetaDwarf,windows;mac;linux,1804,621,241,500000-1000000,10.99
250050,Life Goes On: Done to Death,2014-04-17,Infinite Monkeys Entertainment Ltd.,windows;mac;linux,1516,63,151,100000-200000,6.99
250110,Assault Android Cactus,2015-09-23,Witch Beam,windows;mac;linux,1282,71,379,100000-200000,10.99
250180,METAL SLUG 3,2014-02-14,SNK CORPORATION;DotEmu,windows,5229,553,212,500000-1000000,5.99
250260,Jazzpunk: Director's Cut,2014-02-07,Necrophone Games,windows;mac;linux,4136,393,305,200000-500000,10.99
250320,The Wolf Among Us,2013-10-11,Telltale Games,windows;mac,21127,517,675,1000000-2000000,11.99
250340,Blockland,2013-12-16,Eric Hartman;Ben Garney;Anthony Rotondo,windows;mac,3706,1444,625,200000-500000,7.19
250380,Knock-knock,2013-10-04,Ice-Pick Lodge,windows;mac;linux,946,132,507,50000-100000,6.99
250400,How to Survive,2014-08-29,Eko Software,windows,12965,2751,333,1000000-2000000,10.99
250420,8BitMMO,2015-01-26,Archive Entertainment,windows;mac;linux,2822,1972,31,500000-1000000,0.0
250460,Bridge Constructor,2013-10-16,ClockStone,windows;mac;linux,840,286,158,200000-500000,6.99
250500,Super Amazing Wagon Adventure,2013-10-17,sparsevector,windows,1691,93,270,100000-200000,2.09
250520,UnderRail,2015-12-18,Stygian Software,windows,1485,252,29,100000-200000,9.99
250560,Fight The Dragon,2014-12-04,3 Sprockets,windows;mac;linux,1004,256,283,100000-200000,6.99
250580,Paranautical Activity: Deluxe Atonement Edition,2014-10-20,Digerati Distribution,windows;mac;linux,961,430,321,100000-200000,6.99
250600,The Plan,2014-02-14,Krillbite Studio,windows;mac;linux,19476,1644,8,500000-1000000,0.0
250620,Among the Sleep - Enhanced Edition,2014-05-29,Krillbite Studio,windows;mac;linux,3897,608,83,200000-500000,13.49
250700,Super Time Force Ultra,2014-08-25,Capybara Games,windows;mac;linux,675,72,133,100000-200000,10.99
250760,Shovel Knight: Treasure Trove,2014-06-26,Yacht Club Games,windows;mac;linux,9334,332,501,500000-1000000,18.99
250900,The Binding of Isaac: Rebirth,2014-11-04,"Nicalis, Inc.",windows;mac;linux,72830,1840,4583,2000000-5000000,10.99
251060,Wargame: Red Dragon,2014-04-17,Eugen Systems,windows;mac;linux,7949,1137,1702,500000-1000000,24.99
251130,Chroma Squad,2015-04-30,Behold Studios,windows;mac;linux,2656,197,188,200000-500000,11.39
251150,The Legend of Heroes: Trails in the Sky,2014-07-29,Nihon Falcom,windows,3413,318,3755,200000-500000,12.99
251170,Damned,2014-10-06,9heads Game Studios,windows,2538,974,450,200000-500000,15.49
251210,Hive,2014-03-20,BlueLine Games,windows;mac;linux,179,21,0,100000-200000,6.99
251230,Livelock,2016-08-30,Tuque Games,windows,307,87,252,50000-100000,7.19
251290,The Legend of Heroes: Trails in the Sky SC,2015-10-29,Nihon Falcom,windows,1108,26,0,50000-100000,22.99
251430,The Inner World,2013-09-27,Studio Fizbin,windows;mac;linux,570,51,0,100000-200000,11.99
251450,Heroes of Havoc: Idle Adventures,2016-12-15,Kiz Studios,windows;mac,76,114,0,50000-100000,0.0
251470,TowerFall Ascension,2014-03-11,Matt Thorson,windows;mac;linux,1906,125,337,200000-500000,10.99
251530,Anomaly Korea,2013-11-06,11 bit studios,windows;mac;linux,433,113,261,100000-200000,3.99
251570,7 Days to Die,2013-12-13,The Fun Pimps,windows;mac;linux,60718,16905,2953,2000000-5000000,18.99
251630,The Impossible Game,2014-05-08,Grip Games,windows;mac;linux,919,155,0,50000-100000,3.99
251690,Speedball 2 HD,2013-12-05,Vivid Games,windows,345,186,91,100000-200000,6.99
251710,Chainsaw Warrior,2013-10-07,Auroch Digital,windows;mac;linux,176,148,141,100000-200000,3.99
251730,Legend of Grimrock 2,2014-10-15,Almost Human Games,windows;mac,2075,215,951,200000-500000,17.99
251770,Shadow Man,2013-10-18,Acclaim Studios Teeside,windows;mac,409,55,48,50000-100000,3.99
251850,Master Reboot,2013-10-29,Wales Interactive,windows;mac,465,150,173,50000-100000,11.99
251870,Go! Go! Nippon! ~My First Trip to Japan~,2014-02-21,OVERDRIVE,windows,2319,313,184,200000-500000,6.99
251910,Solar Flux,2013-10-24,Firebrand Games,windows;mac;linux,217,69,135,100000-200000,6.99
251950,WWII Online,2017-09-05,Cornered Rat Software,windows;mac,905,1300,10,200000-500000,0.0
251990,Long Live The Queen,2013-11-08,Hanako Games,windows;mac;linux,5656,305,350,200000-500000,6.99
252010,Oniken: Unstoppable Edition,2014-02-05,JoyMasher,windows,589,123,294,100000-200000,3.99
252030,Valdis Story: Abyssal City,2013-10-30,Endlessfluff Games,windows;mac,1934,345,1234,100000-200000,10.99
252110,Lovers in a Dangerous Spacetime,2015-09-09,Asteroid Base,windows;mac;linux,1870,105,249,200000-500000,10.99
252130,Divide By Sheep,2015-07-02,Victor Solodilov;Denis Novikov,windows;mac,713,49,140,100000-200000,3.99
252170,Anomaly Warzone Earth Mobile Campaign,2013-11-06,11 bit studios,windows;mac;linux,262,63,152,100000-200000,3.99
252250,Maia,2018-11-23,Simon Roth,windows;mac;linux,462,463,19,50000-100000,17.98
252270,Zombie Tycoon 2: Brainhov's Revenge,2013-12-09,Frima Studio,windows,166,89,133,50000-100000,3.99
252290,Elegy for a Dead World,2014-12-10,"Dejobaan Games, LLC;Popcannibal",windows;mac;linux,173,89,3,50000-100000,10.99
252310,Syder Arcade,2013-10-24,Studio Evil,windows;mac;linux,533,92,173,100000-200000,6.99
252330,Slender: The Arrival,2013-10-28,Blue Isle Studios,windows;mac,4468,578,46,200000-500000,6.99
252350,Double Dragon: Neon,2014-02-06,WayForward;Abstraction Games,windows,1520,449,182,100000-200000,6.99
252410,SteamWorld Dig,2013-12-05,Image & Form Games,windows;mac;linux,4095,311,169,500000-1000000,6.99
252430,Dusty Revenge:Co-Op Edition,2014-02-17,PD Design Studio,windows;mac,70,100,0,50000-100000,10.99
252450,StarDrive 2,2015-04-09,Zero Sum Games,windows;mac;linux,967,758,833,50000-100000,22.99
252470,Space Pirates And Zombies 2,2017-11-07,MinMax Games Ltd.,windows;mac;linux,1667,437,1244,100000-200000,14.99
252490,Rust,2018-02-08,Facepunch Studios,windows;mac,220370,53709,9352,5000000-10000000,27.79
252530,OMSI 2: Steam Edition,2013-12-11,MR-Software GbR,windows,2717,803,7999,100000-200000,27.11
252610,Death Road to Canada,2016-07-21,Rocketcat Games;Madgarden,windows;mac;linux,3307,234,1139,200000-500000,10.99
252630,Eldritch Reanimated,2013-10-21,Minor Key Games,windows;mac;linux,1556,210,186,200000-500000,9.99
252670,Nihilumbra,2013-10-25,BeautiFun Games,windows;mac;linux,2268,272,260,200000-500000,4.99
252730,YOU DON'T KNOW JACK Vol. 1 XL,2013-11-05,"Jackbox Games, Inc.",windows,95,35,0,50000-100000,1.99
252830,Claire,2014-07-07,Hailstorm Games,windows;mac,217,94,0,50000-100000,6.99
252870,PULSAR: Lost Colony,2015-09-15,Leafy Games,windows;mac;linux,1989,212,1159,100000-200000,19.49
252910,Skyscraper Simulator,2013-10-21,Actalogic,windows,63,349,44,50000-100000,2.09
252950,Rocket League®,2015-07-07,"Psyonix, Inc.",windows;mac;linux,242561,21816,5825,5000000-10000000,14.99
253030,Race The Sun,2013-12-09,Flippfly LLC,windows;mac;linux,5258,343,172,500000-1000000,6.99
253110,The Cat Lady,2013-12-04,Harvester Games,windows,3446,246,229,100000-200000,7.19
253230,A Hat in Time,2017-10-05,Gears for Breakfast,windows;mac,14019,292,377,200000-500000,22.99
253250,Stonehearth,2018-07-25,Radiant Entertainment,windows;mac,5242,1719,644,200000-500000,15.49
253290,FOTONICA,2014-11-06,Santa Ragione,windows;mac;linux,598,82,432,50000-100000,10.99
253330,Neverending Nightmares,2014-09-26,Infinitap Games,windows;mac;linux,1505,517,248,100000-200000,10.99
253370,Axis Game Factory's AGFPRO v3,2013-11-19,Axis Game Factory LLC,windows;mac;linux,233,128,198,100000-200000,7.19
253390,Hot Tin Roof: The Cat That Wore A Fedora,2015-02-20,Glass Bottom Games,windows;mac;linux,111,59,247,100000-200000,10.99
253410,Ravensword: Shadowlands,2013-12-06,Crescent Moon Games,windows;mac;linux,221,236,0,100000-200000,4.99
253430,CastleMiner Z,2014-02-03,DigitalDNA Games LLC,windows,4478,1831,192,200000-500000,2.79
253490,CABAL Online,2016-02-17,ESTgames Corp.,windows,495,277,3,200000-500000,0.0
253510,WARMACHINE: Tactics,2014-11-20,WhiteMoon Dreams,windows,459,560,273,100000-200000,0.0
253610,Wrack,2014-09-30,Final Boss Entertainment,windows,371,137,48,50000-100000,6.99
253690,Tiny Brains,2013-12-11,Spearhead Games,windows,337,94,132,50000-100000,7.19
253710,theHunter Classic,2014-06-03,Expansive Worlds;Avalanche Studios,windows,11440,15403,163,5000000-10000000,0.0
253750,Ikaruga,2014-02-18,Treasure,windows,1398,70,454,100000-200000,6.99
253770,Bus-Simulator 2012,2013-11-22,TML-Studios,windows,313,552,47,50000-100000,7.19
253840,Shantae: Half-Genie Hero,2016-12-20,WayForward,windows,1704,160,309,100000-200000,14.99
253860,Earth 2140,2013-11-15,Reality Pump Studios,windows;mac,110,87,255,200000-500000,3.99
253880,Earth 2150 Trilogy,2013-11-01,Reality Pump Studios,windows;mac,320,117,342,200000-500000,4.99
253900,Knights and Merchants,2013-10-14,Topware Interactive,windows;mac;linux,2341,515,239,500000-1000000,4.99
253960,Jack Orlando: Director's Cut,2013-10-04,Toontraxx Studios,windows;mac;linux,194,111,297,200000-500000,3.99
253980,Enclave,2013-10-04,Starbreeze,windows;mac;linux,4076,1139,213,1000000-2000000,3.99
254060,KnightShift,2013-09-27,Reality Pump,windows;mac,467,316,254,500000-1000000,4.99
254080,World War III: Black Gold,2013-09-27,Reality Pump,windows;mac,247,196,290,500000-1000000,3.99
254200,FortressCraft Evolved!,2015-11-09,ProjectorGames,windows;mac;linux,1775,622,2902,100000-200000,9.99
254300,Dofus,2016-11-15,Ankama Studio,windows,264,102,244,50000-100000,0.0
254320,Duskers,2016-05-18,Misfits Attic,windows;mac;linux,946,122,0,50000-100000,14.99
254440,Pool Nation,2013-10-18,Cherry Pop Games,windows,2295,253,1047,200000-500000,5.19
254460,Obscure,2014-03-10,Hydravision Entertainment,windows,685,55,0,50000-100000,4.99
254480,Obscure II (Obscure: The Aftermath),2014-03-10,Hydravision Entertainment,windows,263,66,0,50000-100000,6.99
254700,resident evil 4 / biohazard 4,2014-02-27,Capcom,windows,11260,2172,1073,500000-1000000,14.99
254960,Silent Storm Gold Edition,2013-10-02,Nival,windows,572,65,39,200000-500000,8.99
255070,Abyss Odyssey,2014-07-15,ACE Team,windows,1349,816,173,200000-500000,10.99
255220,GRID Autosport,2014-06-26,Codemasters Racing;Feral Interactive (Mac);Feral Interactive (Linux),windows;mac;linux,4969,1610,228,500000-1000000,24.99
255280,1954 Alcatraz,2014-03-11,Daedalic Entertainment;Irresponsible Games,windows,695,259,232,100000-200000,6.99
255300,Journey of a Roach,2013-11-04,Koboldgames;Daedalic Entertainment,windows;mac;linux,1022,142,280,100000-200000,5.99
255320,Edna & Harvey: The Breakout,2013-10-25,Daedalic Entertainment,windows,767,162,186,200000-500000,11.99
255340,Escape Goat 2,2014-03-24,MagicalTimeBean,windows;mac;linux,300,9,0,50000-100000,6.99
255370,KickBeat Steam Edition,2014-01-20,Zen Studios,windows,474,251,195,100000-200000,6.99
255390,Max: The Curse of Brotherhood,2014-05-21,Press Play,windows,968,53,0,50000-100000,10.99
255420,Magic 2015 - Duels of the Planeswalkers,2014-07-16,Stainless Games,windows,1768,2225,1986,200000-500000,6.99
255710,Cities: Skylines,2015-03-10,Colossal Order Ltd.,windows;mac;linux,67553,6005,3225,5000000-10000000,22.99
255870,PixelJunk™ Shooter,2013-11-11,Double Eleven;Q-Games Ltd.,windows;mac;linux,437,47,221,100000-200000,6.99
255940,The 11th Hour,2013-10-18,Trilobyte Games,windows;mac,63,74,1,100000-200000,4.79
256190,Enemy Front,2014-06-10,CI Games,windows,2213,1307,116,200000-500000,15.99
256290,Child of Light,2014-04-29,Ubisoft Montréal,windows,9980,747,605,500000-1000000,12.49
256330,WRC 4 FIA World Rally Championship,2013-10-25,Milestone S.r.l.,windows,557,315,0,50000-100000,24.99
256370,MXGP - The Official Motocross Videogame,2014-03-28,Milestone S.r.l.,windows,647,183,0,50000-100000,7.19
257050,Darkout,2013-12-04,Allgraf,windows,409,388,270,100000-200000,9.99
257120,Not The Robots,2013-12-12,2DArray,windows;mac;linux,428,108,107,100000-200000,6.99
257170,Rebuild 3: Gangs of Deadsville,2015-05-29,Northway Games;Sarah Northway,windows;mac,928,163,6704,100000-200000,10.99
257350,Baldur's Gate II: Enhanced Edition,2013-11-15,Beamdog,windows;mac;linux,2600,423,1163,500000-1000000,14.99
257510,The Talos Principle,2014-12-11,Croteam,windows;mac;linux,17237,785,230,1000000-2000000,29.99
257630,Blast Em!,2014-01-22,Xiotex Studios Ltd,windows;mac,134,152,0,50000-100000,0.79
257710,Max Gentlemen,2014-08-21,The Men Who Wear Many Hats,windows;mac;linux,805,117,49,100000-200000,0.0
257730,Infinity Wars: Animated Trading Card Game,2014-09-05,Lightmare Studios,windows;mac,2619,690,153,500000-1000000,0.0
257750,Bloody Trapland,2013-11-18,2Play,windows,2489,497,207,500000-1000000,6.99
257830,Violett Remastered,2013-12-13,Forever Entertainment S. A.,windows;mac;linux,447,259,74,100000-200000,6.99
257850,Hyper Light Drifter,2016-03-31,Heart Machine,windows;mac;linux,11027,721,275,500000-1000000,14.99
257970,Loren The Amazon Princess,2014-01-15,Winter Wolves,windows;mac;linux,388,92,392,50000-100000,14.99
257990,Oozi: Earth Adventure,2013-12-05,Awesome Games Studio,windows,574,99,194,50000-100000,3.99
258010,Ring Runner: Flight of the Sages,2013-11-19,Triple.B.Titles,windows,593,112,231,100000-200000,3.99
258050,Survivor Squad,2015-01-21,Endless Loop Studios,windows;mac;linux,536,268,134,100000-200000,2.99
258090,99 Spirits,2013-11-12,TORaIKI,windows,214,147,380,50000-100000,6.99
258180,Deus Ex: The Fall,2014-03-17,Square Enix,windows,990,2101,81,500000-1000000,7.99
258200,Talisman: Prologue,2013-10-14,Nomad Games,windows,187,143,231,200000-500000,4.99
258220,Blood Knights,2013-11-13,Deck 13,windows,437,277,773,50000-100000,6.99
258520,The Vanishing of Ethan Carter,2014-09-25,The Astronauts,windows,6917,849,185,500000-1000000,14.99
258760,Scania Truck Driving Simulator,2014-02-27,SCS Software,windows,830,253,330,500000-1000000,6.99
258880,Professional Farmer 2014,2013-11-27,PlayWay S.A.,windows,264,320,967,100000-200000,14.99
258890,Type:Rider,2013-11-06,Ex Nihilo,windows;mac;linux,1123,281,0,100000-200000,3.99
258910,Citizens of Earth,2015-01-20,Eden Industries,windows,241,69,529,100000-200000,9.99
258970,Gauntlet™ Slayer Edition,2014-09-23,Arrowhead Game Studios,windows,4997,1407,152,500000-1000000,14.99
259020,Dragon's Prophet,2013-09-18,Runewaker,windows,594,267,152,200000-500000,0.0
259060,Dominions 4: Thrones of Ascension,2013-12-05,Illwinter Game Design,windows;mac;linux,1208,113,74,50000-100000,26.99
259080,Just Cause 2: Multiplayer Mod,2013-12-16,Avalanche Studios,windows,12261,1099,431,1000000-2000000,0.0
259130,Wasteland 1 - The Original Classic,2013-11-13,inXile Entertainment,windows;mac;linux,243,65,82,500000-1000000,4.49
259170,Alone in the Dark,2013-10-29,Eden Games;Hydravision Entertainment,windows,199,304,86,50000-100000,6.99
259320,Heli Heroes,2013-11-01,Reality Pump,windows,146,174,282,200000-500000,3.99
259340,Chicken Shoot Gold,2003-11-01,ToonTRAXX Studios,windows;mac,139,108,326,100000-200000,4.99
259390,Ballpoint Universe - Infinite,2013-12-17,Arachnid Games,windows;mac;linux,483,144,504,100000-200000,2.79
259510,Shufflepuck Cantina Deluxe,2013-12-06,Agharta Studio,windows;mac;linux,415,75,346,100000-200000,7.19
259550,Hero of the Kingdom,2013-11-14,Lonely Troops,windows;mac;linux,2936,237,306,100000-200000,4.79
259600,Finding Teddy,2013-12-03,Storybird,windows;mac;linux,709,147,139,100000-200000,5.99
259620,3079 -- Block Action RPG,2013-11-14,Phr00t's Software,windows;mac;linux,231,231,204,50000-100000,3.99
259660,Void Destroyer,2015-01-20,Iteration 11,windows,196,112,9,50000-100000,7.19
259680,Tales of Maj'Eyal,2013-12-12,Netcore Games,windows;mac;linux,2748,133,7117,200000-500000,4.99
259740,Nightmares from the Deep: The Cursed Heart,2014-02-05,Artifex Mundi,windows;mac;linux,1099,84,61,100000-200000,6.99
259890,Agricultural Simulator: Historical Farming,2013-11-06,Actalogic,windows,63,191,191,50000-100000,6.99
259940,YOU DON'T KNOW JACK Vol. 2,2013-11-05,"Jackbox Games, Inc.",windows,25,11,0,50000-100000,1.99
259960,YOU DON'T KNOW JACK Vol. 3,2013-11-05,"Jackbox Games, Inc.",windows,29,3,0,50000-100000,1.99
260000,YOU DON'T KNOW JACK MOVIES,2013-11-05,"Jackbox Games, Inc.",windows,28,12,0,50000-100000,1.99
260020,YOU DON'T KNOW JACK SPORTS,2013-11-05,"Jackbox Games, Inc.",windows,11,9,0,50000-100000,1.99
260040,YOU DON'T KNOW JACK TELEVISION,2013-11-05,"Jackbox Games, Inc.",windows,21,6,0,50000-100000,1.99
260060,YOU DON'T KNOW JACK HEADRUSH,2013-11-05,"Jackbox Games, Inc.",windows,25,8,0,50000-100000,1.99
260130,Agarest: Generations of War Zero,2014-04-17,Idea Factory,windows,248,80,943,50000-100000,14.99
260160,The Last Tinker™: City of Colors,2014-05-12,Mimimi Productions,windows;mac;linux,496,110,0,50000-100000,7.99
260190,Marc Eckō's Getting Up: Contents Under Pressure,2013-12-13,The Collective;General Arcade,windows,778,71,0,50000-100000,11.99
260210,Assassin’s Creed® Liberation HD,2014-01-15,Ubisoft Sofia,windows,952,698,934,100000-200000,16.99
260230,Valiant Hearts: The Great War™ / Soldats Inconnus : Mémoires de la Grande Guerre™,2014-06-25,Ubisoft Montpellier,windows,15650,709,509,200000-500000,12.49
260250,Blood of the Werewolf,2013-10-28,Scientifically Proven,windows,351,227,205,50000-100000,1.59
260270,Shadows: Price For Our Sins Bonus Edition,2013-10-24,8th Floor Games,windows,106,77,0,50000-100000,6.99
260410,Get Off My Lawn!,2014-11-11,Digital Leisure Inc.,windows;mac,1135,397,7,200000-500000,0.0
260430,The Four Kings Casino and Slots,2015-06-01,Digital Leisure Inc.,windows;mac,2056,948,388,200000-500000,0.0
260570,Gray Matter,2014-04-01,WizarBox Production,windows,419,47,0,50000-100000,6.99
260690,Dark Fall: The Journal,2013-12-03,Darkling Room,windows,108,37,0,50000-100000,4.49
260710,Dark Fall 2: Lights Out,2013-12-03,Darkling Room,windows,34,16,0,50000-100000,4.49
260730,Desperados: Wanted Dead or Alive,2013-11-20,Spellbound,windows;mac;linux,704,205,0,100000-200000,4.49
260750,Neighbours from Hell Compilation,2013-11-07,JoWooD Vienna,windows,1639,51,170,200000-500000,8.99
260790,1001 Spikes,2014-06-03,"Nicalis, Inc.",windows;mac;linux,455,103,214,50000-100000,9.99
260930,Emergency 2014,2013-11-15,Sixteen Tons Entertainment,windows,122,102,0,50000-100000,7.19
261110,Killer is Dead - Nightmare Edition,2014-05-23,KADOKAWA GAMES / GRASSHOPPER MANUFACTURE,windows,4940,1599,278,1000000-2000000,14.99
261180,Lethal League,2014-08-27,Team Reptile,windows;mac;linux,5196,346,258,500000-1000000,9.99
261470,Distant Worlds: Universe,2014-05-23,Code Force,windows,885,267,209,50000-100000,44.98
261490,Bedlam,2015-10-13,RedBedlam,windows;mac,571,184,150,100000-200000,9.99
261510,Tesla Effect: A Tex Murphy Adventure,2014-05-08,Big Finish Games,windows;mac,865,121,82,200000-500000,14.99
261530,Lifeless Planet Premier Edition,2014-06-06,Stage 2 Studios,windows;mac;linux,2129,635,0,100000-200000,14.99
261640,Borderlands: The Pre-Sequel,2014-10-16,2K Australia;Gearbox Software;Aspyr (Mac);Aspyr (Linux),windows;mac;linux,16909,5076,1661,2000000-5000000,29.99
261700,Eryi's Action,2013-11-19,Xtal Sword,windows;linux,1086,152,159,50000-100000,3.99
261720,Holy Avatar vs. Maidens of the Dead,2014-02-20,Silent Dreams,windows,68,54,0,50000-100000,6.99
261760,Lichdom: Battlemage,2014-08-26,Xaviant,windows,1400,1036,351,100000-200000,7.19
261880,Corporate Lifestyle Simulator,2014-03-12,DolphinBarn,windows,478,94,0,100000-200000,3.99
262000,Gabriel Knight: Sins of the Fathers 20th Anniversary Edition,2014-10-15,Phoenix Online Studios;Pinkerton Road Studio,windows;mac,570,66,305,50000-100000,12.99
262060,Darkest Dungeon®,2016-01-19,Red Hook Studios,windows;mac;linux,41544,6741,1121,2000000-5000000,18.99
262120,Toy Soldiers: Complete,2016-02-17,Signal Studios;Krome Studios,windows,505,164,57,50000-100000,10.99
262150,Vanguard Princess,2014-03-03,Tomoaki Sugeno,windows;mac;linux,1975,773,245,200000-500000,3.99
262260,Jets'n'Guns Gold,2014-02-05,Rake in Grass,windows;mac;linux,969,130,5,50000-100000,4.99
262280,Dungeons 2,2015-04-24,Realmforge Studios,windows;mac;linux,3043,787,282,1000000-2000000,14.99
262300,Tsukumogami,2012-05-31,TORaIKI,windows,33,17,0,50000-100000,22.99
262390,Cloudbuilt,2014-03-20,Coilworks,windows,703,122,171,100000-200000,14.99
262410,World of Guns: Gun Disassembly,2014-05-21,Noble Empire Corp.,windows;mac;linux,11178,2300,99,2000000-5000000,0.0
262470,Rollers of the Realm,2014-11-18,Phantom Compass,windows,442,48,172,100000-200000,6.99
262550,Gunman Clive,2014-01-03,Hörberg Productions,windows,605,79,31,50000-100000,1.59
262690,Little Racers STREET,2014-02-06,Milkstone Studios,windows;mac;linux,729,149,0,100000-200000,4.79
262790,Our Darker Purpose,2014-01-29,Avidly Wild Games,windows,543,129,0,50000-100000,10.99
262830,Crimsonland,2014-06-11,10tons Ltd,windows;mac;linux,1587,179,376,100000-200000,10.59
262850,The Journey Down: Chapter Two,2014-08-25,SkyGoblin,windows;mac;linux,344,14,282,100000-200000,14.99
262940,Broken Sword 5 - the Serpent's Curse,2013-12-04,Revolution Software Ltd,windows;mac;linux,1465,206,184,200000-500000,18.99
262960,Castle In The Darkness,2015-02-05,"Matt Kap;Nicalis, Inc.",windows,808,215,862,50000-100000,4.79
263020,STARWHAL,2014-09-29,Breakfall,windows;mac;linux,565,66,407,50000-100000,9.29
263060,Blockstorm,2015-05-21,GhostShark,windows;mac;linux,5363,1298,253,500000-1000000,3.99
263200,Signs of Life,2014-01-27,Sweet Dog Studios,windows,489,135,0,50000-100000,6.99
263280,Spintires®: The Original Game,2014-06-12,Oovee® Game Studios,windows,17042,2965,1922,1000000-2000000,9.99
263300,BlazBlue: Calamity Trigger,2014-02-13,Arc System Works,windows,1843,301,174,200000-500000,6.99
263320,Saturday Morning RPG,2014-01-29,Mighty Rabbit Studios,windows;mac;linux,387,98,710,100000-200000,4.99
263360,3089 -- Futuristic Action RPG,2014-01-10,Phr00t's Software,windows;mac;linux,371,146,170,50000-100000,4.99
263400,War of the Human Tanks,2014-01-10,Yakiniku Banzai,windows,429,62,399,50000-100000,6.99
263420,Probably Archery,2014-02-06,South East Games,windows;mac;linux,174,201,0,50000-100000,3.99
263460,Girls Like Robots,2014-02-14,Popcannibal,windows;mac;linux,150,58,262,100000-200000,4.99
263500,Dragons and Titans,2014-03-12,Wyrmbyte,windows;mac;linux,2428,708,137,1000000-2000000,0.0
263540,Villagers and Heroes,2014-04-17,Mad Otter Games,windows,1651,1272,142,500000-1000000,0.0
263560,Paper Sorcerer,2014-01-22,Ultra Runaway Games,windows,436,102,480,50000-100000,3.99
263620,Mitsurugi Kamui Hikae,2014-03-10,Zenith Blue,windows,2450,534,254,100000-200000,6.99
263700,Muffin Knight,2014-05-01,Angry Mob Games,windows;mac,293,89,5,50000-100000,3.99
263740,FootLOL: Epic Fail League,2014-04-16,Lion's Shade,windows;mac;linux,837,152,5,100000-200000,9.99
263760,Turbo Dismount™,2014-05-21,Secret Exit Ltd.,windows;mac,3800,346,295,200000-500000,6.99
263820,EvilQuest,2014-02-20,Chaosoft Games,windows,530,69,74,50000-100000,1.59
263860,SPACECOM,2014-09-17,Flow Combine,windows;mac;linux,261,97,139,100000-200000,7.99
263980,Out There Somewhere,2016-03-14,MiniBoss,windows;mac,6180,459,137,500000-1000000,0.79
264080,Vangers,2014-04-24,K-D Lab,windows;mac;linux,199,35,0,50000-100000,4.99
264120,Victory: The Age of Racing,2016-02-12,Vae Victis Games,windows,492,577,115,200000-500000,0.0
264200,One Finger Death Punch,2014-03-03,Silver Dollar Games,windows,14181,256,149,500000-1000000,3.99
264240,CONSORTIUM,2014-01-08,Interdimensional Games Inc,windows,1026,396,151,200000-500000,6.99
264280,99 Levels To Hell,2014-02-19,Zaxis Games;B-evil,windows;mac;linux,346,208,157,50000-100000,3.99
264300,Guns n Zombies,2014-10-30,Krealit,windows;mac,668,283,64,100000-200000,5.59
264380,Narcissu 1st & 2nd,2015-04-24,stage-nana,windows;mac;linux,2854,169,5,200000-500000,0.0
264480,BlackSoul: Extended Edition,2014-02-26,XeniosVision,windows,43,77,314,50000-100000,3.99
264540,Platformines,2014-03-28,Magiko Gaming,windows,189,95,679,100000-200000,6.99
264710,Subnautica,2018-01-23,Unknown Worlds Entertainment,windows;mac,90155,5413,1446,2000000-5000000,19.49
264730,Deadly 30,2014-01-08,Ignatus Zuk and Gonzalo Villagomez,windows;mac,1105,361,143,100000-200000,3.99
265000,FORCED SHOWDOWN,2016-03-29,BetaDwarf,windows;mac;linux,478,77,822,50000-100000,14.99
265120,Meridian: New World,2014-09-26,Elder Games,windows,224,227,162,100000-200000,4.99
265210,Viscera Cleanup Detail: Santa's Rampage,2013-12-13,RuneStorm,windows,3645,395,140,500000-1000000,1.79
265300,Lords Of The Fallen™,2014-10-28,CI Games;Deck 13,windows,7393,4963,456,500000-1000000,23.79
265330,Gomo,2013-12-06,Fishcow Studio,windows;mac,921,306,108,100000-200000,3.99
265380,Grimind,2014-02-13,Paweł Mogiła,windows;mac;linux,163,78,214,100000-200000,6.99
265550,Dead Rising 3 Apocalypse Edition,2014-09-05,Capcom Game Studio Vancouver,windows,7251,3060,596,500000-1000000,24.99
265590,The Red Solstice,2015-07-09,Ironward,windows,1476,535,243,1000000-2000000,7.19
265610,Epic Battle Fantasy 4,2014-02-25,Matt Roszak,windows,2180,80,384,200000-500000,8.99
265630,Fistful of Frags,2014-05-09,Fistful of Frags Team,windows;mac;linux,23803,2399,3079,2000000-5000000,0.0
265670,Imagine Me,2014-12-09,KinifiGames LLC,windows;mac;linux,142,298,90,50000-100000,1.99
265690,NaissanceE,2014-02-13,Limasse Five,windows,1064,305,8,100000-200000,0.0
265750,Secret Ponchos,2015-10-13,Switchblade Monkeys Entertainment,windows,970,380,0,50000-100000,10.99
265770,Cannons Lasers Rockets,2014-08-25,Net Games Laboratory,windows;mac;linux,133,401,1,200000-500000,0.0
265830,Monochroma,2014-05-28,Nowhere Studios,windows;mac;linux,452,151,89,100000-200000,14.99
265870,Alpha Kimori™ 1,2014-03-17,Sherman3D,windows,122,86,123,50000-100000,6.99
265890,Hexcells,2014-02-19,Matthew Brown,windows;mac;linux,3482,129,49,200000-500000,1.99
265930,Goat Simulator,2014-04-01,Coffee Stain Studios,windows;mac;linux,45892,5779,309,2000000-5000000,7.19
265950,Ether One,2014-03-25,White Paper Games,windows,272,92,0,50000-100000,14.99
266010,LYNE,2014-03-17,Thomas Bowker,windows;mac;linux,6860,263,176,200000-500000,1.99
266030,DRAKERZ-Confrontation,2014-05-19,Peoleo Entertainment,windows,130,125,12,100000-200000,0.0
266050,Into the Dark: Ultimate Trash Edition,2014-05-01,Homegrown Games,windows,89,113,365,50000-100000,3.99
266110,Tower of Guns,2014-03-04,Terrible Posture Games,windows;mac;linux,801,173,740,200000-500000,10.99
266130,Breach & Clear,2014-03-21,Mighty Rabbit Studios;Gun.,windows;mac;linux,1626,349,67,200000-500000,10.99
266150,Lost Saga NA,2014-11-25,IO Entertainment,windows,415,281,27,200000-500000,0.0
266170,Windforge,2014-03-11,Snowed In Studios,windows,357,172,2075,50000-100000,6.99
266210,One Way Heroics,2014-02-28,Smoking WOLF,windows,3349,199,547,200000-500000,2.29
266230,Last Dream,2014-03-13,White Giant RPG Studios,windows;mac;linux,368,67,0,50000-100000,6.99
266310,GameGuru,2015-05-19,The Game Creators,windows,908,323,83,200000-500000,14.99
266330,Ethan: Meteor Hunter,2014-02-07,Seaven Studio,windows,131,78,0,50000-100000,6.99
266390,Farm for your Life,2014-06-16,Hammer Labs,windows;mac;linux,431,105,467,50000-100000,6.99
266430,Anarchy Arcade,2014-09-03,Elijah Newman-Gomez,windows,1581,701,42,500000-1000000,0.0
266490,Lili: Child of Geos - Complete Edition,2014-05-09,"BitMonster, Inc.",windows,795,116,0,50000-100000,10.99
266510,Hand of Fate,2015-02-17,Defiant Development,windows;mac;linux,8045,794,371,500000-1000000,14.99
266840,Age of Mythology: Extended Edition,2014-05-08,SkyBox Labs;Ensemble Studios,windows,9336,1577,668,1000000-2000000,22.99
267060,Gravity Badgers,2013-11-28,Wales Interactive,windows;mac;linux,262,160,431,50000-100000,3.99
267130,Star Swarm Stress Test,2014-01-30,Oxide Games,windows,232,27,0,200000-500000,0.0
267340,Beware Planet Earth,2014-04-11,Lightmare Studio,windows,177,80,0,50000-100000,6.99
267490,Batman™: Arkham Origins Blackgate - Deluxe Edition,2014-04-01,Armature Studio,windows,589,917,129,500000-1000000,14.99
267530,The LEGO® Movie - Videogame,2014-02-27,TT Fusion;Traveller's Tales;Feral Interactive (Mac),windows,1825,374,570,200000-500000,14.99
267600,Airport Simulator 2014,2013-12-19,United Independent Entertainment GmbH,windows,143,803,0,50000-100000,6.99
267610,Woodcutter Simulator 2013,2013-12-19,United Independent Entertainment GmbH,windows,145,386,34,50000-100000,5.79
267900,Guilty Gear Isuka,2014-01-16,Arc System Works,windows,148,145,147,50000-100000,6.99
267920,Gun Metal,2014-01-16,Rage Software,windows,557,170,213,200000-500000,2.09
267940,Glacier 3: The Meltdown,2014-01-23,Team 6 Studios,windows,113,315,4,200000-500000,2.09
267960,Hyper Fighters,2014-01-23,Team 6 Studios,windows,96,313,0,100000-200000,2.09
267980,Hostile Waters: Antaeus Rising,2014-01-30,Rage Software,windows,231,84,244,200000-500000,2.09
268050,The Evil Within,2014-10-13,Tango Gameworks,windows,10581,2363,635,500000-1000000,14.99
268130,Heat Signature,2017-09-21,Suspicious Developments,windows,3247,220,693,200000-500000,10.99
268200,Antisquad,2014-05-22,InsGames,windows;mac;linux,149,122,162,50000-100000,4.99
268220,Meltdown,2014-06-05,Phenomenon Games,windows;mac;linux,637,105,0,50000-100000,3.49
268240,Mechanic Escape,2014-04-15,Slak Games,windows;mac,656,99,283,100000-200000,4.49
268400,Panzer Corps,2014-03-12,Flashback Games;The Lordz Games Studio,windows;mac,1054,93,0,100000-200000,14.99
268420,Aura Kingdom,2014-07-01,X-Legend,windows,5666,1533,485,2000000-5000000,0.0
268500,XCOM® 2,2016-02-04,Firaxis Games;Feral Interactive (Mac);Feral Interactive (Linux),windows;mac;linux,28774,7018,1891,1000000-2000000,34.99
268540,The Whispered World Special Edition,2014-05-06,Daedalic Entertainment,windows;mac;linux,777,267,132,200000-500000,16.99
268650,From the Depths,2014-08-07,Brilliant Skies Ltd.,windows;mac;linux,3965,525,716,200000-500000,11.39
268750,Magicite,2014-06-09,SmashGames,windows;mac;linux,5488,936,450,200000-500000,7.19
268810,Paranormal State: Poison Spring,2014-04-09,Teyon,windows;mac;linux,206,66,0,50000-100000,6.99
268850,EVGA Precision XOC,2014-07-16,EVGA,windows,1626,538,382,1000000-2000000,0.0
268870,Satellite Reign,2015-08-27,5 Lives Studios,windows;mac;linux,2615,1195,233,500000-1000000,22.99
268910,Cuphead,2017-09-29,Studio MDHR Entertainment Inc.,windows;mac,38821,1698,620,1000000-2000000,14.99
269030,The Yawhg,2014-02-27,Damian Sommer;Emily Carroll,windows,912,224,0,50000-100000,6.99
269050,Year Walk,2014-03-06,Simogo,windows;mac,1519,147,37,100000-200000,4.79
269110,Super Motherload,2014-04-04,XGen Studios,windows,329,96,0,50000-100000,10.99
269170,Sports Bar VR,2016-06-01,Cherry Pop Games;Perilous Orbit,windows,624,67,0,50000-100000,14.99
269210,Hero Siege,2014-01-29,Elias Viglione;Jussi Kukkonen,windows;mac;linux,14929,4023,803,1000000-2000000,6.99
269230,Aces Wild: Manic Brawling Action!,2014-01-31,Culture Attack Studio;Tyler Doak,windows,248,60,0,50000-100000,6.99
269250,WORLD END ECONOMiCA episode.01,2014-06-17,Spicy Tails,windows;mac;linux,461,80,732,100000-200000,9.99
269270,LOVE,2014-02-07,Fred Wood,windows,941,98,291,50000-100000,2.09
269310,Infectonator: Survivors,2016-08-08,Toge Productions,windows;mac,464,226,435,50000-100000,6.99
269330,Chronology,2014-05-12,Bedtime Digital Games,windows,412,59,192,100000-200000,3.99
269370,Reaper - Tale of a Pale Swordsman,2014-02-07,Hexage,windows;mac;linux,255,126,180,50000-100000,3.99
269430,Burning Cars,2014-01-31,Polynetix Studio,windows,4,32,0,50000-100000,4.79
269490,Bardbarian,2014-04-01,TreeFortress Games,windows;mac,1232,159,354,100000-200000,5.59
269650,Dex,2015-05-07,Dreadlocks Ltd.,windows;mac;linux,1708,251,0,200000-500000,14.99
269670,BADLAND: Game of the Year Edition,2015-05-26,Frogmind,windows;mac;linux,1172,223,0,200000-500000,6.99
269710,Tumblestone,2016-07-12,The Quantum Astrophysicists Guild,windows;mac;linux,707,196,466,200000-500000,18.99
269770,Secrets of Grindea,2015-07-13,Pixel Ferrets,windows,3642,254,2343,100000-200000,10.99
269790,DreadOut,2014-05-15,Digital Happiness,windows;linux,2431,784,148,200000-500000,10.99
269890,AR-K,2014-07-21,GATO STUDIO,windows;mac;linux,250,177,54,50000-100000,5.79
269950,X-Plane 11,2017-03-30,Laminar Research,windows;mac;linux,2033,443,44169,100000-200000,54.99
270050,Quest of Dungeons,2014-03-25,David Amador,windows;mac;linux,459,134,0,50000-100000,3.99
270090,//N.P.P.D. RUSH//- The milk of Ultraviolet,2014-02-13,Rail Slave Games,windows,257,514,206,100000-200000,2.99
270130,The Gallery - Episode 1: Call of the Starseed,2016-04-05,Cloudhead Games ltd.,windows,1175,190,0,50000-100000,14.99
270150,RUNNING WITH RIFLES,2015-04-02,Osumia Games,windows;mac;linux,5254,745,97,200000-500000,10.99
270170,Depression Quest,2014-08-11,The Quinnspiracy;Patrick Lindsey;Isaac Schankler,windows;mac;linux,2210,1590,18,200000-500000,0.0
270210,Melody's Escape,2016-05-20,Icetesy SPRL,windows;mac;linux,4187,292,40,100000-200000,6.99
270450,Robot Roller-Derby Disco Dodgeball,2015-02-19,Erik Asmussen,windows;mac;linux,3155,259,303,200000-500000,6.99
270490,The Forest of Doom (Standalone),2014-10-30,Tin Man Games,windows;mac;linux,187,44,52,50000-100000,3.99
270550,Yet Another Zombie Defense,2014-03-28,Awesome Games Studio,windows,9900,1529,192,2000000-5000000,0.0
270570,Reversion - The Escape (1st Chapter),2014-06-10,3f Interactive,windows;mac;linux,1134,335,151,200000-500000,0.79
270630,Haunt the House: Terrortown,2014-06-06,SFB Games,windows;mac,877,178,58,50000-100000,3.99
270770,Etherlords,2014-02-13,Nival,windows,60,87,19,100000-200000,3.99
270790,Etherlords II,2014-02-13,Nival,windows,190,46,0,100000-200000,3.99
270810,Jones On Fire,2015-03-27,Glass Bottom Games,windows;mac,111,59,246,100000-200000,1.99
270850,Car Mechanic Simulator 2014,2014-01-24,PlayWay S.A.;Red Dot Games,windows;mac,3333,743,128,500000-1000000,4.99
270880,American Truck Simulator,2016-02-02,SCS Software,windows;mac;linux,25316,2096,2086,1000000-2000000,14.99
270910,Worms World Party Remastered,2015-07-16,Team17 Digital Ltd,windows,329,304,0,50000-100000,10.99
271240,Offworld Trading Company - Free Multiplayer,2016-04-28,Mohawk Games,windows;mac,2810,966,237,500000-1000000,0.0
271360,Industry Giant 2,2015-08-14,"Fancy Bytes, Reactor",windows,368,87,0,50000-100000,6.99
271370,Transport Giant,2014-09-05,"Fancy Bytes, Reactor",windows,113,129,0,100000-200000,6.99
271500,Sniper Art of Victory,2014-01-31,CI Games,windows,324,775,7,200000-500000,1.99
271550,Tribloos 2,2014-01-30,BumpkinBrothers,windows,219,46,243,100000-200000,3.99
271570,Space Farmers,2014-04-17,BumpkinBrothers,windows;mac;linux,1288,445,96,200000-500000,7.19
271590,Grand Theft Auto V,2015-04-13,Rockstar North,windows,329061,139308,9837,10000000-20000000,24.99
271640,Humanity Asset,2014-02-20,Browny Application,windows,148,314,258,200000-500000,1.69
271670,10 Second Ninja,2014-03-05,Four Circle Interactive,windows;mac,588,97,150,50000-100000,1.59
271730,Light,2014-07-14,Just A Pixel Ltd.,windows;mac;linux,192,138,231,50000-100000,9.99
271760,Dungeon Lords Steam Edition,2015-12-21,Heuristic Park,windows,188,69,141,50000-100000,13.99
271820,Card City Nights,2014-02-14,Ludosity,windows;mac;linux,744,81,633,100000-200000,3.99
271860,Super Killer Hornet: Resurrection,2014-02-05,Flump Studios,windows,508,278,222,200000-500000,3.99
271900,Hexcells Plus,2014-02-19,Matthew Brown,windows;mac;linux,1283,89,0,100000-200000,1.99
271920,Worlds Adrift Island Creator,2016-04-28,Bossa Studios,windows,284,48,6,200000-500000,0.0
272010,Aveyond 3-1: Lord of Twilight,2014-02-07,"Amaranth Games, LLC",windows,60,35,0,50000-100000,6.99
272040,KAMI,2014-01-23,State of Play Games,windows;mac,1009,44,275,100000-200000,2.79
272060,Serena,2014-01-30,Senscape,windows;mac;linux,4593,1342,15924,500000-1000000,0.0
272270,Torment: Tides of Numenera,2017-02-27,inXile Entertainment,windows;mac;linux,2092,955,314,100000-200000,34.99
272470,The Incredible Adventures of Van Helsing II,2014-06-13,NeocoreGames,windows,1233,611,312,200000-500000,10.99
272510,NARUTO SHIPPUDEN: Ultimate Ninja STORM Revolution,2014-09-15,"CyberConnect2 Co., Ltd.",windows,4152,995,969,200000-500000,19.99
272600,Detective Grimoire,2014-08-18,SFB Games,windows;mac;linux,1123,62,0,50000-100000,5.19
272890,Vertiginous Golf,2015-05-06,Kinelco & Lone Elk Creative,windows;mac;linux,595,409,36,200000-500000,7.19
273070,The Last Federation,2014-04-18,"Arcen Games, LLC",windows;mac;linux,311,102,0,50000-100000,14.99
273110,Counter-Strike Nexon: Zombies,2014-10-07,"Valve Corporation, Nexon Korea Corporation",windows,22130,12127,4047,5000000-10000000,0.0
273500,Over 9000 Zombies!,2015-02-25,Loren Lemcke,windows,948,161,17,100000-200000,1.59
273770,Game Tycoon 1.5,2014-02-11,Sunlight Games,windows,89,547,240,100000-200000,0.79
274170,Hotline Miami 2: Wrong Number,2015-03-10,Dennaton Games,windows;mac;linux,21838,1933,447,1000000-2000000,11.99
274190,Broforce,2015-10-15,Free Lives,windows;mac;linux,31033,1059,498,1000000-2000000,11.99
274230,RONIN,2015-06-30,Tomasz Wacławek,windows;mac;linux,1159,519,441,100000-200000,9.99
274250,OlliOlli,2014-07-22,Roll7;General Arcade,windows;mac;linux,596,156,16,100000-200000,9.99
274270,NOT A HERO,2015-05-14,Roll7,windows;mac;linux,1527,221,216,100000-200000,9.99
274290,Gods Will Be Watching,2014-07-24,Deconstructeam,windows;mac;linux,1630,659,155,200000-500000,6.99
274310,Always Sometimes Monsters,2014-05-21,Vagabond Dog,windows;mac;linux,1684,550,296,200000-500000,6.99
274350,Dropsy,2015-09-10,Tendershoot;A Jolly Corpse,windows;mac;linux,1158,80,70,100000-200000,6.99
274500,Brigador: Up-Armored Edition,2016-06-02,Stellar Jockeys;Gausswerks,windows;mac;linux,1538,110,437,200000-500000,14.99
274520,Darkwood,2017-08-17,Acid Wizard Studio,windows;mac;linux,3856,238,417,200000-500000,11.99
274560,Revolution Ace,2014-03-19,"Laser Guided Games, LLC",windows,1377,508,214,500000-1000000,3.99
274900,Murder Miners,2014-07-25,JForce Games,windows;mac;linux,4295,818,206,500000-1000000,0.79
274920,FaceRig,2015-07-07,Holotech Studios,windows,3841,785,466,500000-1000000,12.99
274940,Depth,2014-11-03,Digital Confectioners,windows,22385,3472,791,1000000-2000000,14.99
274980,Influent,2014-03-20,Rob Howland,windows;mac;linux,741,255,124,100000-200000,6.99
275080,Post Master,2014-03-07,Excalibur,windows;mac,107,140,251,100000-200000,3.99
275100,Shelter 2,2015-03-09,Might and Delight,windows;mac;linux,2616,540,157,200000-500000,10.99
275180,Costume Quest 2,2014-10-07,Double Fine Productions,windows;mac;linux,496,72,0,100000-200000,10.99
275200,Westerado: Double Barreled,2015-04-16,Ostrich Banditos,windows;mac,1198,110,352,100000-200000,10.99
275390,Guacamelee! Super Turbo Championship Edition,2014-08-21,DrinkBox Studios,windows,1728,122,249,200000-500000,11.49
275470,Chip,2014-04-25,Coatsink,windows,932,167,260,200000-500000,3.99
275490,Canyon Capers,2014-04-25,Crazy Moo Games,windows,838,1066,169,200000-500000,4.99
275510,Z Steel Soldiers,2014-08-01,TickTock Games,windows,87,82,457,50000-100000,9.99
275530,Z,2014-07-04,TickTock Games,windows,605,224,2287,100000-200000,4.99
275570,Summoner,2014-03-12,Volition,windows,225,45,0,100000-200000,4.49
275610,"Warhammer 40,000: Kill Team",2014-05-22,Nomad Games,windows,466,389,0,50000-100000,6.99
275670,Space Run,2014-06-13,Passtech Games,windows;mac;linux,1474,232,373,200000-500000,10.99
275850,No Man's Sky,2016-08-12,Hello Games,windows,63444,56488,2004,1000000-2000000,39.99
276810,Mordheim: City of the Damned,2015-11-19,Rogue Factor,windows,3596,1614,1441,200000-500000,29.99
276890,FATE: Undiscovered Realms,2014-04-17,WildTangent,windows,125,49,220,50000-100000,5.59
277110,Return to Mysterious Island,2014-03-06,Kheops Studio,windows,148,36,0,50000-100000,5.59
277430,Halo: Spartan Assault,2014-04-04,Vanguard Games;343 Industries,windows,2797,691,251,200000-500000,1.99
277450,Imperial Glory,2014-04-11,Pyro Studios,windows,600,172,72,100000-200000,3.99
277460,Praetorians,2014-04-11,Pyro Studios,windows,337,98,1,50000-100000,3.99
277470,The Book of Legends,2014-03-14,Aldorlea Games,windows,163,68,270,50000-100000,10.99
277490,Battle Group 2,2014-06-13,Bane Games,windows;mac;linux,352,70,5,50000-100000,5.59
277500,Farming World,2014-05-02,Excalibur,windows;mac,97,153,302,50000-100000,3.99
277520,Albedo: Eyes from Outer Space,2015-04-10,Z4G0 and Ivan Venturi Productions,windows;mac,131,107,0,50000-100000,10.99
277590,Assassin's Creed Freedom Cry,2014-02-25,Ubisoft Montreal,windows,853,293,0,100000-200000,12.49
277680,"About Love, Hate and the other ones",2014-12-12,Black Pants Studio,windows;mac;linux,553,63,170,50000-100000,4.99
277870,Diehard Dungeon,2014-03-05,Tricktale,windows,327,107,91,50000-100000,3.99
277890,Shantae: Risky's Revenge - Director's Cut,2014-07-15,WayForward,windows,849,129,298,100000-200000,6.99
278080,DYNASTY WARRIORS 8: Xtreme Legends Complete Edition / 真・三國無双７ with 猛将伝,2014-05-13,"KOEI TECMO GAMES CO., LTD.",windows,4596,1091,200,200000-500000,39.99
278100,"RIVE: Wreck, Hack, Die, Retry!",2016-09-13,Two Tribes,windows;mac;linux,597,95,95,200000-500000,10.99
278360,A Story About My Uncle,2014-05-28,Gone North Games,windows;mac;linux,17924,1642,193,5000000-10000000,9.99
278460,Skyborn,2014-02-21,Dancing Dragon Games,windows;mac;linux,1331,190,296,200000-500000,10.99
278490,Aveyond 3-2: Gates of Night,2014-04-18,"Amaranth Games, LLC",windows,55,36,0,100000-200000,6.99
278570,Labyrinthine Dreams,2015-05-26,Solest Games,windows,226,57,0,50000-100000,1.59
278620,TinyKeep,2014-09-29,Phigames,windows;mac;linux,260,127,222,50000-100000,7.19
278890,Angvik,2014-02-24,Alastair John Jack,windows;mac,1439,183,271,100000-200000,2.09
278930,GIGANTIC ARMY,2014-03-06,ASTRO PORT,windows;linux,231,70,112,50000-100000,4.79
278970,Digger Online,2015-06-02,DiggerWorld Ltd.,windows,8700,10498,56,200000-500000,6.99
279260,Richard & Alice,2014-06-05,Owl Cave,windows,264,99,332,50000-100000,4.79
279440,Joe Dever's Lone Wolf HD Remastered,2014-11-27,Forge Reply srl,windows;mac,392,131,0,50000-100000,10.99
279640,The Troma Project,2015-10-28,Nekrosoft,windows,111,117,306,200000-500000,4.99
279720,The I of the Dragon,2015-03-06,Primal,windows;mac;linux,343,210,281,200000-500000,4.99
279800,Grim Legends 2: Song of the Dark Swan,2015-03-26,Artifex Mundi,windows;mac;linux,761,27,99,100000-200000,6.99
279900,Soul Axiom,2016-02-29,Wales Interactive,windows;mac;linux,128,59,0,50000-100000,14.99
279940,The Book of Unwritten Tales 2,2015-02-19,KING Art,windows;mac;linux,562,47,0,50000-100000,24.99
279990,Bridge Constructor Playground,2014-07-02,ClockStone,windows;mac;linux,118,59,0,50000-100000,6.99
280040,A Wizard's Lizard,2014-06-16,Lost Decade Games,windows;mac;linux,285,131,0,50000-100000,6.99
280140,Millennium - A New Hope,2014-04-25,Aldorlea Games,windows,231,77,272,200000-500000,4.79
280160,Aragami,2016-10-04,Lince Works,windows;mac;linux,3815,458,199,200000-500000,14.99
280180,Hover,2017-05-31,Midgar Studio;Fusty Game,windows;mac;linux,1144,272,45,50000-100000,14.99
280200,Eterium,2014-04-15,Rogue Earth LLC,windows,37,40,64,100000-200000,3.99
280220,Creeper World 3: Arc Eternal,2014-03-27,Knuckle Cracker,windows;mac;linux,2347,87,862,100000-200000,11.39
280320,Adventurer Manager,2014-12-04,Vigilant Addiction Studios,windows;mac,321,205,613,50000-100000,3.99
280520,Crea,2016-06-09,Siege Games,windows;mac;linux,792,194,322,50000-100000,10.99
280640,Dark Shadows - Army of Evil,2014-03-11,Burian Media Enterprises,windows,40,119,186,50000-100000,3.99
280790,Creativerse,2017-05-08,Playful Corp.,windows;mac,19114,4911,3292,2000000-5000000,0.0
281060,Reversion - The Meeting (2nd Chapter),2014-07-08,3f Interactive,windows;mac;linux,96,37,325,100000-200000,3.99
281200,A Boy and His Blob,2016-01-19,Abstraction Games;WayForward,windows;mac;linux,253,118,108,50000-100000,6.99
281220,BloodRayne Betrayal,2014-04-30,Abstraction Games,windows,459,276,242,50000-100000,6.99
281370,Real Horror Stories Ultimate Edition,2014-04-01,GameORE,windows,509,760,84,50000-100000,1.59
281410,Ubersoldier II,2014-03-25,Burut CT,windows,253,95,0,100000-200000,6.99
281450,Disciples Sacred Lands Gold,2014-10-07,Strategy First,windows,107,26,0,50000-100000,5.59
281610,Homeworld: Deserts of Kharak,2016-01-20,Blackbird Interactive,windows;mac,2734,743,26,200000-500000,29.99
281640,The Banner Saga 2,2016-04-19,Stoic,windows;mac,1670,172,331,200000-500000,18.74
281750,Munin,2014-06-10,Gojira,windows;mac;linux,454,90,3,100000-200000,3.99
281860,RefleX,2014-03-27,SITER SKAIN,windows,159,22,181,50000-100000,5.59
281920,Splatter - Zombie Apocalypse,2014-06-04,Dreamworlds,windows;mac;linux,1858,202,213,200000-500000,0.79
281940,Woolfe - The Red Hood Diaries,2015-03-17,GRIN,windows,736,504,0,100000-200000,6.99
281990,Stellaris,2016-05-09,Paradox Development Studio,windows;mac;linux,35327,10036,2729,2000000-5000000,34.99
282010,Carmageddon Max Pack,1997-06-30,Stainless Games Ltd,windows,352,35,13,50000-100000,5.99
282030,Carmageddon 2: Carpocalypse Now,2014-09-19,Stainless Games Ltd,windows,382,39,183,50000-100000,5.99
282070,This War of Mine,2014-11-14,11 bit studios,windows;mac;linux,47258,2571,512,2000000-5000000,14.99
282100,Fearless Fantasy,2014-05-15,Enter Skies,windows,388,100,854,100000-200000,4.99
282140,SOMA,2015-09-21,Frictional Games,windows;mac;linux,16463,754,258,500000-1000000,22.99
282210,Sid Meier's Starships,2015-03-12,Firaxis Games,windows;mac,881,1071,0,200000-500000,10.99
282400,SuperPower 2 Steam Edition,2014-04-18,GolemLabs,windows,1296,354,0,100000-200000,8.99
282440,Quake Live™,2014-09-17,id Software,windows,10227,1956,1265,2000000-5000000,6.99
282530,Castlevania: Lords of Shadow – Mirror of Fate HD,2014-03-27,MercurySteam,windows,836,186,0,100000-200000,9.99
282560,RollerCoaster Tycoon World™,2016-11-16,Nvizzio Creations,windows,1182,3585,2577,100000-200000,10.99
282590,Star Ruler 2,2015-03-27,Blind Mind Studios;Glacicle,windows;linux,497,124,0,50000-100000,19.49
282660,Easy™ eSports,2015-09-10,EasyAntiCheat Ltd,windows,1996,875,128,500000-1000000,0.0
282760,Circuits,2014-04-17,Digital Tentacle,windows;mac;linux,1801,202,20,100000-200000,3.99
282800,100% Orange Juice,2014-05-16,Orange_Juice,windows,10605,794,1678,200000-500000,4.99
282880,FaeVerse Alchemy,2014-04-02,Subsoap,windows;mac;linux,195,96,497,50000-100000,0.0
282900,Hyperdimension Neptunia Re;Birth1 / 超次次元ゲイム ネプテューヌRe;Birth1 / 超次次元遊戲戰機少女重生1,2015-01-29,"IDEA FACTORY Co., Ltd.;COMPILE HEART Co., Ltd.;FELISTELLA Co., Ltd.",windows,9138,476,613,200000-500000,19.49
283060,Lucent Heart,2016-02-11,Playcoo,windows,136,146,143,100000-200000,0.0
283160,House of the Dying Sun,2016-11-01,"Marauder Interactive, LLC",windows,999,110,0,50000-100000,14.99
283230,Spoiler Alert,2014-06-30,MEGAFUZZ,windows;mac;linux,843,288,291,100000-200000,1.99
283290,Nosferatu: The Wrath of Malachi,2014-03-06,Idol FX,windows,1880,312,195,500000-1000000,2.09
283310,Soulbringer,2014-03-13,Infogames Europe SA,windows,99,80,0,200000-500000,2.09
283330,Desert Thunder,2014-03-19,Brainbox Games;Hip Games,windows,80,139,0,100000-200000,2.09
283350,Eurofighter Typhoon,2014-05-02,Rage Software,windows,46,148,0,200000-500000,2.09
283370,Marine Sharpshooter II: Jungle Warfare,2014-04-03,Jarhead Games,windows,171,364,0,100000-200000,2.09
283390,Incoming Forces,2014-03-06,Rage Software,windows,155,125,204,200000-500000,2.09
283410,CT Special Forces: Fire for Effect,2014-03-13,Asobo Studio;Hip Games,windows,101,91,0,100000-200000,2.09
283430,Litil Divil,2014-03-19,Gremlin Interactive,windows,201,229,4,200000-500000,2.09
283620,World of Subways 3 – London Underground Circle Line,2014-05-12,TML-Studios,windows,233,93,0,100000-200000,13.5
283640,Salt and Sanctuary,2016-05-17,Ska Studios,windows;mac;linux,7173,634,623,200000-500000,13.59
283660,Rabbit Hole 3D: Steam Edition,2014-04-25,Somi,windows;mac;linux,199,118,240,50000-100000,2.09
283680,Astebreed: Definitive Edition,2014-05-30,Edelweiss,windows,1104,129,274,100000-200000,15.49
283880,Heroine's Quest: The Herald of Ragnarok,2014-03-20,Crystal Shard,windows;linux,875,125,21247,500000-1000000,0.0
283940,Freddi Fish and the Case of the Missing Kelp Seeds,2014-04-17,Humongous Entertainment,windows;mac;linux,288,13,0,50000-100000,4.99
283980,"Spy Fox in ""Dry Cereal""",2014-04-17,Humongous Entertainment,windows;mac;linux,258,14,0,50000-100000,4.99
284160,BeamNG.drive,2015-05-29,BeamNG,windows,15168,1536,2038,500000-1000000,18.99
284240,Maize,2016-12-01,Finish Line Games,windows,1046,308,0,200000-500000,14.99
284390,The Last Door - Collector's Edition,2014-05-20,The Game Kitchen,windows;mac;linux,1284,72,39,100000-200000,6.99
284460,DeadCore,2014-10-17,5 Bits Games,windows;mac;linux,1465,247,0,100000-200000,7.99
284710,Abyss: The Wraiths of Eden,2014-04-03,Artifex Mundi,windows;mac;linux,905,100,0,100000-200000,6.99
284730,Dark Arcana: The Carnival,2014-10-28,Artifex Mundi,windows;mac;linux,413,45,259,50000-100000,6.99
284750,Enigmatis: The Ghosts of Maple Creek,2014-10-16,Artifex Mundi,windows;mac;linux,690,134,0,50000-100000,6.99
284770,Enigmatis 2: The Mists of Ravenwood,2014-06-05,Artifex Mundi,windows;mac;linux,872,22,0,100000-200000,6.99
284790,Nightmares from the Deep 2: The Siren`s Call,2014-05-15,Artifex Mundi,windows;mac;linux,561,24,0,100000-200000,6.99
284810,Nightmares from the Deep 3: Davy Jones,2015-01-29,Artifex Mundi,windows;mac;linux,511,19,275,100000-200000,6.99
284830,Clockwork Tales: Of Glass and Ink,2014-04-24,Artifex Mundi,windows;mac;linux,735,69,167,50000-100000,6.99
284850,Grim Legends: The Forsaken Bride,2014-08-21,Artifex Mundi,windows;mac;linux,878,39,146,100000-200000,6.99
284870,9 Clues: The Secret of Serpent Creek,2014-07-10,Tap It Games,windows;mac;linux,887,95,306,50000-100000,6.99
284890,Left in the Dark: No One on Board,2014-10-02,Moonrise Interactive,windows;mac;linux,373,71,0,50000-100000,6.99
284930,Speed Kills,2014-05-16,Holy Warp;Black Wing Foundation,windows,188,186,286,200000-500000,6.99
284950,Pixel Puzzles: Japan,2014-04-17,DL Softworks,windows,1870,408,372,200000-500000,4.99
284990,Solarix,2015-04-30,Pulsetense Games,windows,248,138,12173,100000-200000,14.99
285010,Pixel Puzzles: UndeadZ,2014-06-06,DL Softworks,windows,511,173,310,200000-500000,4.99
285090,Robowars,2014-10-24,N-Game Studios,windows,119,146,161,100000-200000,9.99
285130,Battleplan: American Civil War,2014-07-04,The Mustard Corporation,windows,124,126,244,100000-200000,6.99
285190,"Warhammer 40,000: Dawn of War III",2017-04-27,Relic Entertainment;Feral Interactive (Mac);Feral Interactive (Linux),windows;mac;linux,6793,8336,704,500000-1000000,29.99
285310,RollerCoaster Tycoon®: Deluxe,2014-05-21,Chris Sawyer Productions,windows,3049,226,286,500000-1000000,4.79
285330,RollerCoaster Tycoon® 2: Triple Thrill Pack,2014-05-21,Chris Sawyer Productions,windows,2086,336,200,500000-1000000,6.99
285420,Deadly Sin 2,2014-05-12,Dancing Dragon Games,windows,72,9,0,100000-200000,3.99
285440,Crimzon Clover WORLD IGNITION,2014-06-06,YOTSUBANE;Adventure Planning Service,windows,1053,59,348,100000-200000,6.99
285480,The Entente Gold,2014-06-16,Lesta Studio,windows,213,280,259,50000-100000,1.59
285500,Hard Truck Apocalypse / Ex Machina,2014-03-14,Targem Games,windows,996,251,0,50000-100000,5.59
285740,Kitty Powers' Matchmaker,2015-04-22,Magic Notion Ltd,windows;mac,588,38,0,50000-100000,6.99
285800,Braveland,2014-03-17,Tortuga Team,windows;mac;linux,1517,319,233,1000000-2000000,3.99
285820,Action Henk,2015-05-11,RageSquid,windows;mac;linux,556,69,418,100000-200000,10.99
285840,Enemy Mind,2014-06-06,Schell Games,windows,641,102,188,200000-500000,6.99
285900,Gang Beasts,2017-12-12,Boneloaf,windows;mac;linux,13439,5880,681,1000000-2000000,14.99
285920,TerraTech,2018-08-10,Payload Studios,windows;mac;linux,4769,1022,3140,200000-500000,19.99
286000,Tooth and Tail,2017-09-12,Pocketwatch Games,windows;mac;linux,1989,567,75,200000-500000,14.99
286040,Dead Effect,2014-12-17,"BadFly Interactive, a.s.",windows;mac,2177,862,276,200000-500000,3.99
286100,You Have to Win the Game,2014-05-06,Minor Key Games,windows;mac;linux,5005,388,12787,500000-1000000,0.0
286120,QuestRun,2014-04-18,Cuve Games,windows;mac,419,355,365,200000-500000,2.09
286140,Eidolon,2014-08-01,Badru;Michael Bell;Zoe Vartanian;Adam Murgittroyd;Meagan Malone;Jeffrey Klinicke;Shadie Hijazi;Jacob Leach;Aron Miller;Isa Hutchinson,windows;mac,207,126,183,50000-100000,11.0
286160,Tabletop Simulator,2015-06-05,Berserk Games,windows;mac;linux,13243,777,729,1000000-2000000,14.99
286200,ReignMaker,2014-04-16,Frogdice,windows;mac;linux,166,86,163,50000-100000,10.99
286220,Pier Solar and the Great Architects,2014-09-29,WaterMelon,windows;mac;linux,60,40,0,50000-100000,10.99
286260,fault - milestone one,2014-12-15,ALICE IN DISSONANCE,windows;mac;linux,2436,164,367,200000-500000,10.99
286320,Oknytt,2014-04-04,Nemoria Entertainment,windows,393,32,333,50000-100000,3.99
286340,FarSky,2014-04-25,Farsky Interactive,windows;mac;linux,2571,1008,180,100000-200000,3.99
286360,Shadows on the Vatican Act I: Greed,2014-06-09,10th Art Studio;Daring Touch,windows,480,164,118,200000-500000,4.99
286380,Strata,2014-05-29,Graveck,windows;mac;linux,279,34,0,50000-100000,5.79
286440,Rover Rescue,2014-05-08,Pointscape,windows,33,56,0,100000-200000,3.99
286460,Black Mirror II,2014-04-02,Cranberry Production,windows,250,26,0,50000-100000,6.99
286480,Black Mirror III,2014-04-03,Cranberry Production,windows,189,22,0,50000-100000,6.99
286570,F1 2015,2015-07-09,Codemasters;Feral Interactive (Linux),windows;linux,3834,2720,305,2000000-5000000,29.99
286690,Metro 2033 Redux,2014-08-27,4A Games,windows;mac;linux,28179,7313,434,2000000-5000000,14.99
286940,S.K.I.L.L. - Special Force 2 (Shooter),2015-05-19,"Dragonfly GF Co., LTD",windows,7344,3553,934,2000000-5000000,0.0
287020,Harvester,2014-04-04,DigiFX Interactive,windows;linux,571,54,6,50000-100000,4.79
287100,Chaos Domain,2014-05-01,Holy Warp;Black Wing Foundation,windows,243,557,110,200000-500000,6.99
287120,Ionball 2: Ionstorm,2014-06-06,Ironsun Studios,windows,439,164,239,200000-500000,2.99
287200,Wildlife Park 3,2014-05-12,b-alive gmbh,windows,192,178,0,50000-100000,6.99
287260,Toybox Turbos,2014-11-11,Codemasters,windows,889,160,221,100000-200000,11.99
287290,Resident Evil Revelations 2 / Biohazard Revelations 2,2015-02-24,"CAPCOM Co., Ltd.",windows,9049,2724,452,500000-1000000,4.99
287390,Metro: Last Light Redux,2014-08-27,4A Games,windows;mac;linux,23483,5874,363,2000000-5000000,14.99
287450,Rise of Nations: Extended Edition,2014-06-12,SkyBox Labs;Big Huge Games,windows,5125,473,2379,500000-1000000,14.99
287630,The Council,2018-03-13,Big Bad Wolf,windows,1196,218,0,50000-100000,25.99
287700,METAL GEAR SOLID V: THE PHANTOM PAIN,2015-09-01,Konami Digital Entertainment,windows,38643,4954,3007,1000000-2000000,24.99
287720,Nostradamus: The Last Prophecy,2014-04-24,Microids,windows;mac,92,36,7,50000-100000,3.99
287860,8-Bit Commando,2014-06-02,2dengine,windows;mac;linux,136,113,250,50000-100000,2.89
287920,Mortal Online,2015-08-31,Star Vault AB,windows,1362,1326,106,500000-1000000,0.0
287980,Mini Metro,2015-11-06,Dinosaur Polo Club,windows;mac;linux,7464,288,212,500000-1000000,6.99
288060,Whispering Willows,2014-07-09,Night Light Interactive,windows;mac;linux,782,167,168,200000-500000,6.99
288160,The Room,2014-07-28,Fireproof Games,windows,10206,280,167,200000-500000,3.99
288370,Strike Suit Zero: Director's Cut,2014-04-08,Born Ready Games,windows,231,61,0,50000-100000,14.99
288470,Fable Anniversary,2014-09-12,Lionhead Studios,windows,4036,1119,708,500000-1000000,26.99
288650,HTR+ Slot Car Simulation,2014-05-29,QUByte Interactive,windows;mac,28,18,0,50000-100000,4.99
288880,Pineview Drive,2014-07-31,VIS-Games,windows;linux,281,161,0,50000-100000,14.99
289070,Sid Meier’s Civilization® VI,2016-10-20,Firaxis Games;Aspyr (Mac);Aspyr (Linux),windows;mac;linux,39127,18325,3371,2000000-5000000,49.99
289090,Ampu-Tea,2014-05-30,ProjectorGames,windows,1285,754,202,200000-500000,3.99
289130,Endless Legend™,2014-09-18,AMPLITUDE Studios,windows;mac,10015,2107,1045,1000000-2000000,22.99
289180,A.I.M.2 Clan Wars,2014-05-22,SkyRiver Studios,windows,219,65,0,50000-100000,1.99
289200,Ascension to the Throne,2014-04-23,DVS,windows,205,30,0,50000-100000,1.99
289260,Dreamscapes: The Sandman - Premium Edition,2014-04-16,Shaman Games Studio,windows,117,25,0,50000-100000,4.99
289360,Konung 2,2014-04-23,1C Entertainment,windows,77,14,0,50000-100000,1.99
289400,Parkan 2,2014-04-16,Nikita,windows,151,74,236,50000-100000,2.79
289440,Perimeter,2014-04-03,K-D Lab,windows,87,21,243,50000-100000,2.79
289500,UFO: Aftershock,2014-04-16,ALTAR Interactive,windows,72,31,0,50000-100000,2.79
289520,King's Bounty: Dark Side,2014-08-19,1C-SoftClub,windows;mac,628,279,518,100000-200000,9.99
289620,Collapse,2014-04-11,Creoteam,windows,342,132,114,50000-100000,14.99
289650,Assassin's Creed® Unity,2014-12-19,Ubisoft,windows,12350,7354,1686,500000-1000000,25.99
289690,LARA CROFT AND THE TEMPLE OF OSIRIS™,2014-12-08,Crystal Dynamics,windows,696,538,38,200000-500000,14.99
289760,ROCKETSROCKETSROCKETS,2015-05-01,Radial Games Corp;Loren Bednar;Dr. Kimberly Voll;Lindsay Jorgensen,windows;mac;linux,431,118,332,100000-200000,4.99
289800,Dracula: The Resurrection,2014-04-17,Microids,windows;mac,84,134,0,50000-100000,3.99
289890,"7,62 High Calibre",2014-04-30,Apeiron,windows,218,63,167,50000-100000,3.99
289930,TransOcean: The Shipping Company,2014-09-23,Deck13 Hamburg,windows;mac,584,273,222,100000-200000,17.99
289950,Construction Simulator 2015,2014-11-18,weltenbauer. Software Entwicklung GmbH,windows;mac;linux,2519,882,315,200000-500000,10.99
290000,DubWars,2016-07-19,MURA Interactive,windows;mac;linux,204,59,4,50000-100000,6.99
290080,Life is Feudal: Your Own,2015-11-17,Bitbox Ltd.,windows,6167,3395,3497,200000-500000,15.49
290280,Volt,2014-04-14,Quantized Bit,windows;mac;linux,203,98,0,50000-100000,0.79
290300,Rebel Galaxy,2015-10-20,Double Damage Games,windows;mac,5100,881,618,500000-1000000,14.99
290340,Armello,2015-09-01,League of Geeks,windows;mac;linux,7208,1816,1145,500000-1000000,14.99
290460,Legionwood 2: Rise of the Eternal's Realm - Director's Cut,2014-05-16,Dark Gaia Studios,windows;mac,27,21,0,50000-100000,4.79
290470,Onigiri,2019-03-28,"CyberStep, Inc.",windows,129,76,0,50000-100000,0.0
290650,Time Ramesside (A New Reckoning),2015-04-29,Panzer Gaming Studios,windows,54,280,298,50000-100000,5.79
290730,My Lands: Black Gem Hunting,2014-09-16,Gravvit Ltd;Forbes  Consult Ltd,windows,2770,480,4,200000-500000,0.0
290770,The Fall,2014-05-30,Over The Moon,windows;mac;linux,2784,367,106,200000-500000,6.99
290790,Grey Goo,2015-01-23,Petroglyph,windows,2342,1117,434,200000-500000,22.99
290890,You Must Build A Boat,2015-06-04,EightyEightGames,windows;mac;linux,613,139,50,100000-200000,3.99
291130,Akane the Kunoichi,2014-05-02,Haruneko Entertainment,windows,326,357,86,50000-100000,2.09
291170,Royal Defense,2014-11-10,Good Games;Creobit,windows;mac,138,50,345,100000-200000,3.99
291330,Final Slam 2,2014-06-12,Josh Tam Universe,windows,101,360,262,50000-100000,2.79
291390,Three Dead Zed,2014-07-07,Gentleman Squid Studio,windows;linux,68,35,231,50000-100000,4.79
291410,Duelyst,2016-08-23,Counterplay Games Inc.,windows;mac,3469,794,14620,500000-1000000,0.0
291480,Warface,2014-07-01,My.com,windows,32751,14409,949,10000000-20000000,0.0
291550,Brawlhalla,2017-10-17,Blue Mammoth Games,windows;mac,73268,14489,724,10000000-20000000,0.0
291650,Pillars of Eternity,2015-03-26,Obsidian Entertainment,windows;mac;linux,11558,1835,1710,1000000-2000000,22.99
291710,The Lost Crown,2014-06-06,Darkling Room,windows,200,54,0,50000-100000,6.99
291860,Pit People®,2018-03-02,The Behemoth,windows,5027,311,327,200000-500000,15.49
291910,Firefighters 2014,2014-05-21,VIS - Visual Imagination Software,windows;mac,245,204,0,50000-100000,17.99
292030,The Witcher® 3: Wild Hunt,2015-05-18,CD PROJEKT RED,windows,202930,4798,3068,5000000-10000000,24.99
292120,FINAL FANTASY® XIII,2014-10-09,Square Enix,windows,7016,2769,1497,500000-1000000,10.99
292140,FINAL FANTASY® XIII-2,2014-12-11,Square Enix,windows,1843,1199,713,200000-500000,12.99
292160,UFO: Aftermath,2014-04-23,Altar Interactive,windows,100,32,0,50000-100000,2.79
292230,Game Character Hub,2014-05-23,Sebastien Bini,windows,196,86,0,100000-200000,10.99
292330,Starship Corporation,2018-05-03,Coronado Games,windows,189,162,115,50000-100000,14.99
292370,DarkEnd,2014-10-17,Kodots Games,windows,155,132,224,200000-500000,1.69
292380,Racer 8,2014-06-06,30.06 Studios Ltd,windows;mac,608,744,194,200000-500000,3.99
292390,Realms of the Haunting,2014-04-24,Gremlin Interactive,windows,287,97,32,200000-500000,2.09
292410,Street Racing Syndicate,2014-04-24,Eutechnyx,windows,1886,420,198,500000-1000000,2.09
292480,Magical Battle Festa,2014-11-21,Fly System,windows,217,107,281,50000-100000,6.99
292500,Kero Blaster,2015-11-11,Studio Pixel,windows,543,40,226,100000-200000,6.99
292570,Chompy Chomp Chomp,2014-05-16,Utopian World of Sandwiches,windows,359,164,207,200000-500000,1.69
292600,Duet,2015-08-03,Kumobius,windows;mac;linux,610,38,306,50000-100000,3.99
292620,Pressured,2014-07-18,Paul Marrable,windows,264,257,189,200000-500000,1.99
292630,Uriel's Chasm,2014-09-12,Rail Slave Games,windows,470,2295,188,200000-500000,3.99
292730,Call of Duty®: Infinite Warfare,2016-11-03,Infinity Ward,windows,7821,10570,3609,500000-1000000,39.99
292800,Pajama Sam 3: You Are What You Eat From Your Head To Your Feet,2014-05-15,Humongous Entertainment,windows;mac;linux,153,5,0,50000-100000,4.99
292910,Deponia: The Complete Journey,2014-07-08,Daedalic Entertainment,windows;mac;linux,2552,359,262,500000-1000000,25.99
292930,Black Mirror I,2014-06-17,Future Games;Unknown Identity,windows,468,135,3,100000-200000,6.99
293180,Overcast - Walden and the Werewolf,2014-04-18,Microblast Games,windows,1570,1027,249,500000-1000000,0.79
293260,Card Hunter,2015-07-13,Blue Manchu,windows;mac,3146,499,655,500000-1000000,0.0
293320,Coma: Mortuary,2014-05-12,Nova Dimension;Naga Entertainment,windows,480,415,252,100000-200000,4.79
293540,Guns and Robots,2014-08-04,Masthead Studios Ltd,windows,1129,606,137,1000000-2000000,0.0
293680,Cinders,2014-05-01,MoaCube,windows;mac,571,69,0,50000-100000,14.99
293760,Automation - The Car Company Tycoon Game,2015-03-12,Camshaft Software,windows,1529,295,209,50000-100000,22.99
293780,Crawl,2017-04-11,Powerhoof,windows;mac;linux,3757,156,64,200000-500000,10.99
293840,Cult of the Wind,2014-06-30,North of Earth,windows;mac;linux,220,212,17,100000-200000,7.19
293860,White Noise Online,2014-05-22,Milkstone Studios,windows;mac;linux,342,211,0,50000-100000,3.99
293880,Dark Scavenger,2014-05-16,Psydra Games LLC,windows;mac,167,26,206,50000-100000,3.99
293940,Kill The Bad Guy,2014-05-28,Exkee,windows;mac;linux,210,116,41,50000-100000,6.99
294000,Knight Squad,2015-11-16,Chainsawesome Games,windows;mac;linux,251,42,143,50000-100000,10.99
294020,Merchants of Kaidan,2014-11-10,Forever Entertainment S. A.,windows;mac;linux,297,142,285,100000-200000,10.99
294040,Loot Hero DX,2015-07-03,VaragtP,windows,980,340,284,200000-500000,2.09
294100,RimWorld,2018-10-17,Ludeon Studios,windows;mac;linux,38556,857,5017,1000000-2000000,27.79
294140,They Breathe,2014-05-23,The Working Parts,windows,856,170,0,50000-100000,1.59
294160,Galcon 2: Galactic Conquest,2014-12-05,"Hassey Enterprises, Inc.",windows;mac;linux,656,118,16,200000-500000,0.0
294230,Millie,2014-04-18,Forever Entertainment S. A.,windows;mac;linux,501,109,242,100000-200000,2.79
294370,Crowntakers,2014-11-07,Bulwark Studios,windows;mac;linux,318,103,282,50000-100000,6.99
294440,Shadowgate,2014-08-21,Zojoi,windows;mac;linux,469,63,358,100000-200000,10.99
294750,Anomaly Defenders,2014-05-29,11 bit studios,windows;mac;linux,220,56,215,50000-100000,7.99
294770,Haegemonia: Legions of Iron,2014-05-01,Digital Reality,windows,25,20,0,50000-100000,3.99
294790,Haegemonia: The Solon Heritage,2014-05-01,Digital Reality,windows,42,25,0,50000-100000,3.99
294810,BlazBlue: Continuum Shift Extend,2014-12-11,Arc System Works,windows,998,88,167,100000-200000,14.99
294860,Valkyria Chronicles™,2014-11-11,SEGA,windows,8862,838,892,500000-1000000,14.99
295550,Royal Quest,2014-08-06,Katauri,windows,833,386,2,500000-1000000,0.0
295690,PARTICLE MACE,2015-01-22,Andy Wallace,windows;mac,1178,146,127,200000-500000,7.19
295710,Darkwind: War on Wheels,2014-08-22,Psychic Games Ltd.,windows;mac,187,240,28,200000-500000,0.0
295790,Never Alone (Kisima Ingitchuna),2014-11-18,Upper One Games;E-Line Media,windows;mac;linux,5175,1224,232,200000-500000,11.99
295930,Swipecart,2014-05-08,Micro Factory Games,windows,252,301,114,100000-200000,1.99
296050,Battlepaths,2014-05-30,Key17 Games,windows,535,241,342,200000-500000,1.99
296070,MIND: Path to Thalamus Enhanced Edition,2014-08-05,Pantumaca Barcelona;@CarlosGameDev;Dani Navarro;Luka Nieto,windows;mac;linux,839,397,310,100000-200000,9.29
296300,Ballistic Overkill,2017-03-28,Aquiris Game Studio,windows;mac;linux,4645,1475,869,200000-500000,8.99
296470,Mount Your Friends,2014-07-29,Stegersaurus Software Inc.,windows,6341,329,150,500000-1000000,10.99
296490,GemCraft - Chasing Shadows,2015-04-30,Game in a Bottle,windows,2179,88,2273,100000-200000,6.99
296570,Lords of Xulima,2014-11-14,Numantian Games,windows;mac;linux,770,160,0,50000-100000,14.99
296630,Kraven Manor,2014-09-26,Demon Wagon Studios,windows,318,119,1,100000-200000,0.0
296710,Monstrum,2015-05-20,Team Junkfish,windows;mac;linux,1451,167,418,100000-200000,11.99
296770,Real Boxing™,2014-07-02,Vivid Games S.A.,windows,659,408,309,100000-200000,3.99
296830,Lucius II,2015-02-13,Shiver Games,windows;linux,793,546,234,100000-200000,14.99
296870,Dreaming Sarah,2015-03-12,Asteristic Game Studio;Anthony Septim,windows,1686,163,230,200000-500000,4.79
296910,8BitBoy™,2014-05-05,AwesomeBlade,windows;mac,1342,479,5,200000-500000,9.29
296970,Renowned Explorers: International Society,2015-09-02,Abbey Games,windows;mac;linux,2013,150,1109,200000-500000,14.99
297000,Heroes® of Might & Magic® III - HD Edition,2015-01-28,DotEmu,windows,4673,2161,1854,500000-1000000,12.49
297020,The Culling Of The Cows,2014-05-09,DL Softworks,windows,2400,837,219,500000-1000000,7.19
297110,Cosmic DJ,2014-10-30,Gl33k,windows;mac,920,127,0,50000-100000,1.99
297120,Heavy Bullets,2014-09-18,Terri Vellmann,windows;mac;linux,951,185,226,100000-200000,6.99
297130,Titan Souls,2015-04-14,Acid Nerve,windows;mac,3556,981,46,200000-500000,10.99
297210,Famaze,2014-05-05,Oryx Design Lab,windows,277,75,15,100000-200000,0.0
297290,Detective Case and Clown Bot in: Murder in the Hotel Lisbon,2014-07-17,Nerd Monkeys®,windows;mac;linux,167,38,0,50000-100000,4.99
297860,Split/Second,2014-10-06,Black Rock Studio,windows,717,207,143,50000-100000,15.49
297920,Space Colony: Steam Edition,2015-04-30,FireFly Studios,windows,204,77,404,100000-200000,11.99
298030,Total Annihilation,2015-12-18,Cavedog Entertainment,windows,1274,56,0,100000-200000,3.99
298050,Master of Orion,2016-08-25,NGD Studios,windows;mac;linux,2961,1290,0,200000-500000,22.99
298110,Far Cry® 4,2014-12-01,"Ubisoft Montreal, Red Storm, Shanghai, Toronto, Kiev",windows,17082,4740,1062,1000000-2000000,25.99
298140,Rhiannon: Curse of the Four Branches,2014-05-15,Arberth Studios,windows,61,32,0,50000-100000,3.99
298160,Eldevin,2014-11-05,Hunted Cow Studios,windows;mac,1090,301,34,200000-500000,0.0
298180,The Desolate Hope,2014-05-05,Scott Cawthon,windows,752,69,21168,200000-500000,0.0
298240,Red Crucible®: Firestorm,2015-12-22,"Rocketeer Games Studio, LLC",windows;mac,4795,3264,232,2000000-5000000,0.0
298260,Only If,2014-07-25,Creability,windows;mac;linux,3752,2137,20,1000000-2000000,0.0
298480,Victory At Sea,2014-08-08,Evil Twin Artworks,windows;mac;linux,317,106,0,50000-100000,17.49
298520,Orbital Gear,2014-08-07,Night Node,windows;mac;linux,1488,298,80,200000-500000,5.99
298600,Lovely Planet,2014-07-31,QUICKTEQUILA,windows;mac;linux,2092,181,231,200000-500000,4.79
298610,Ylands,2017-12-06,Bohemia Interactive,windows,1900,847,457,100000-200000,13.0
298630,The Escapists,2015-02-13,Mouldy Toof Studios,windows;mac;linux,11629,1432,826,1000000-2000000,12.99
298930,Darkness Within 1: In Pursuit of Loath Nolder,2014-11-13,Zoetrope Interactive,windows,275,86,0,50000-100000,5.59
299030,Blood: One Unit Whole Blood,2014-07-14,Monolith Productions,windows,1025,110,0,50000-100000,3.99
299250,European Ship Simulator,2016-11-04,Excalibur,windows;mac,221,316,0,50000-100000,14.99
299260,Commando Jack,2014-08-22,Colossal Games,windows;mac,263,256,201,200000-500000,5.79
299360,Block N Load,2015-04-30,Toadman Interactive;Jagex;Artplant,windows,10856,3196,347,2000000-5000000,0.0
299420,CubeGun,2014-05-21,candyrocketstudio,windows,193,115,0,100000-200000,0.0
299460,Woodle Tree Adventures,2016-03-02,Fabio Ferrara,windows;mac;linux,3824,1878,189,500000-1000000,1.99
299480,Rogue Stormers,2016-04-21,Black Forest Games,windows;linux,598,254,125,100000-200000,14.99
299500,International Snooker,2014-05-30,Big Head Games Ltd,windows,270,183,1,100000-200000,9.99
299680,Tengami,2015-01-15,Nyamyam,windows;mac,1024,253,0,50000-100000,3.99
299720,Terrorhedron Tower Defense,2014-07-24,Dan Walters,windows,937,179,285,100000-200000,0.79
299740,Miscreated,2018-12-18,Entrada Interactive LLC,windows,17255,7903,619,500000-1000000,19.49
299800,The Land of Eyas,2016-07-21,Happy Square Productions,windows,54,5,0,100000-200000,6.99
300040,Divine Souls F2P MMO,2014-08-15,GamePrix,windows,441,454,99,500000-1000000,0.0
300060,ADR1FT,2016-03-28,THREE ONE ZERO,windows,779,601,0,50000-100000,14.99
300080,Total War Battles: KINGDOM,2015-04-09,CREATIVE ASSEMBLY,windows;mac,1692,1646,177,500000-1000000,0.0
300220,Victim of Xen,2014-05-21,Smolders,windows,265,163,223,100000-200000,2.99
300300,Ichi,2014-06-12,Stolen Couch Games,windows;mac;linux,517,58,337,50000-100000,3.99
300380,Road Redemption,2017-10-04,"EQ-Games , Pixel Dash Studios",windows;mac;linux,4788,1056,13,200000-500000,14.99
300540,Sweet Lily Dreams,2014-05-16,RosePortal Games,windows,58,62,40,100000-200000,10.99
300550,Shadowrun: Dragonfall - Director's Cut,2014-09-18,Harebrained Schemes,windows;mac;linux,3488,398,505,500000-1000000,10.99
300570,Infinifactory,2015-06-30,Zachtronics,windows;mac;linux,1511,92,1094,200000-500000,18.99
300580,GALAK-Z,2015-10-29,17-BIT,windows;mac;linux,333,120,341,200000-500000,15.49
301120,Eastside Hockey Manager,2015-12-01,Sports Interactive,windows,723,137,42,100000-200000,14.99
301190,Frederic: Resurrection of Music,2014-05-16,Forever Entertainment S. A.,windows;mac;linux,715,127,269,100000-200000,1.99
301200,Frederic: Evil Strikes Back,2014-05-23,Forever Entertainment S. A.,windows;mac;linux,592,110,302,100000-200000,5.59
301220,Legends of Persia,2014-06-03,Sourena Game Studio,windows,21,137,0,50000-100000,14.99
301460,Electronic Super Joy: Groove City,2014-06-06,Michael Todd Games;Yazar Media Group LLC,windows;mac;linux,459,104,0,50000-100000,2.99
301520,Robocraft,2017-08-24,Freejam,windows;mac;linux,80360,30987,1369,10000000-20000000,0.0
301540,Rhythm Destruction,2014-06-16,Curious Panda Games,windows,60,68,274,50000-100000,3.99
301640,Zombie Army Trilogy,2015-03-06,Rebellion,windows,8472,1330,400,500000-1000000,29.99
301680,Psichodelya,2014-08-08,Ennoble Studios,windows;mac;linux,34,57,232,100000-200000,1.69
301690,Cobi Treasure Deluxe,2014-05-23,Cobra Mobile,windows,174,162,0,200000-500000,1.99
301700,Numba Deluxe,2014-05-23,Cobra Mobile,windows,146,82,1,200000-500000,1.99
301750,RADical ROACH Remastered,2014-05-16,DL Softworks,windows,541,491,285,200000-500000,2.09
301860,Submerged,2015-08-03,Uppercut Games Pty Ltd,windows,2223,776,317,200000-500000,14.99
301910,Saints Row: Gat out of Hell,2015-01-22,Deep Silver Volition;High Voltage Software,windows;linux,5203,1843,180,500000-1000000,10.99
301970,Screencheat,2014-10-21,Samurai Punk,windows;mac;linux,1157,99,122,200000-500000,11.39
302010,The Blue Flamingo,2014-11-18,Might and Delight,windows,257,293,187,100000-200000,3.99
302060,Trucks & Trailers,2014-06-04,SCS Software,windows,227,122,0,200000-500000,3.99
302080,Bus Driver,2014-06-03,SCS Software,windows,923,339,109,200000-500000,5.59
302160,The Egyptian Prophecy: The Fate of Ramses,2014-06-06,MC2,windows,50,35,0,50000-100000,3.99
302190,Amerzone: The Explorer’s Legacy,2014-08-22,Microids,windows,93,50,11,50000-100000,3.99
302240,Chernobyl Commando,2014-06-06,Silden,windows,95,352,0,100000-200000,6.99
302250,Manhunter,2014-05-30,Silden,windows,229,518,110,100000-200000,3.99
302260,Truffle Saga,2014-06-06,Colossal Games,windows;mac,33,58,0,50000-100000,1.69
302310,Dungeon of Elements,2014-06-12,Frogdice,windows;mac;linux,73,98,397,50000-100000,6.99
302380,Floating Point,2014-06-06,Suspicious Developments,windows;mac;linux,3262,139,7076,500000-1000000,0.0
302510,Ryse: Son of Rome,2014-10-10,Crytek,windows,14966,2939,225,1000000-2000000,11.99
302590,Of Guards And Thieves,2014-07-16,Subvert Games,windows,2432,424,95,200000-500000,0.0
302610,Boson X,2014-09-15,Ian MacLarty;Jon Kerney,windows;mac;linux,1288,105,392,50000-100000,1.99
302670,Call to Arms,2018-04-27,Digitalmindsoft,windows,5787,2144,2550,500000-1000000,0.0
302710,BlazeRush,2014-10-28,Targem Games,windows;mac;linux,925,137,208,100000-200000,6.99
302730,Namariel Legends: Iron Lord Premium Edition,2014-07-09,Shaman Games Studio,windows;mac;linux,72,15,0,50000-100000,4.99
302790,Momodora III,2014-07-01,rdein,windows,752,60,318,50000-100000,1.59
302830,BLOCKADE 3D,2014-12-19,Novalink,windows,15821,11583,499,2000000-5000000,0.0
303210,The Beginner's Guide,2015-10-01,Everything Unlimited Ltd.,windows;mac;linux,12791,2036,120,200000-500000,6.99
303390,Dead Bits,2014-06-07,Microblast Games,windows;mac,4845,3470,272,1000000-2000000,0.79
303610,Suicide Guy,2017-07-14,Fabio Ferrara,windows;mac;linux,498,90,0,100000-200000,3.99
303790,Faery - Legends of Avalon,2014-06-16,Spiders Studio,windows,369,141,1,50000-100000,6.99
303800,The Witcher Adventure Game,2014-11-27,CD PROJEKT RED;Can Explode,windows;mac,638,172,26,100000-200000,6.99
304030,ArcheAge,2015-03-26,XLGAMES,windows,3195,3033,2107,1000000-2000000,0.0
304050,Trove,2015-07-09,Trion Worlds,windows;mac,47897,13708,2602,5000000-10000000,0.0
304240,Resident Evil / biohazard HD REMASTER,2015-01-19,"CAPCOM Co., Ltd.",windows,6313,661,604,500000-1000000,15.99
304350,Wildlife Park 2,2014-07-17,b-alive gmbh,windows,247,114,0,100000-200000,4.99
304390,FOR HONOR™,2017-02-13,Ubisoft Montreal;Ubisoft Quebec;Ubisoft Toronto;Blue Byte,windows,34790,25920,951,2000000-5000000,12.49
304410,Hexcells Infinite,2014-09-01,Matthew Brown,windows;mac;linux,1947,68,1697,100000-200000,3.99
304430,INSIDE,2016-07-07,Playdead,windows,19660,934,297,500000-1000000,14.99
304500,Rooms: The Main Building,2014-07-11,HandMade Game,windows;mac,128,26,1,50000-100000,7.19
304530,Agents of Mayhem,2017-08-15,Deep Silver Volition,windows,1808,1264,863,100000-200000,26.99
304650,SUNLESS SEA,2015-02-06,Failbetter Games,windows;mac;linux,5331,1103,417,500000-1000000,13.99
304730,Train Fever,2014-09-04,Urban Games,windows;mac;linux,1947,1143,130,200000-500000,14.99
304930,Unturned,2017-07-07,Smartly Dressed Games,windows;mac;linux,292574,31482,3248,20000000-50000000,0.0
305260,Battle Islands,2014-08-06,DR Studios,windows,2565,799,168,500000-1000000,0.0
305380,Blue Estate The Game,2015-04-08,HE SAW,windows,1068,104,0,50000-100000,9.99
305620,The Long Dark,2017-08-01,Hinterland Studio Inc.,windows;mac;linux,45856,4298,760,1000000-2000000,23.79
305640,Shattered Planet,2014-07-03,Kitfox Games,windows;mac,356,162,0,100000-200000,11.39
305980,Heavy Fire: Afghanistan,2014-08-15,Teyon,windows,154,136,96,50000-100000,1.99
306020,Bloons TD 5,2014-11-19,Ninja Kiwi,windows;mac,3808,347,1127,200000-500000,6.99
306040,The Howler,2014-07-03,Antanas Marcelionis;Renė Petrulienė,windows,1604,436,156,200000-500000,0.0
306130,The Elder Scrolls® Online,2017-05-22,Zenimax Online Studios,windows;mac,33719,11672,10659,1000000-2000000,14.99
306350,Slipstream 5000,2015-10-09,Gremlin Interactive;The Software Refinery,windows,245,89,214,100000-200000,2.09
306410,Crystals of Time,2014-06-13,RVL Games;exosyphen studios,windows,604,333,231,200000-500000,0.79
306660,Ultimate General: Gettysburg,2014-10-16,Game-Labs,windows;mac;linux,1896,424,106,200000-500000,10.99
306670,Overlord: Fellowship of Evil,2015-10-19,Codemasters,windows,116,357,157,50000-100000,11.99
306680,Lexica,2014-07-04,d3t,windows,233,75,9,100000-200000,3.99
306760,Obduction,2016-08-24,Cyan Inc.,windows;mac,1807,449,0,100000-200000,23.99
306930,BattleSpace,2015-01-07,Funnel Inc.,windows;mac;linux,24,46,0,100000-200000,0.0
307050,Shan Gui (山桂),2014-08-19,Magenta Factory,windows;mac;linux,1635,630,337,50000-100000,0.79
307070,Memories of a Vagabond,2014-07-07,Darkelite Studio Inc,windows,920,196,152,200000-500000,3.99
307090,Fancy Skulls,2014-06-16,tequibo,windows;mac,208,68,0,50000-100000,5.99
307110,We Need To Go Deeper,2017-02-08,Deli Interactive LLC,windows;mac;linux,1402,243,296,100000-200000,6.99
307170,Borealis,2014-09-02,Conrad Nelson,windows,301,192,132,50000-100000,3.99
307230,"I, Zombie",2014-12-08,Awesome Games Studio,windows,1735,349,107,200000-500000,1.59
307290,Velvet Sundown,2014-07-22,Tribe Studios,windows;mac,1149,774,41,500000-1000000,0.0
307340,Platypus,2014-08-15,Idigicon,windows,280,28,260,50000-100000,4.99
307350,Nux,2014-08-15,Idigicon,windows,176,273,170,200000-500000,4.99
307580,Technobabylon,2015-05-01,Technocrat Games,windows,812,44,129,100000-200000,10.99
307590,Penarium,2015-09-22,Self Made Miracle,windows;mac;linux,248,48,246,50000-100000,6.99
307620,Curses 'N Chaos,2015-08-18,Tribute Games Inc.,windows;mac,50,41,0,50000-100000,6.99
307640,Stick RPG 2: Director's Cut,2014-06-16,XGen Studios,windows;mac,331,97,1232,50000-100000,15.49
307670,Hard West,2015-11-18,CreativeForge Games,windows;mac;linux,2113,583,237,200000-500000,14.99
307690,Sleeping Dogs: Definitive Edition,2014-10-08,United Front Games;Feral Interactive (Mac),windows;mac,15529,1904,636,1000000-2000000,19.99
307760,Zoo Park,2014-06-13,Excalibur,windows,141,107,1,50000-100000,3.99
307780,Mortal Kombat X,2015-04-13,NetherRealm Studios;QLOC,windows,21484,7154,1030,1000000-2000000,15.99
307880,Savage Lands,2015-03-05,Last Bastion Studios LLC,windows;mac;linux,3196,2613,234,200000-500000,7.19
307960,IL-2 Sturmovik: Battle of Stalingrad,2014-10-22,1C Game Studios;777 Studios,windows,1571,653,997,100000-200000,39.99
308000,Gold Rush! Classic,2014-07-25,The Software Farm;Sunlight Games;Sierra Entertainment,windows,219,87,285,200000-500000,2.09
308040,Back to Bed,2014-08-06,Bedtime Digital Games,windows;mac;linux,1497,342,242,500000-1000000,4.49
308060,Black The Fall,2017-07-11,Sand Sailor Studio,windows,623,190,121,100000-200000,10.99
308330,Lost Chronicles of Zerzura,2014-07-10,Cranberry Production,windows,67,15,0,50000-100000,6.99
308420,Ziggurat,2014-10-23,Milkstone Studios,windows;mac;linux,2675,405,756,200000-500000,10.99
308460,War in a Box: Paper Tanks,2014-07-04,DQ Team,windows;mac;linux,131,53,38,50000-100000,3.99
308580,Orborun,2014-09-05,Tiny Lab Productions,windows;mac;linux,324,86,17,100000-200000,4.79
308600,Geneshift,2017-05-23,Nik Nak Studios,windows;linux,623,127,280,500000-1000000,11.39
310060,Knights of Pen and Paper 2,2015-10-20,Kyy Games,windows;mac;linux,912,160,553,100000-200000,5.59
310070,The Nightmare Cooperative,2014-07-16,Lucky Frame,windows;mac;linux,56,55,0,50000-100000,3.99
310080,Hatoful Boyfriend,2014-09-04,Mediatonic;Hato Moa;The Irregular Corporation,windows;mac;linux,5235,328,622,200000-500000,6.99
310360,Higurashi When They Cry Hou - Ch.1 Onikakushi,2015-05-15,07th Expansion,windows;mac;linux,1383,50,279,100000-200000,4.79
310370,The Way of Life Free Edition,2016-05-31,CyberCoconut;Fabio Ferrara,windows;mac;linux,5251,1821,13,1000000-2000000,0.0
310470,Grand Ages: Medieval,2015-09-25,Gaming Minds Studios,windows;mac;linux,705,902,684,50000-100000,14.99
310510,Deathtrap,2015-02-04,NeocoreGames,windows,920,219,35,100000-200000,14.99
310560,DiRT Rally,2015-12-07,Codemasters Racing Studio;Feral Interactive (Linux);Feral Interactive (Mac),windows;mac;linux,17632,2496,488,1000000-2000000,24.99
310700,Super Win the Game,2014-10-01,Minor Key Games,windows;mac;linux,438,54,260,100000-200000,5.59
310740,NEON STRUCT,2015-05-20,Minor Key Games,windows;mac;linux,180,43,385,50000-100000,11.99
310790,Geometry Wars™ 3: Dimensions Evolved,2014-11-25,Lucid Games;Aspyr (Mac & Linux),windows;mac;linux,910,100,2,100000-200000,11.99
310810,Shiftlings,2015-03-03,Rock Pocket Games,windows,52,18,294,50000-100000,10.99
310850,Onikira - Demon Killer,2015-08-27,Digital Furnace Games,windows,130,195,75,50000-100000,10.59
310890,Breach & Clear: Deadline Rebirth (2016),2015-07-20,Mighty Rabbit Studios;Gun Media,windows;mac;linux,405,365,11,100000-200000,6.99
310950,Street Fighter V,2016-02-15,Capcom,windows,8300,8498,793,500000-1000000,15.99
311010,The Way,2016-05-20,Puzzling Dream,windows;mac;linux,606,93,0,100000-200000,10.99
311210,Call of Duty®: Black Ops III,2015-11-05,Treyarch;Aspyr (Mac),windows;mac,36255,23157,4925,1000000-2000000,44.99
311240,Zero Escape: Zero Time Dilemma,2016-06-29,"Spike Chunsoft Co., Ltd.",windows,1382,128,1448,200000-500000,15.49
311250,Doorways: The Underworld,2014-09-17,Saibot Studios,windows;mac;linux,247,91,220,50000-100000,6.99
311260,The Guild 3,2017-09-26,Purple Lamp Studios;GolemLabs,windows,1257,1324,0,50000-100000,24.99
311290,SpellForce 3,2017-12-07,Grimlore Games;THQ Nordic,windows,2024,802,6,200000-500000,39.99
311310,Naval Action,2016-01-21,Game-Labs,windows,3117,2029,1536,100000-200000,29.99
311340,METAL GEAR SOLID V: GROUND ZEROES,2014-12-18,Kojima Productions,windows,7953,1692,320,500000-1000000,16.99
311480,Vertical Drop Heroes HD,2014-07-25,Nerdook Productions,windows;mac,569,123,656,200000-500000,4.99
311560,Assassin’s Creed® Rogue,2015-03-09,Ubisoft Sofia;Ubisoft Kiev,windows,4303,992,1240,200000-500000,16.99
311690,Enter the Gungeon,2016-04-05,Dodge Roll,windows;mac;linux,24947,1573,1625,1000000-2000000,10.99
311720,Sproggiwood,2014-10-24,Freehold Games,windows;mac;linux,366,81,168,100000-200000,10.99
311730,DEAD OR ALIVE 5 Last Round: Core Fighters,2015-03-30,"Team NINJA;KOEI TECMO GAMES CO., LTD.",windows,4659,2710,12927,500000-1000000,0.0
311770,LEGO® Pirates of the Caribbean: The Video Game,2014-10-06,Traveller's Tales,windows,435,102,144,50000-100000,15.49
311860,Data Hacker: Initiation,2014-07-21,New Reality Games,windows,115,52,268,200000-500000,1.99
311870,Super Trench Attack!,2014-07-24,Retro Army Limited,windows,992,80,148,50000-100000,3.99
312150,Wild Warfare,2014-07-15,Hyper Hippo Games,windows;mac,712,310,5,200000-500000,0.0
312280,Simply Chess,2015-09-11,BlueLine Games,windows;mac;linux,1456,490,34,200000-500000,0.0
312370,"Warhammer 40,000: Armageddon",2014-11-26,Flashback Games;The Lordz Games Studio,windows;mac,458,128,0,50000-100000,29.99
312450,Order of Battle: World War II,2015-04-30,The Artistocrats,windows;mac,801,350,134,200000-500000,0.0
312520,Rain World,2017-03-28,Videocult,windows,1497,263,803,100000-200000,14.99
312530,Duck Game,2015-06-04,Landon Podbielski,windows,16769,755,607,500000-1000000,9.99
312540,Ys VI: The Ark of Napishtim,2015-04-28,Nihon Falcom,windows,428,37,0,50000-100000,13.99
312610,METAL SLUG X,2014-10-02,SNK CORPORATION;DotEmu,windows,1544,164,533,200000-500000,5.59
312630,OTTTD,2014-08-06,SMG Studio,windows;mac;linux,176,58,0,50000-100000,5.79
312640,Power-Up,2014-08-29,Psychotic Psoftware,windows,146,96,422,100000-200000,1.99
312660,Sniper Elite 4,2017-02-13,Rebellion,windows,10885,1910,522,500000-1000000,39.99
312670,Strange Brigade,2018-08-27,Rebellion,windows,1329,388,490,50000-100000,39.99
312720,Khet 2.0,2014-10-01,BlueLine Games,windows;mac;linux,111,10,363,50000-100000,6.99
312750,FINAL FANTASY IV,2014-09-17,Square Enix;DotEmu SAS.,windows,877,183,1818,100000-200000,10.99
312780,Way of the Samurai 4,2015-07-23,ACQUIRE Corp.,windows,927,248,0,50000-100000,18.99
312790,Agarest: Generations of War 2,2015-02-19,Idea Factory,windows,125,74,0,50000-100000,14.99
312840,Fahrenheit: Indigo Prophecy Remastered,2015-01-28,Aspyr;Quantic Dream (original release),windows;mac;linux,2406,565,34,200000-500000,6.99
312970,My Ex-Boyfriend the Space Tyrant,2014-07-21,Up Multimedia,windows;mac;linux,76,31,0,50000-100000,10.99
312990,The Expendabros,2014-08-05,Free Lives,windows;mac,15084,425,85,2000000-5000000,0.0
313010,Cities XXL,2015-02-05,Focus Home Interactive,windows,575,1286,51,100000-200000,7.49
313020,Soul Gambler,2014-07-10,Ilex Games,windows,2089,288,256,100000-200000,1.99
313080,The Masterplan,2015-06-04,Shark Punch,windows;mac;linux,310,183,926,50000-100000,14.99
313120,Stranded Deep,2015-01-23,Beam Team Games,windows;mac;linux,15604,5459,272,500000-1000000,10.99
313140,Blackbay Asylum,2014-08-01,TAD Productions AB,windows,242,249,235,200000-500000,14.99
313160,Farming Simulator 15,2014-10-30,Giants Software,windows;mac,10219,1066,1902,500000-1000000,15.49
313340,Mountain,2014-08-18,David OReilly,windows;mac;linux,10936,1516,614,200000-500000,0.79
313400,REVOLVER360 RE:ACTOR,2014-10-24,Cross Eaglet,windows,258,15,263,50000-100000,6.99
313480,Blitzkrieg Anthology,2014-09-16,Nival,windows,495,65,14,100000-200000,3.99
313500,Blitzkrieg 2 Anthology,2014-09-16,Nival,windows,444,79,132,100000-200000,3.99
313630,The Solus Project,2016-06-07,Hourences;Grip Games,windows,1776,430,175,200000-500000,14.99
313650,Time Mysteries 2: The Ancient Spectres,2014-07-31,Artifex Mundi,windows;mac;linux,242,156,0,50000-100000,6.99
313690,LEGO® Batman™ 3: Beyond Gotham,2014-11-11,TT Games Ltd;Feral Interactive (Mac),windows,2269,375,443,200000-500000,19.99
313730,Sunrider: Mask of Arcadius,2014-07-09,Love in Space,windows;mac;linux,2375,174,287,500000-1000000,0.0
313740,Sakura Spirit,2014-07-09,Winged Cloud,windows;mac;linux,5905,1567,311,200000-500000,6.99
313830,See No Evil,2014-08-25,Gabriel Priske,windows,211,104,150,100000-200000,0.79
314000,Pool Nation FX Lite,2015-12-07,Cherry Pop Games,windows,777,442,22,500000-1000000,0.0
314010,Boid,2016-07-08,Mokus,windows,536,132,5,200000-500000,0.0
314020,Morphopolis,2014-08-14,Dan  Walters;Ceri Williams,windows,3846,749,219,200000-500000,2.89
314030,Guilty Gear X2 #Reload,2014-09-05,Arc System Works,windows,390,47,320,50000-100000,7.99
314070,Super Mega Baseball: Extra Innings,2015-08-21,Metalhead Software Inc.,windows,636,78,360,50000-100000,15.49
314160,Microsoft Flight Simulator X: Steam Edition,2014-12-18,Microsoft Game Studios,windows,8859,2282,991,1000000-2000000,19.99
314250,Jet Gunner,2014-08-04,Sinclair Strange,windows,464,137,90,100000-200000,0.79
314280,The Forgotten Ones,2014-07-17,Bernt Andreas Eide,windows;mac;linux,903,601,24,500000-1000000,0.0
314410,Rampage Knights,2015-09-04,Rake in Grass,windows;mac,2301,189,290,200000-500000,8.99
314510,Fall of the New Age Premium Edition,2014-07-25,Shaman Games Studio,windows;mac;linux,75,51,0,50000-100000,4.99
314520,Euro Fishing,2015-11-02,Dovetail Games,windows,896,571,0,50000-100000,14.99
314660,Oddworld: New 'n' Tasty,2015-02-25,"Just Add Water (Developments), Ltd.",windows;mac;linux,2020,284,215,200000-500000,14.99
314710,Mighty No. 9,2016-06-23,Comcept;Inti Creates,windows;mac;linux,1367,1389,28,200000-500000,15.99
314790,Silence,2016-11-15,Daedalic Entertainment,windows;mac;linux,1044,173,97,100000-200000,16.99
314810,Randal's Monday,2014-11-12,Nexus Game Studios,windows;mac,637,199,13,100000-200000,14.99
314830,Blackguards 2,2015-01-20,Daedalic Entertainment,windows;mac,490,247,151,200000-500000,11.49
314970,Age of Conquest IV,2016-04-05,Noble Master LLC,windows;mac;linux,1229,334,93,200000-500000,0.0
315060,Bloop Reloaded,2015-02-06,2SD,windows;linux,205,107,322,100000-200000,6.99
315330,All Guns On Deck,2015-08-28,DL Softworks,windows,140,207,244,100000-200000,9.99
315430,Polarity,2016-07-15,Bluebutton Games,windows,3932,942,156,500000-1000000,10.29
315460,Dig or Die,2018-07-10,Gaddy Games,windows,2777,285,0,100000-200000,9.29
315810,eden*,2015-01-30,minori,windows,1966,77,385,100000-200000,14.99
315930,Bravada,2014-08-22,Interbellum team,windows;mac;linux,47,9,0,50000-100000,6.99
316010,Magic Duels,2015-07-29,Stainless Games Ltd.,windows,16599,6912,1854,2000000-5000000,0.0
316160,Broken Sword 4 - the Angel of Death,2014-11-04,Sumo Digital Ltd,windows,63,90,0,50000-100000,4.99
316390,sZone-Online,2015-12-29,Cybertime System,windows,3205,4886,39,2000000-5000000,0.0
316430,Battle of Empires : 1914-1918,2015-07-22,Great War Team,windows;mac;linux,1092,571,0,50000-100000,5.99
316480,Shadow Puppeteer,2014-09-29,Sarepta studio,windows,98,30,0,50000-100000,10.99
316600,QP Shooting - Dangerous!!,2014-11-14,Orange_Juice,windows,349,27,207,50000-100000,5.59
316720,planetarian ~the reverie of a little planet~,2014-09-12,VisualArts/Key,windows,1475,37,69,50000-100000,6.99
316790,Grim Fandango Remastered,2015-01-26,Double Fine Productions,windows;mac;linux,4129,471,285,500000-1000000,10.99
317040,The Original Strife: Veteran Edition,2014-12-12,Rogue Entertainment,windows;mac;linux,329,28,288,50000-100000,6.99
317250,Airscape - The Fall of Gravity,2015-08-11,Cross-Product,windows;mac;linux,2006,425,1718,200000-500000,1.59
317280,Solstice,2016-03-23,MoaCube,windows;mac,114,32,0,50000-100000,14.99
317360,Double Action: Boogaloo,2014-10-23,Double Action Factory,windows;linux,9252,786,5852,2000000-5000000,0.0
317380,War on Folvos,2014-08-08,Lonely Troops,windows,47,23,0,50000-100000,2.79
317410,Color Symphony,2014-09-15,REMIMORY,windows,960,337,14,200000-500000,0.0
317470,Cubic Castles,2014-08-13,Cosmic Cow LLC,windows,2981,1176,93,500000-1000000,0.0
317620,Space Hulk: Ascension,2014-11-12,Full Control Studios,windows;mac;linux,508,212,225,100000-200000,22.99
317710,Velocibox,2014-09-08,Shawn Beck,windows;mac;linux,527,68,199,50000-100000,4.59
317820,Guild of Dungeoneering,2015-07-14,Gambrinous,windows;mac,1251,425,542,200000-500000,10.99
318020,Act of Aggression - Reboot Edition,2015-09-02,Eugen Systems,windows,1329,836,1416,100000-200000,23.99
318100,AXYOS,2018-08-01,Axyos Games,windows,1071,1007,320,200000-500000,3.99
318130,Doom & Destiny,2015-03-18,Heartbit Interactive,windows;mac,1580,54,0,50000-100000,6.99
318220,Enforcer: Police Crime Action,2014-10-24,Odin Game Studio,windows;mac,1028,1119,150,100000-200000,14.99
318230,Convoy,2015-04-21,Convoy Games,windows;mac;linux,813,212,77,100000-200000,9.99
318430,Squishy the Suicidal Pig,2014-10-23,Tomi Maarela;Elias Viglione,windows;mac,2998,569,52,200000-500000,4.79
318530,Wings of Vi,2014-11-28,Grynsoft,windows,826,156,143,50000-100000,10.99
318600,The Flame in the Flood,2016-02-24,The Molasses Flood,windows;mac,3612,1139,125,500000-1000000,14.99
319050,Chaos Reborn,2015-10-26,Snapshot Games Inc.,windows;mac;linux,745,218,0,50000-100000,6.99
319140,Xeodrifter™,2014-12-11,Renegade Kid,windows,414,150,0,50000-100000,6.99
319180,Platypus II,2014-08-15,Idigicon,windows,319,203,220,200000-500000,4.99
319230,Gold Rush! Anniversary,2014-11-07,Sunlight Games,windows;mac;linux,98,68,358,100000-200000,4.79
319250,Magicmaker,2014-09-22,Tasty Stewdios LLC,windows,410,42,0,50000-100000,6.99
319320,Time Mysteries 3: The Final Enigma,2014-09-11,Artifex Mundi,windows;mac;linux,266,41,0,50000-100000,6.99
319450,Chariot,2014-11-12,Frima Studio,windows,172,44,28,50000-100000,10.99
319470,Ninja Pizza Girl,2015-09-30,Disparity Games,windows;mac;linux,212,50,318,100000-200000,4.99
319480,Odallus: The Dark Call,2015-07-15,JoyMasher,windows,792,89,261,100000-200000,6.99
319510,Five Nights at Freddy's,2014-08-19,Scott Cawthon,windows,15784,2179,474,500000-1000000,3.99
319570,Heroes of SoulCraft - Arcade MOBA,2015-07-20,MobileBits,windows,191,293,11,200000-500000,0.0
319630,Life is Strange - Episode 1,2015-01-29,DONTNOD Entertainment;Feral Interactive (Mac);Feral Interactive (Linux),windows;mac;linux,118634,4496,412,5000000-10000000,0.0
319730,GRANADO ESPADA,2017-02-23,"HANBITSOFT, INC.;IMC GAMES CO.,LTD.",windows,95,105,3,100000-200000,0.0
319830,AX:EL - Air XenoDawn,2015-12-04,Alex Piola,windows,741,223,189,500000-1000000,0.0
319850,Bridge Constructor Medieval,2014-09-15,ClockStone,windows;mac;linux,292,61,48,50000-100000,6.99
319910,Trine 3: The Artifacts of Power,2015-08-20,Frozenbyte,windows;mac;linux,3619,1819,449,500000-1000000,15.99
319970,The Detail,2014-10-28,Rival Games Ltd,windows;mac;linux,403,143,289,100000-200000,2.09
320040,Moon Hunters,2016-03-10,Kitfox Games,windows;mac;linux,1458,440,794,100000-200000,11.39
320140,Absolute Drift,2015-07-29,Funselektor Labs Inc.;FlippFly,windows;mac;linux,1673,225,145,100000-200000,8.99
320150,Deadlings: Rotten Edition,2014-11-11,ONE MORE LEVEL,windows;mac;linux,225,47,188,50000-100000,2.79
320240,We Happy Few,2018-08-10,Compulsion Games,windows,3130,1333,308,100000-200000,44.99
320300,Car Mechanic Simulator 2015,2015-04-23,Red Dot Games,windows;mac,8238,827,680,500000-1000000,14.99
320320,Darkstone,2014-09-25,Delphine Software,windows,160,56,27375,50000-100000,3.99
320340,Cosmonautica,2015-07-31,Chasing Carrots,windows,503,498,196,100000-200000,6.99
320400,Magnifico,2014-12-02,Mixel,windows,64,47,6,50000-100000,3.99
320540,Coffin Dodgers,2015-07-08,Milky Tea Studios,windows;mac;linux,408,178,0,50000-100000,8.99
320820,Toren,2015-05-11,Swordtales,windows;mac,707,370,0,50000-100000,6.99
321030,One Day For Ched,2014-09-12,BS1 & BSL Team,windows,118,141,0,50000-100000,2.79
321150,Melissa K. and the Heart of Gold Collector's Edition,2014-09-19,SDP Games,windows;mac,499,195,182,200000-500000,7.99
321260,Wickland,2015-02-06,Mad Ram Software,windows,442,374,117,50000-100000,0.79
321270,UNLOVED,2016-09-29,BlueEagle Productions,windows,534,153,114,50000-100000,6.99
321360,Primal Carnage: Extinction,2015-04-03,Circle Five Studios;Pub Games,windows,2898,1123,166,200000-500000,9.99
321400,Supraball,2019-02-08,Supra Games,windows,1710,530,165,200000-500000,0.0
321480,Sigils of Elohim,2014-10-13,Croteam,windows;mac;linux,828,71,17,200000-500000,0.0
321800,Icewind Dale: Enhanced Edition,2014-10-30,Beamdog,windows;mac;linux,710,123,202,100000-200000,14.99
321840,Rising Angels: Reborn,2014-09-12,IDHAS Studios,windows;mac;linux,474,116,53,100000-200000,0.0
321870,Silence of the Sleep,2014-10-01,Jesse Makkonen,windows,388,131,217,100000-200000,3.99
321920,Schein,2014-10-09,Zeppelin Studio,windows,198,61,551,100000-200000,5.49
321950,Yury,2014-12-09,Cubic Pie,windows;mac;linux,236,242,225,100000-200000,1.59
321960,Might & Magic® Heroes® VII,2015-09-29,Limbic Entertainment,windows,1438,1665,0,100000-200000,33.99
322110,20XX,2017-08-16,Batterystaple Games;Fire Hose Games,windows,2591,205,166,200000-500000,10.99
322170,Geometry Dash,2014-12-22,RobTop Games,windows;mac,52737,2990,5546,1000000-2000000,2.79
322190,SteamWorld Heist,2016-06-07,Image & Form Games,windows;mac;linux,2660,121,388,200000-500000,10.99
322210,"Guns, Gore & Cannoli",2015-04-30,Crazy Monkey Studios;Claeysbrothers,windows;mac,1650,125,0,100000-200000,6.99
322290,Gurumin: A Monstrous Adventure,2015-03-30,Nihon Falcom;Mastiff,windows,513,48,454,50000-100000,6.99
322300,The Repopulation,2014-12-22,IF Studios,windows,633,430,0,50000-100000,14.99
322330,Don't Starve Together,2016-04-21,Klei Entertainment,windows;mac;linux,108601,4206,1070,5000000-10000000,10.99
322500,SUPERHOT,2016-02-25,SUPERHOT Team,windows;mac;linux,14847,2202,212,1000000-2000000,17.99
322540,Galactic Inheritors,2015-06-09,Crispon Games,windows,34,40,0,100000-200000,14.99
322680,BLACKHOLE,2015-02-27,FiolaSoft Studio,windows;mac;linux,633,84,4,100000-200000,5.99
322770,Vanishing Realms™,2016-04-05,Indimo Labs LLC,windows,2132,132,0,100000-200000,15.49
322780,Worlds Adrift,2017-05-24,Bossa Studios,windows,2621,1096,592,100000-200000,19.49
322850,Pro Cycling Manager 2015,2015-06-18,Cyanide Studio,windows,192,133,0,50000-100000,11.99
322910,"Warhammer 40,000: Regicide",2015-09-08,Hammerfall Publishing,windows,1158,468,87,100000-200000,7.19
322970,Subject 13,2015-05-28,Paul Cuisset,windows;mac,132,85,8,50000-100000,6.99
323060,Tharsis,2016-01-11,Choice Provisions,windows;mac,1397,616,272,200000-500000,10.99
323190,Frostpunk,2018-04-24,11 bit studios,windows,22952,3202,1084,1000000-2000000,24.99
323220,Vagante,2018-02-21,Nuke Nine,windows;mac;linux,1662,195,0,100000-200000,10.99
323280,Sea Legends: Phantasmal Light Collector's Edition,2014-09-17,Shaman Games Studio,windows,64,16,0,50000-100000,3.99
323320,Grow Home,2015-02-04,"Reflections, a Ubisoft Studio",windows;linux,3855,382,142,200000-500000,6.69
323380,The Magic Circle,2015-07-09,Question,windows;mac;linux,1048,83,75,100000-200000,14.99
323460,Raiden IV: OverKill,2015-09-02,"Moss Co., Ltd.",windows,314,53,6,50000-100000,10.99
323470,DRAGON BALL XENOVERSE,2015-02-26,DIMPS,windows,12601,1680,2575,500000-1000000,31.99
323580,Jotun: Valhalla Edition,2015-09-29,Thunder Lotus Games,windows;mac;linux,5325,1470,203,2000000-5000000,11.39
323630,Ubinota,2015-03-04,Rotateam,windows,172,14,0,50000-100000,0.0
323720,Decay: The Mare,2015-02-13,Shining Gate Software,windows;mac;linux,713,258,49,100000-200000,3.99
323850,Move or Die,2016-01-21,Those Awesome Guys,windows;mac;linux,8633,1245,299,500000-1000000,10.99
324070,iO,2014-12-05,Gamious,windows;mac;linux,145,32,53,50000-100000,3.99
324080,Rising World,2014-12-03,JIW-Games,windows;mac;linux,2557,605,0,100000-200000,10.99
324160,CLANNAD,2015-11-23,VisualArts/Key,windows,1900,40,188,50000-100000,29.99
324260,VoidExpanse,2015-04-02,AtomicTorch Studio,windows;mac;linux,458,189,0,50000-100000,10.99
324310,Bus Simulator 16,2016-03-02,stillalive studios,windows;mac,1415,889,273,100000-200000,13.49
324570,Halo: Spartan Strike,2015-04-16,343 Industries;Vanguard Games,windows,528,106,6,100000-200000,1.99
324650,Gemini: Heroes Reborn,2016-01-18,Phosphor Games,windows,285,83,0,50000-100000,3.99
324680,Impossible Creatures Steam Edition,2015-11-11,Relic Entertainment;THQ Nordic,windows,731,34,0,50000-100000,8.99
324740,The Warlock of Firetop Mountain,2016-08-30,Tin Man Games,windows;mac;linux,345,103,237,100000-200000,14.99
324760,Monster Truck Destruction,2015-07-10,ODD Games,windows;mac,137,167,15,50000-100000,3.99
324800,Shadow Warrior 2,2016-10-13,Flying Wild Hog,windows,10152,1406,993,200000-500000,34.99
324810,TOXIKK™,2016-09-10,Reakktor Studios,windows,3865,1182,50,500000-1000000,0.0
325090,Deep Dungeons of Doom,2014-10-14,Bossa Studios,windows;mac,440,115,188,200000-500000,3.99
325180,AppGameKit: Easy Game Development,2014-11-21,The Game Creators,windows;mac;linux,225,27,1,50000-100000,60.99
325370,Nova-111,2015-08-25,Funktronic Labs,windows;mac,116,30,406,50000-100000,3.99
325420,Homebrew - Patent Unknown,2014-11-14,Copybugpaste,windows,591,184,0,50000-100000,13.99
325610,Total War: ATTILA,2015-02-17,CREATIVE ASSEMBLY,windows;mac;linux,12297,4469,2147,1000000-2000000,29.99
326120,Horizon Shift,2015-05-29,Flump Studios,windows,228,60,216,200000-500000,3.99
326160,Shroud of the Avatar: Forsaken Virtues,2018-03-27,Portalarium,windows;mac;linux,1065,1017,54618,50000-100000,0.0
326180,Sinister City,2014-10-20,Jetdogs Studios,windows,942,484,236,100000-200000,0.79
326190,Alchemy Mysteries: Prague Legends,2014-12-22,Jetdogs Studios,windows;linux,775,231,245,100000-200000,1.59
326340,River City Super Sports Challenge ~All Stars Special~,2015-12-17,Arc System Works,windows,432,197,0,50000-100000,14.99
326360,Warspear Online,2017-11-02,AIGRIND,windows;mac;linux,605,270,21,200000-500000,0.0
326410,Windward,2015-05-12,Tasharen Entertainment Inc.,windows;mac;linux,2203,552,1064,200000-500000,6.99
326460,ShellShock Live,2015-03-11,kChamp Games,windows;mac;linux,11426,1264,1218,1000000-2000000,4.99
326480,If My Heart Had Wings,2014-11-24,MoeNovel,windows,2780,219,784,100000-200000,10.99
326670,Warhammer Quest,2015-01-07,Rodeo Games;Twistplay,windows;mac;linux,516,246,5934,50000-100000,10.99
326730,Whisper of a Rose,2014-11-14,RosePortal Games,windows,37,39,105,50000-100000,6.99
326950,Sword of Asumi,2015-01-08,Straywire,windows;mac;linux,258,90,435,50000-100000,7.19
326960,Killing Floor - Toy Master,2014-10-16,David Hensley;Alex Quick,windows;mac;linux,21,2,1,500000-1000000,0.0
327010,Motorama,2014-11-21,251 Games,windows,116,210,0,100000-200000,14.99
327030,Worms W.M.D,2016-08-23,Team17 Digital Ltd,windows;mac;linux,2132,528,424,200000-500000,19.99
327070,Gloria Victis,2016-06-09,Black Eye Games,windows,2646,1211,379,100000-200000,14.99
327090,Out of Reach,2018-07-13,Space Boat Studios,windows;mac;linux,1512,905,868,50000-100000,10.99
327140,Tilt Brush,2016-04-05,Google,windows,796,26,92,100000-200000,14.99
327220,Anna's Quest,2015-07-02,Daedalic Entertainment,windows;mac;linux,875,119,133,100000-200000,14.99
327310,The Marvellous Miss Take,2014-11-20,Wonderstruck,windows;mac,235,46,510,50000-100000,14.99
327400,Sid Meier's Colonization (Classic),2014-10-09,"MicroProse Software, Inc",windows;mac;linux,272,30,0,50000-100000,4.99
327410,A Bird Story,2014-11-07,Freebird Games,windows;mac;linux,5987,1147,257,200000-500000,2.79
327510,WASTED,2016-06-07,Mr. Podunkian,windows,742,241,172,100000-200000,9.99
327640,CaesarIA,2015-01-20,rdt.32,windows;mac;linux,767,451,13,200000-500000,0.0
327860,Salt,2018-02-06,Lavaboots Studios,windows,1234,340,0,50000-100000,11.39
327890,I am Bread,2015-04-09,Bossa Studios,windows;mac,4088,1174,146,500000-1000000,9.99
328080,Rise to Ruins,2014-10-27,Raymond Doerr,windows;mac;linux,2850,279,432,200000-500000,6.99
328100,Gunspell - Steam Edition,2014-11-07,Ino-Co Plus,windows;mac;linux,150,125,0,100000-200000,9.99
328270,Leviathan: The Last Day of the Decade,2014-11-18,Lostwood,windows;mac;linux,462,105,0,50000-100000,10.99
328500,Potatoman Seeks the Troof,2014-12-03,Pixeljam,windows;mac,398,142,365,100000-200000,2.79
328600,Frozen Synapse Prime,2014-11-14,Double Eleven,windows,189,103,0,50000-100000,18.99
328760,SanctuaryRPG: Black Edition,2015-02-13,Black Shell Games,windows,1218,96,334,100000-200000,5.79
329000,Data Hacker: Corruption,2014-10-22,New Reality Games,windows,40,43,290,200000-500000,1.99
329020,Battlegrounds of Eldhelm,2014-10-22,Essence Ltd.,windows;mac,138,59,10,100000-200000,0.0
329050,Devil May Cry® 4 Special Edition,2015-06-23,"CAPCOM Co., Ltd.",windows,5036,509,432,500000-1000000,19.99
329110,Gems of War - Puzzle RPG,2014-11-20,Infinity Plus 2,windows,3198,988,503,200000-500000,0.0
329130,Reassembly,2015-02-19,Anisoptera Games,windows;mac;linux,2258,173,4,100000-200000,11.39
329380,Stealth Inc 2: A Game of Clones,2015-04-30,Carbon,windows,650,198,234,200000-500000,12.99
329430,State of Decay: YOSE,2015-04-27,Undead Labs,windows,3894,1224,676,200000-500000,22.99
329440,Sonic Lost World,2015-11-02,Sonic Team,windows,1000,612,11,100000-200000,19.99
329460,JumpJet Rex,2015-04-21,TreeFortress Games,windows;mac;linux,390,40,26,100000-200000,6.99
329490,Phantom Breaker: Battle Grounds,2015-01-23,MAGES. Inc.,windows,2220,425,121,100000-200000,8.99
329830,The Moon Sliver,2014-10-28,David Szymanski,windows,589,218,0,50000-100000,1.59
329860,Catlateral Damage,2015-05-27,Chris Chung;Fire Hose Games,windows;mac;linux,858,98,1518,50000-100000,6.99
330180,Pix the Cat,2015-01-29,Pastagames,windows;mac;linux,239,60,247,50000-100000,6.99
330350,Robotex,2014-11-19,YFYX GAMES,windows;mac;linux,286,609,116,100000-200000,3.99
330390,Grandia® II Anniversary Edition,2015-08-24,"GAME ARTS Co., Ltd.;SkyBox Labs",windows,1061,102,225,50000-100000,14.99
330420,The Interactive Adventures of Dog Mendonça & Pizzaboy®,2016-03-03,OKAM Studio,windows;mac;linux,122,35,0,50000-100000,10.99
330570,Noct,2015-10-21,C3SK,windows;mac;linux,317,208,0,50000-100000,6.99
330580,Shark Attack Deathmatch 2,2015-05-28,Lighthouse Games Studio,windows,1101,337,0,100000-200000,1.99
330660,Luna's Wandering Stars,2015-05-15,Serenity Forge,windows;mac,51,32,0,50000-100000,6.99
330820,2064: Read Only Memories,2015-10-06,"MidBoss, LLC.",windows;mac;linux,872,240,326,200000-500000,14.99
330830,Tales from the Borderlands,2014-11-25,Telltale Games,windows;mac,14338,697,524,1000000-2000000,11.99
330990,Demon Hunter: Chronicles from Beyond,2014-12-04,Brave Giant LTD,windows;mac;linux,180,105,248,50000-100000,6.99
331120,Passing Pineview Forest,2014-11-21,VIS-Games,windows,1100,530,1,200000-500000,0.0
331190,Master Spy,2015-09-08,TURBOGUN,windows;mac,200,47,13,50000-100000,6.99
331360,Heavy Metal Machines,2018-09-19,Hoplon,windows,1826,747,46,500000-1000000,0.0
331440,bit Dungeon II,2014-12-15,Kinto Games LLC,windows;mac,1599,346,113,100000-200000,2.79
331470,Everlasting Summer,2014-11-19,Soviet Games,windows;mac;linux,31230,1538,249,1000000-2000000,0.0
331480,Pinstripe,2017-04-24,Thomas Brush,windows;mac;linux,1073,126,449,100000-200000,10.99
331500,Executive Assault,2015-07-17,Hesketh Studios Ltd,windows,1180,185,363,50000-100000,10.29
331600,One Piece Pirate Warriors 3,2015-08-27,"KOEI TECMO GAMES CO., LTD.",windows,4456,962,311,200000-500000,31.99
331650,Carmageddon TDR 2000,2014-12-04,Torus Games,windows,178,75,0,50000-100000,2.99
331670,The Jackbox Party Pack,2014-11-26,"Jackbox Games, Inc.",windows;mac;linux,774,72,30,200000-500000,18.99
331690,Crossing Souls,2018-02-13,Fourattic,windows;mac;linux,610,132,257,50000-100000,10.99
331790,Data Hacker: Reboot,2015-04-17,New Reality Games,windows,107,65,222,200000-500000,3.99
331870,AER Memories of Old,2017-10-25,Forgotten Key,windows;mac;linux,1473,284,73,50000-100000,13.49
331980,Last Inua,2014-12-11,Glowforth,windows;mac,97,80,222,50000-100000,5.99
332070,School of Dragons,2014-12-04,"JumpStart Games, Inc.",windows;mac,1851,1778,272,1000000-2000000,0.0
332200,Axiom Verge,2015-05-14,Thomas Happ Games LLC,windows;mac;linux,3084,187,377,100000-200000,14.99
332310,LEGO® Worlds,2017-03-07,TT Games;Traveller's Tales,windows,9013,2738,723,500000-1000000,24.99
332360,Spriter Pro,2014-11-14,BrashMonkey,windows;mac;linux,208,55,0,100000-200000,44.99
332480,Phoenix Force,2014-11-13,Awoker Games,windows,486,93,333,50000-100000,2.79
332500,GRAV,2015-01-08,"BitMonster, Inc.",windows,3484,3010,509,500000-1000000,14.99
332530,Shutshimi,2015-08-25,Neon Deity Games,windows;mac;linux,68,42,0,50000-100000,3.99
332570,Amazing Frog?,2014-11-21,Fayju,windows;mac;linux,1514,242,646,200000-500000,12.39
332700,Mike was Сursed,2018-04-19,Bogdan Sychkov,windows,47,14,263,50000-100000,9.29
332710,1Quest,2014-12-03,Ratz 'N' Godz;Storybird Games,windows,82,67,55,50000-100000,2.89
332780,National Zombie Park,2014-12-15,Paper Games,windows,59,96,210,100000-200000,0.79
332790,Darkness Assault,2015-02-06,Black Lime Studio,windows,201,255,276,200000-500000,0.79
332800,Five Nights at Freddy's 2,2014-11-10,Scott Cawthon,windows,8032,851,171,500000-1000000,5.79
332950,Dark Deception,2018-09-26,Glowstick Entertainment,windows,961,118,24,100000-200000,0.0
333120,Inside The Gear,2014-11-21,Mykhail Konokh,windows,41,59,239,50000-100000,1.59
333210,Kaiju-A-GoGo,2015-04-23,Kerberos Productions Inc.,windows,181,90,67,50000-100000,7.19
333220,Cherry Tree High I! My! Girls!,2014-11-20,773,windows,102,42,415,50000-100000,2.79
333250,Forward to the Sky,2015-01-29,Animu Game,windows;mac;linux,1425,284,453,200000-500000,5.59
333420,Cossacks 3,2016-09-20,GSC Game World,windows;linux,4298,1432,596,500000-1000000,14.99
333600,NEKOPARA Vol. 1,2014-12-29,NEKO WORKs,windows,16160,740,526,500000-1000000,6.99
333640,Caves of Qud,2015-07-15,Freehold Games,windows;mac;linux,1498,46,171,50000-100000,11.39
333930,Dirty Bomb®,2015-06-01,Splash Damage,windows,43743,10891,715,5000000-10000000,0.0
333950,Medieval Engineers,2015-02-19,Keen Software House,windows,3233,1376,11517,200000-500000,12.99
333980,AKIBA'S TRIP: Undead ＆ Undressed,2015-05-26,ACQUIRE Corp.,windows,2112,297,409,100000-200000,14.99
334030,Epic Arena,2015-05-05,Shadow Masters,windows,195,98,14,100000-200000,0.0
334040,Down To One,2016-01-07,Gadget Games,windows,868,1357,206,100000-200000,0.79
334070,Hektor,2015-03-13,Rubycone,windows;mac,598,334,64,200000-500000,6.99
334210,Fortified,2016-02-03,Clapfoot,windows,986,310,257,500000-1000000,10.99
334230,Town of Salem,2014-12-15,BlankMediaGames,windows;mac,13329,2112,2101,500000-1000000,3.99
334300,Fake Colours,2015-01-01,Beyond-Limits-Games;FCG,windows;mac;linux,110,20,301,100000-200000,1.99
334420,Out There: Ω Edition,2015-04-02,Mi-Clos Studio,windows;mac;linux,852,256,154,50000-100000,10.99
334920,Zero-K,2018-04-27,Zero-K Team,windows,873,87,453,200000-500000,0.0
335000,Tormentum - Dark Sorrow,2015-03-04,OhNoo Studio,windows;mac,1824,110,255,50000-100000,9.29
335150,Magic Barrage - Bitferno,2015-01-01,Gameguyz,windows,229,437,9,200000-500000,0.0
335240,Transformice,2015-01-30,Atelier 801,windows;mac,11701,2227,320,2000000-5000000,0.0
335300,DARK SOULS™ II: Scholar of the First Sin,2015-04-01,"FromSoftware, Inc",windows,25959,4289,3189,1000000-2000000,29.99
335330,Brick-Force,2014-12-11,Exe Games Inc.,windows,1702,2664,41,500000-1000000,0.0
335430,Grimoire: Manastorm,2017-10-26,Omniconnection,windows,715,317,192,200000-500000,0.0
335620,Star Traders: Frontiers,2018-07-31,Trese Brothers,windows;mac;linux,1298,167,761,100000-200000,11.39
335670,LISA,2014-12-15,Dingaling,windows;mac;linux,7450,344,882,200000-500000,6.99
335700,I am Weapon: Revival,2015-10-23,Krealit,windows,152,72,0,50000-100000,11.99
335820,Dream Of Mirror Online,2015-08-14,SoftStar,windows,242,211,5237,100000-200000,0.0
335840,Goats on a Bridge,2015-02-06,Cabygon,windows,115,36,0,50000-100000,3.99
335900,Angels of Fasaria: Version 2.0,2014-12-09,Fasaria Works,windows,22,28,308,50000-100000,3.99
336040,Combat Monsters,2015-01-20,Rubicon Development,windows,124,53,0,100000-200000,0.0
336280,Chronicles of a Dark Lord: Episode 1 Tides of Fate Complete,2014-12-19,Kisareth Studios,windows,58,28,202,50000-100000,0.79
336420,Bloodsports.TV,2015-03-30,Toadman Interactive;Fatshark,windows,365,100,104,100000-200000,6.99
336520,Might & Magic Heroes Online,2015-11-24,Blue Byte,windows;mac;linux,276,417,228,200000-500000,0.0
336610,Outcast 1.1,2014-12-18,Fresh3D,windows,384,35,0,50000-100000,4.79
336670,HIT,2015-02-09,Shifty Chair Games,windows,186,323,5,200000-500000,0.0
337000,Deus Ex: Mankind Divided,2016-08-23,Eidos Montreal;Feral Interactive (Linux);Feral Interactive (Mac),windows;mac;linux,16023,7344,798,1000000-2000000,19.99
337150,Sentinels of the Multiverse,2014-12-22,Handelabra Games Inc.,windows;mac;linux,644,103,186,100000-200000,6.99
337180,Velocity 2X,2015-08-19,FuturLab,windows,55,31,346,50000-100000,14.99
337320,Paint the Town Red,2015-10-13,South East Games,windows;mac;linux,4752,489,554,200000-500000,11.39
337340,Finding Paradise,2017-12-14,Freebird Games,windows;mac;linux,6578,123,166,200000-500000,6.99
337360,Dead Island Retro Revenge,2016-05-31,Empty Clip Studios,windows,91,78,339,100000-200000,3.99
337410,Karos,2014-12-24,Galaxy Gate,windows,183,154,1,200000-500000,0.0
337420,Final Dusk,2014-12-12,Light Echo,windows,239,78,386,100000-200000,1.99
337630,Bermuda,2015-03-17,InvertMouse,windows;mac;linux,116,97,283,50000-100000,2.09
337950,The SKIES,2016-04-16,Eforb,windows,1706,2059,51,1000000-2000000,0.0
338050,Anoxemia,2015-01-16,BSK Games,windows;mac;linux,242,128,274,100000-200000,2.79
338120,Marble Duel,2015-11-12,HeroCraft Krasnodar,windows;linux,157,79,200,50000-100000,3.99
338130,Strategy & Tactics: Wargame Collection,2016-04-22,HeroCraft,windows;mac,131,60,0,50000-100000,6.99
338140,Venetica - Gold Edition,2015-01-23,Deck13,windows,234,70,39,50000-100000,6.99
338170,Ratz Instagib,2016-07-27,Lino Slahuschek,windows;mac,2140,365,85,100000-200000,6.99
338180,Batla,2015-05-14,[geim].pro,windows,1684,1180,135,500000-1000000,0.0
338320,Pixel Heroes: Byte & Magic,2015-02-06,The Bitfather,windows;mac;linux,294,78,1027,50000-100000,6.99
338390,The Technomancer,2016-06-28,Spiders,windows,1232,565,67,100000-200000,23.99
338530,Trouble In The Manor,2015-11-17,Charyb Games,windows,181,128,268,200000-500000,0.79
338540,Navy Field 2 : Conqueror of the Ocean,2015-03-05,SDEnterNet,windows,599,714,39,500000-1000000,0.0
338550,Terra Lander,2015-02-06,DM Media;Dark Computer Entertainment Ltd.,windows,122,81,0,200000-500000,2.09
338810,Demise of Nations,2017-08-08,Noble Master LLC,windows;mac;linux,229,65,0,100000-200000,0.0
339120,Fork Parker's Holiday Profit Hike,2014-12-18,Dodge Roll,windows;mac,510,107,14,200000-500000,0.0
339160,Tales of the Orient: The Rising Sun,2015-02-27,Green Sauce Games,windows;mac;linux,272,49,359,50000-100000,6.99
339190,Dead Synchronicity: Tomorrow Comes Today,2015-04-10,Fictiorama Studios,windows;mac;linux,582,105,0,50000-100000,7.99
339200,Oceanhorn: Monster of Uncharted Seas,2015-03-17,Cornfox & Bros.,windows;mac,1214,312,140,100000-200000,10.99
339230,ZOMBI,2015-08-18,Straight Right,windows,1066,576,145,100000-200000,16.99
339280,Strife®,2015-05-22,S2 Games,windows;mac;linux,3677,1197,150,1000000-2000000,0.0
339290,Castle,2015-01-07,Snails Animation,windows,163,83,174,50000-100000,3.99
339340,Resident Evil 0 / biohazard 0 HD REMASTER,2016-01-19,"CAPCOM Co., Ltd.",windows,2196,393,132,200000-500000,15.99
339350,Choice of Robots,2014-12-19,Choice of Games,windows;mac;linux,1719,50,0,50000-100000,4.79
339400,Runestone Keeper,2015-03-02,Blackfire Games,windows;mac,1924,328,644,200000-500000,6.99
339470,Retention,2015-01-13,Sometimes You,windows,218,438,187,200000-500000,0.79
339580,Ember,2016-09-09,N-Fusion Interactive,windows,439,138,0,50000-100000,6.99
339600,VEGA Conflict,2015-12-14,KIXEYE,windows;mac,1471,1322,5448,500000-1000000,0.0
339610,Freestyle 2: Street Basketball,2015-04-01,Joycity,windows,5781,2192,1571,2000000-5000000,0.0
339790,rFactor,2015-03-02,Image Space Incorporated,windows,289,51,0,50000-100000,18.99
339800,HuniePop,2015-01-19,HuniePot,windows;mac;linux,17761,711,2741,500000-1000000,6.99
339820,Starwalker,2014-12-23,MP Game Studios,windows,11,18,289,50000-100000,1.59
340000,Headlander,2016-07-25,Double Fine Productions,windows;mac,575,63,0,50000-100000,14.99
340050,Survivalist,2015-01-30,Bob,windows,1605,410,50,200000-500000,3.99
340070,Battle Ranch: Pigs vs Plants,2015-02-02,Playboom,windows;mac;linux,408,411,282,100000-200000,0.79
340120,Moorhuhn (Crazy Chicken),2015-02-05,Doyodo,windows,209,29,0,50000-100000,1.59
340150,Basement,2015-04-30,Halfbus,windows;mac;linux,1026,283,1388,50000-100000,6.99
340170,FINAL FANTASY TYPE-0™ HD,2015-08-18,Square Enix,windows,1447,956,73,100000-200000,19.99
340200,Bloop,2015-01-16,2SD,windows,153,197,2,200000-500000,3.99
340270,TIMEframe,2015-07-07,Random Seed Games,windows;mac,362,173,0,100000-200000,4.79
340300,Teddy Floppy Ear - Mountain Adventure,2015-01-09,Forever Entertainment S. A.,windows;mac;linux,510,62,306,100000-200000,3.99
340310,Teddy Floppy Ear - Kayaking,2015-01-16,Forever Entertainment S. A.,windows;mac;linux,371,96,271,100000-200000,3.99
340320,Sinless + OST,2015-12-16,MGP Studios,windows;mac,142,58,218,50000-100000,3.99
340350,Quintet,2015-05-11,Carmine T. Guida,windows;mac;linux,273,90,9,100000-200000,0.0
340460,Spartans Vs Zombies Defense,2015-01-06,Lei,windows;mac;linux,328,399,0,100000-200000,0.0
340490,Subterrain,2016-01-21,Pixellore,windows,679,173,162,50000-100000,12.99
340540,TDP4:Team Battle,2015-03-12,JAVELIN OÜ,windows,261,347,36,200000-500000,0.0
340730,Sunrider Academy,2015-04-15,Love in Space,windows;mac;linux,814,151,322,50000-100000,6.99
340810,Deepworld,2015-04-22,Bytebin,windows,414,296,374,200000-500000,0.0
340830,Razenroth,2015-08-28,Enitvare,windows;linux,380,84,200,50000-100000,3.99
340860,RaidersSphere4th,2015-06-01,Rectangle,windows,92,31,296,50000-100000,14.99
341000,Mad Games Tycoon,2016-09-13,Eggcode,windows;mac,3211,362,185,200000-500000,10.99
341060,The Lady,2015-01-29,Mikeypoo's Games;Roger Levy,windows,86,97,149,50000-100000,0.0
341090,On A Roll 3D,2015-02-12,Battenberg Software,windows;mac;linux,203,27,86,50000-100000,2.79
341160,Steam Heroes,2015-01-30,ProjectorGames,windows,29,63,262,50000-100000,4.99
341310,Greyfox RPG,2015-02-23,Lesley Dodd,windows,1145,413,200,200000-500000,1.59
341500,Camera Obscura,2015-02-19,Anteater Games,windows,1090,418,213,200000-500000,1.59
341720,Among Ripples,2015-01-22,Eat Create Sleep,windows;mac;linux,911,393,6,200000-500000,0.0
341780,Chronicles of a Dark Lord: Episode II War of The Abyss,2015-01-16,Kisareth Studios,windows,31,19,257,50000-100000,1.69
341800,Keep Talking and Nobody Explodes,2015-10-08,Steel Crate Games,windows;mac;linux,5745,115,196,500000-1000000,10.99
341860,SickBrick,2015-01-30,Maxwolf;Fox,windows;mac;linux,120,91,0,50000-100000,14.99
341940,Hatred,2015-06-01,Destructive Creations,windows;linux,5473,1560,206,200000-500000,4.79
341980,Dispatcher,2015-11-12,CivilSavages,windows,443,349,287,100000-200000,3.19
342020,BiT Evolution,2015-06-09,Major Games,windows;mac,85,61,0,50000-100000,6.99
342150,Games of Glory,2017-04-25,Lightbulb Crew,windows,328,254,74,200000-500000,0.0
342180,Arizona Sunshine,2016-12-06,Vertigo Games;Jaywalkers Interactive,windows,3164,550,128,200000-500000,29.99
342200,MechWarrior Online™ Solaris 7,2015-12-10,Piranha Games Inc.,windows,4262,1418,812,1000000-2000000,0.0
342230,Air Guardians,2015-01-28,Lazy Bum Games,windows,70,87,0,50000-100000,0.79
342260,Nevermind,2015-09-29,Flying Mollusk,windows;mac,241,82,0,50000-100000,15.49
342300,Zombie Kill of the Week - Reborn,2015-03-13,Still Running,windows;mac,736,63,0,50000-100000,4.99
342380,Sakura Angels,2015-01-16,Winged Cloud,windows;mac;linux,1759,307,688,200000-500000,6.99
342480,Gunscape,2016-03-01,Blowfish Studios,windows;mac;linux,820,354,175,200000-500000,0.0
342560,Airships: Conquer the Skies,2018-08-16,David Stark,windows;mac;linux,2066,111,218,50000-100000,11.39
342570,HIS (Heroes In the Sky),2015-03-03,GameUS Inc.,windows,191,303,59,200000-500000,0.0
342580,12 Labours of Hercules,2015-03-23,Jetdogs Studios;Zoom Out Games,windows;mac;linux,2391,156,298,100000-200000,1.99
342620,"It came from space, and ate our brains",2015-03-19,Triangle Studios,windows;mac,361,71,0,50000-100000,6.99
342630,Witch's Pranks: Frog's Fortune Collector's Edition,2015-01-15,Shaman Games Studio,windows;mac,114,22,0,50000-100000,4.99
342640,Pixel Privateers,2017-02-21,Quadro Delta,windows,614,232,0,50000-100000,10.99
342970,Pixel Survivors,2016-05-05,Sachonski;Renamilanesi;Sith,windows,155,84,270,50000-100000,2.79
342980,Destination Sol,2015-02-05,MovingBlocks,windows;mac;linux,1038,264,72,200000-500000,0.0
343100,Overture,2015-02-02,Black Shell Games,windows,869,236,419,200000-500000,3.99
343280,Zotrix,2015-07-24,ZeroBit Games,windows;mac;linux,120,69,325,50000-100000,9.99
343340,Tiamat X,2015-05-29,BBQ Games,windows,38,63,178,50000-100000,1.59
343360,Particula,2015-02-02,Microblast Games,windows;mac,1344,622,281,500000-1000000,0.79
343440,Crash Drive 2,2015-05-28,M2H,windows;mac;linux,625,101,371,50000-100000,3.99
343560,Bob Was Hungry,2015-08-19,Shorebound Studios,windows,384,52,14,50000-100000,6.99
343630,CroNix,2015-07-17,MAGICS,windows,209,244,15,200000-500000,0.0
343710,Kholat,2015-06-09,IMGN.PRO,windows,2593,1188,276,1000000-2000000,14.99
343740,InMind VR,2015-01-19,Luden.io,windows;mac;linux,307,81,1,200000-500000,0.0
343750,Firefly Online Cortex,2015-01-29,Spark Plug Games,windows;mac,272,304,0,100000-200000,0.0
343800,Shadowgate: MacVenture Series,2015-01-26,Zojoi,windows;mac,26,13,168,50000-100000,1.99
343860,Tacoma,2017-08-01,Fullbright,windows;mac;linux,2051,352,132,100000-200000,14.99
343930,Fort Defense,2015-05-22,Creobit,windows;mac,144,59,317,100000-200000,3.99
344040,Voxelized,2017-04-05,Lord Kres,windows,1171,2461,191,200000-500000,2.79
344130,Cataegis : The White Wind,2015-09-25,Acido Cinza,windows,236,115,299,100000-200000,3.99
344190,Immortal Empire,2015-12-03,Tactic Studios Inc.,windows,182,78,114,100000-200000,0.0
344230,Pixel Puzzles 2: Birds,2015-02-20,DL Softworks,windows,177,52,271,200000-500000,6.99
344300,Heckabomb,2015-02-27,Allicorn Games,windows,171,92,216,200000-500000,4.99
344740,CRYPTARK,2017-06-20,Alientrap,windows;mac;linux,621,112,0,50000-100000,10.99
344760,Reign Of Kings,2015-12-15,Code}{atch,windows,8076,5997,3498,200000-500000,7.19
344770,fault - milestone two side:above,2015-09-08,ALICE IN DISSONANCE,windows;mac;linux,1886,42,307,50000-100000,10.99
344850,Big Pharma,2015-08-27,Twice Circled,windows;mac;linux,1033,336,647,100000-200000,18.99
344910,Sun Blast: Star Fighter,2015-04-02,OBLONE Software,windows;mac;linux,371,225,200,100000-200000,0.79
345060,Stay Alight,2015-03-02,Wyse Games,windows,147,33,369,50000-100000,2.79
345090,Ancient Planet Tower Defense,2015-02-03,Moonlight Mouse,windows;mac,365,88,0,50000-100000,4.79
345120,Vox Populi Vox Dei 2,2015-03-17,Great Cogs,windows,372,53,0,50000-100000,1.99
345130,Dark Matter,2015-02-27,Meridian4,windows,75,50,0,100000-200000,3.99
345180,Victor Vran ARPG,2015-07-24,Haemimont Games,windows;mac;linux,4194,577,306,500000-1000000,15.99
345220,Agent Awesome,2015-02-17,Chaos Industries,windows;mac,474,276,246,200000-500000,1.69
345240,SHOGUN: Total War™ - Collection,2015-06-25,CREATIVE ASSEMBLY,windows,204,55,0,50000-100000,6.99
345260,Medieval: Total War™ - Collection,2015-06-25,CREATIVE ASSEMBLY,windows,437,216,103,100000-200000,6.99
345350,LIGHTNING RETURNS™: FINAL FANTASY® XIII,2015-12-10,Square Enix,windows,2135,527,2639,200000-500000,12.99
345390,King's Quest,2015-07-28,The Odd Gentlemen,windows,1735,219,56,200000-500000,0.0
345440,Vapour,2015-07-03,Skobbejak Games,windows;mac;linux,59,83,366,50000-100000,6.99
345580,Universal Combat CE,2015-02-06,3000AD,windows,103,149,0,100000-200000,6.99
345650,Without Within,2015-01-22,InvertMouse,windows;mac;linux,1778,231,2,200000-500000,0.0
345660,RIDE,2015-03-27,Milestone S.r.l.,windows,1053,361,0,50000-100000,14.99
345820,Shantae and the Pirate's Curse,2015-04-23,WayForward,windows,1477,99,434,200000-500000,14.99
345920,The Note,2015-07-23,ArtemizGame,windows,87,241,243,500000-1000000,3.19
346010,Besiege,2015-01-28,Spiderling Studios,windows;mac;linux,25880,1364,644,2000000-5000000,6.99
346110,ARK: Survival Evolved,2017-08-27,Studio Wildcard;Instinct Games;Efecto Studios;Virtual Basement LLC,windows;mac;linux,145035,66603,14154,5000000-10000000,44.99
346120,Boring Man - Online Tactical Stickman Combat,2015-02-20,Spasman Games,windows,3613,617,12984,500000-1000000,0.0
346180,David.,2015-02-16,Fermenter Games,windows;mac,572,154,137,50000-100000,1.59
346210,Garden Rescue,2015-02-02,Rainbow Games,windows,86,25,213,100000-200000,2.79
346250,The Old Tree,2015-01-26,Red Dwarf Games,windows;mac,2788,315,7,200000-500000,0.0
346330,BrainBread 2,2016-07-20,Reperio Studios,windows;mac;linux,2334,1061,46,1000000-2000000,0.0
346560,Hero of the Kingdom II,2015-02-20,Lonely Troops,windows;mac;linux,1409,84,402,50000-100000,5.59
346630,Plazma Being,2015-02-09,Felix Wunderlich,windows,284,85,216,100000-200000,1.59
346750,Merchant,2018-10-08,Retora Games,windows,155,40,4,50000-100000,0.0
346810,Marble Age,2015-03-04,Clarus Victoria,windows;mac,453,86,0,50000-100000,4.79
346830,FINAL FANTASY IV: THE AFTER YEARS,2015-05-11,Square Enix,windows,160,96,0,50000-100000,10.99
346900,AdVenture Capitalist,2015-03-30,Hyper Hippo Games,windows;mac;linux,35093,4214,2747,2000000-5000000,0.0
346940,Shadowrun: Hong Kong - Extended Edition,2015-08-20,Harebrained Schemes,windows;mac;linux,2235,380,438,500000-1000000,14.99
346950,The Dark Stone from Mebara,2015-02-27,Jerseyware Gaming,windows,103,62,236,200000-500000,5.99
347030,The Bluecoats: North vs South,2015-02-02,Little World Studio,windows;mac,116,145,0,50000-100000,3.99
347160,Steredenn,2015-10-01,Pixelnest Studio,windows;mac;linux,597,88,145,100000-200000,9.99
347290,Rise & Shine,2017-01-13,Super Mega Team,windows;linux,465,210,288,50000-100000,10.99
347430,Frankenstein: Master of Death,2015-03-09,Jetdogs Studios;Fineway Studios,windows;mac;linux,1467,279,212,200000-500000,3.99
347510,Rats - Time is running out!,2015-08-19,Citeremis Inc.,windows;mac,244,32,165,50000-100000,3.99
347560,Terra Incognita ~ Chapter One: The Descendant,2015-02-03,Back To Basics Gaming,windows,678,330,218,500000-1000000,0.79
347620,Gaokao.Love.100Days,2015-05-30,高考恋爱委员会,windows,4592,215,173,100000-200000,6.99
347830,Fairy Fencer F,2015-08-04,Idea Factory;Compile Heart,windows,1997,208,229,100000-200000,15.49
348020,Bloodbath Kavkaz,2015-04-20,Dagestan Technology,windows;mac;linux,2087,997,341,200000-500000,3.19
348250,Google Earth VR,2016-11-16,Google,windows,1788,71,25,500000-1000000,0.0
348360,Doodle God,2015-09-24,JoyBits Ltd.,windows;mac;linux,491,154,363,100000-200000,8.99
348450,Lex Mortis,2015-02-09,Dennis Esie,windows,66,73,209,100000-200000,3.99
348460,Bierzerkers,2016-02-25,Shield Break Studios,windows,262,297,12,100000-200000,3.99
348550,GUILTY GEAR XX ACCENT CORE PLUS R,2015-05-26,Arc System Works,windows,658,65,0,100000-200000,10.99
348620,Voices from the Sea,2015-03-24,Zeiva Inc,windows,1083,75,18,100000-200000,0.0
348700,Walkover,2015-03-23,Millenium Project Enterprises,windows;linux,72,45,0,50000-100000,0.0
348710,Saint Seiya: Soldiers' Soul,2015-11-24,DIMPS,windows,1588,152,0,50000-100000,39.99
348790,Wooden Floor,2015-02-13,pheenix93,windows,101,88,0,50000-100000,1.69
348870,Night Mysteries: The Amphora Prisoner,2015-02-26,Anvate Games,windows,69,40,227,50000-100000,1.69
348950,Ame no Marginal -Rain Marginal-,2015-07-07,stage-nana,windows,274,50,173,50000-100000,9.99
348960,Odysseus: Long Way Home,2015-02-23,Rainbow Games,windows;mac,45,24,218,100000-200000,2.79
349040,NARUTO SHIPPUDEN: Ultimate Ninja STORM 4,2016-02-04,CyberConnect2 Co. Ltd.,windows,17336,3456,767,1000000-2000000,24.99
349140,Corrosion: Cold Winter Waiting [Enhanced Edition],2015-07-01,Viperante,windows,110,47,0,50000-100000,5.59
349440,The Undying Plague,2015-04-10,Pixel Theory Games,windows,60,84,343,200000-500000,0.79
349500,Cubicle Quest,2015-02-25,Ian Isaro,windows,451,144,276,100000-200000,2.99
349720,Audition Online,2015-06-03,T3 Entertainment,windows,751,410,62,200000-500000,0.0
350010,Time Mysteries: Inheritance - Remastered,2015-02-26,Artifex Mundi,windows;mac;linux,241,299,292,50000-100000,6.99
350020,The Gate,2015-04-27,Spicy Horse Games,windows,135,80,0,100000-200000,0.0
350080,Wolfenstein: The Old Blood,2015-05-04,MachineGames,windows,6627,862,245,500000-1000000,14.99
350640,Sherlock Holmes: The Devil's Daughter,2016-06-10,Frogwares,windows,2299,812,216,200000-500000,29.99
350700,Red Stone Online,2015-04-01,"L＆K CO., LTD",windows,145,98,12,100000-200000,0.0
350740,The Bug Butcher,2016-01-19,Awfully Nice Studios,windows;mac;linux,939,92,67,50000-100000,5.59
350810,Pixel Puzzles 2: Anime,2015-03-27,DL Softworks,windows,601,194,257,200000-500000,6.99
350970,Planet of the Eyes,2015-08-24,Cococucumber,windows;mac,267,61,0,50000-100000,4.99
350990,Bloodwood Reload,2015-11-02,Luminy Studios,windows,117,202,2,100000-200000,0.0
351030,Pixel Puzzles Ultimate,2016-09-09,DL Softworks,windows,895,372,220,1000000-2000000,0.0
351090,Regency Solitaire,2015-05-18,Grey Alien Games,windows;mac,377,23,275,50000-100000,6.99
351100,Niffelheim,2018-09-26,Ellada Games,windows;mac;linux,725,191,0,50000-100000,14.99
351140,Rustbucket Rumble,2015-05-04,Reactor Zero,windows;mac;linux,207,176,108,200000-500000,0.0
351150,DRAGON: A Game About a Dragon,2015-04-24,Games With Dragons In,windows,370,163,175,100000-200000,1.59
351250,Avalanche 2: Super Avalanche,2015-06-11,Beast Games,windows,166,26,508,50000-100000,3.99
351290,SURVIVAL,2015-04-16,TB Games,windows,3931,3694,46,100000-200000,5.79
351470,Sometimes: Success Requires Sacrifice,2015-02-27,NodziGames,windows,420,143,232,200000-500000,0.79
351490,Intergalactic Bubbles,2015-05-29,Hellscape Games,windows;mac;linux,909,213,443,200000-500000,0.79
351510,Quiplash,2015-06-30,"Jackbox Games, Inc.",windows;mac;linux,359,45,0,100000-200000,6.99
351630,Fire With Fire Tower Attack and Defense,2016-03-29,Theory Georgiou,windows,102,104,0,50000-100000,0.0
351640,Eternal Senia,2015-06-18,Holy Priest,windows,10106,227,15961,500000-1000000,0.0
351710,Hyperdimension Neptunia Re;Birth2: Sisters Generation / 超次次元ゲイム ネプテューヌRe;Birth2 / 超次次元遊戲 戰機少女 重生2,2015-05-29,Idea Factory;Compile Heart;Felistella,windows,2323,198,81,200000-500000,19.49
351790,Invisible Apartment,2015-03-02,Milan Kazarka;Jeroen van Oosten,windows;mac;linux,296,115,11,100000-200000,0.0
351800,Dev Guy,2015-05-20,Daniel Jonathan Bourke,windows,1389,353,19,200000-500000,0.0
351820,Z.A.R.,2015-05-01,Maddox Games,windows;linux,34,14,0,50000-100000,4.79
351860,Cultures - Northland,2015-03-26,Funatics Software,windows,231,47,0,100000-200000,3.99
351870,Cultures - 8th Wonder of the World,2015-03-26,Funatics Software,windows,144,42,0,100000-200000,3.99
351910,Valhalla Hills,2015-12-02,Funatics Software,windows;mac;linux,447,407,126,100000-200000,11.49
351920,Crazy Machines 3,2016-10-18,Fakt Software,windows,3158,130,118,50000-100000,7.99
351940,The Descendant,2016-03-24,Gaming Corps AB,windows;mac,2071,305,254,200000-500000,0.0
351970,Tales of Zestiria,2015-10-19,BANDAI NAMCO Studio Inc.,windows,5300,972,1445,500000-1000000,39.99
351990,Riff Racer - Race Your Music!,2016-05-12,FOAM Entertainment,windows,1281,236,146,50000-100000,6.99
352160,Curse of Mermos,2015-06-23,TEAM101,windows,152,119,88,100000-200000,0.0
352400,LEGO® Jurassic World,2015-06-11,TT Games Ltd;Feral Interactive (Mac),windows;mac,2558,431,502,200000-500000,15.99
352460,Dead Realm,2017-05-23,Section Studios,windows;mac,3057,1601,114,100000-200000,10.99
352520,The Silent Age,2015-05-29,House On Fire,windows;mac,4700,320,11,200000-500000,6.99
352550,Urban Empire,2017-01-20,Reborn Games,windows,772,1439,0,50000-100000,22.99
352700,Subspace Continuum,2015-07-03,Virgin Interactive Entertainment;PriitK,windows,389,54,0,100000-200000,0.0
352720,The Universim,2018-08-28,Crytivo,windows;mac;linux,1539,505,0,100000-200000,22.99
353130,Time of Dragons,2016-02-01,4 I Lab,windows;mac;linux,1095,560,19,500000-1000000,0.0
353270,Hyperdimension Neptunia Re;Birth3 V Generation / 神次次元ゲイム ネプテューヌRe;Birth3 V CENTURY / 神次次元遊戲 戰機少女 重生3 Ｖ世紀,2015-10-30,Idea Factory;Compile Heart;Felistella,windows,2590,120,180,200000-500000,19.49
353360,how do you Do It?,2015-02-27,Nina Freeman;Emmett Butler;Decky Coss;Joni Kittaka,windows;mac,2248,404,9,200000-500000,0.0
353550,House of Caravan,2015-04-16,Rosebud Games,windows;mac,399,186,161,100000-200000,1.59
353560,Plug & Play,2015-03-05,Mario von Rickenbach;Michael Frei,windows;mac;linux,3065,588,18,100000-200000,1.99
353640,Train Valley,2015-09-16,Alexey Davydov;Sergey Dvoynikov;Timofey Shargorodskiy,windows;mac;linux,1617,204,80,200000-500000,6.99
353700,The Deadly Tower of Monsters,2016-01-19,ACE Team,windows,912,122,290,50000-100000,10.99
354030,VolChaos,2015-12-08,Fun Infused Games,windows,30,14,0,50000-100000,1.99
354140,Five Nights at Freddy's 3,2015-03-02,Scott Cawthon,windows,4917,678,133,200000-500000,5.79
354200,Aberoth,2015-07-17,Jarbit;Castle art by Yuriy Gusev,windows;mac;linux,748,476,354,200000-500000,0.0
354240,"Please, Don’t Touch Anything",2015-03-26,Four Quarters,windows;mac;linux,2493,393,254,200000-500000,3.99
354290,LoveBeat,2016-01-13,"CRAZYDIAMOND CO., LTD.",windows,674,243,13,200000-500000,0.0
354380,Assassin’s Creed® Chronicles: China,2015-04-21,Climax Studios,windows,1547,570,72,100000-200000,8.59
354430,STAR WARS™ - X-Wing Special Edition,2015-04-28,Lucasfim,windows;mac,131,48,0,200000-500000,7.19
354640,The Settlers Online,2015-08-19,Blue Byte,windows;mac,332,586,25,200000-500000,0.0
354860,The Adventures of Tree,2016-03-01,NinjaISV;TigerNDV,windows;linux,303,95,290,50000-100000,3.99
354920,Pester,2015-08-21,Flump Studios,windows,43,31,232,100000-200000,0.79
355050,Sky Force Anniversary,2015-04-29,Infinite Dreams,windows;mac;linux,1022,99,0,50000-100000,6.99
355070,TDP5 Arena 3D,2015-03-26,Javelin OÜ,windows,99,119,8,100000-200000,0.0
355180,Codename CURE,2017-10-31,Hoobalugalar_X,windows;mac;linux,11470,2426,191,2000000-5000000,0.0
355250,STAR WARS™: TIE Fighter Special Edition,2015-04-28,Totally Games,windows;mac,204,72,0,200000-500000,7.19
355410,Radium,2015-03-13,Lukas Jaeckel,windows;mac;linux,120,26,241,50000-100000,1.99
355430,//SNOWFLAKE TATTOO//,2015-03-27,Rail Slave Games,windows,35,63,247,100000-200000,3.99
355500,Leadwerks Game Launcher,2015-08-24,Leadwerks Software,windows,30,12,0,50000-100000,0.0
355520,The Albino Hunter,2015-03-11,Cherry Co. Studios,windows,238,79,80,50000-100000,3.99
355530,Last Word,2015-05-08,Twelve Tiles,windows;mac;linux,262,50,0,50000-100000,6.99
355790,Styx: Shards of Darkness,2017-03-14,Cyanide Studio,windows,1532,388,78,100000-200000,34.99
355800,Space Run Galaxy,2016-06-17,Passtech Games,windows,478,269,666,100000-200000,14.99
355840,Survarium,2015-04-02,Vostok Games,windows,9985,9441,6569,2000000-5000000,0.0
355920,Pixel Puzzles 2: Space,2016-02-19,DL Softworks,windows,211,27,280,100000-200000,6.99
355980,Dungeon Warfare,2015-11-04,Valsar,windows;mac;linux,990,37,604,50000-100000,6.99
356040,Sheltered,2016-03-15,Unicube;Team 17 Digital Ltd,windows;mac;linux,2998,818,295,200000-500000,9.99
356050,Beyond Eyes,2015-08-11,Tiger and Squid;Team17 Digital Ltd,windows;mac;linux,683,314,763,100000-200000,9.99
356070,Commander Cool 2,2015-12-17,Orlyapps,windows;mac;linux,926,122,0,50000-100000,1.99
356130,Heroes of Scene,2015-08-26,Icy Donut,windows,349,343,7,200000-500000,0.0
356190,Middle-earth™: Shadow of War™,2017-10-09,Monolith Productions,windows,19813,5633,1587,1000000-2000000,34.99
356310,METAL SLUG DEFENSE,2015-05-01,SNK CORPORATION,windows,736,735,216,200000-500000,0.0
356370,Soccer Manager 2015,2015-07-16,Soccer Manager Ltd,windows;mac,367,169,162,200000-500000,0.0
356400,Thumper,2016-10-10,Drool,windows,1950,166,24,100000-200000,15.99
356420,Interloper,2015-05-21,Monogon Games,windows;mac;linux,284,44,319,50000-100000,0.0
356500,STAR WARS™ Galactic Battlegrounds Saga,2016-03-01,Ensemble Studios,windows,1196,196,76,200000-500000,4.79
356520,Port of Call,2015-08-28,Underdog Games,windows;mac,939,104,17,100000-200000,0.0
356570,Party Hard,2015-08-25,Pinokl Games;Kverta,windows;mac;linux,4700,662,518,200000-500000,7.19
356650,Death's Gambit,2018-08-13,White Rabbit,windows,1057,417,0,50000-100000,14.99
356670,Spooky's Jump Scare Mansion,2015-07-28,Lag Studios,windows,9030,725,7131,1000000-2000000,0.0
357070,UBERMOSH,2015-08-13,Walter Machado,windows;linux,1761,199,140,100000-200000,0.79
357190,ULTIMATE MARVEL VS. CAPCOM 3,2017-03-06,"CAPCOM CO., LTD.",windows,1386,201,54,100000-200000,19.99
357290,Red Lake,2015-03-25,Talentplace,windows,326,446,211,200000-500000,0.79
357300,Snakebird,2015-05-04,Noumenon Games,windows;mac;linux,615,47,76,50000-100000,4.99
357310,Oriental Empires,2017-09-14,Shining Pixel Studios,windows,1229,340,0,50000-100000,22.99
357500,Rumble Fighter: Unleashed,2016-12-16,NIMONIX,windows,98,111,35,50000-100000,0.0
357770,The District,2018-03-14,DistrictTeam,windows,304,1083,227,200000-500000,0.79
357780,Defend Your Life: TD,2015-04-10,Alda Games,windows;mac;linux,743,179,603,200000-500000,3.99
357900,Make it indie!,2015-04-01,Sometimes You,windows;mac;linux,544,653,189,200000-500000,0.79
358080,No Turning Back: The Pixel Art Action-Adventure Roguelike,2016-01-15,ColloseusX;cpmilan,windows,116,94,224,50000-100000,1.99
358090,D4: Dark Dreams Don’t Die -Season One-,2015-06-05,Access Games,windows,1312,305,0,50000-100000,10.99
358130,Curious Expedition,2016-09-02,Maschinen-Mensch,windows;mac;linux,1716,208,562,100000-200000,10.99
358190,Blake Stone: Aliens of Gold,2015-05-05,JAM Productions,windows;mac,33,4,0,50000-100000,3.99
358200,Math Rescue,2014-05-05,Redwood Games,windows;mac,29,8,0,50000-100000,3.99
358250,Cosmo's Cosmic Adventure,2014-05-05,3D Realms (Apogee Software),windows;mac,52,9,0,50000-100000,3.99
358260,Crystal Caves,2014-05-05,3D Realms (Apogee Software),windows;mac,45,12,0,50000-100000,3.99
358270,Death Rally (Classic),2014-05-05,Remedy,windows;mac,118,16,22,50000-100000,3.99
358290,Hocus Pocus,2014-05-05,Moonlite Software,windows;mac,60,10,14,50000-100000,3.99
358310,Blake Stone: Planet Strike,2015-05-05,JAM Productions,windows;mac,15,7,0,50000-100000,3.99
358350,Secret Agent,2014-05-05,3D Realms (Apogee Software),windows;mac,43,7,0,50000-100000,3.99
358360,Raptor: Call of the Shadows (1994 Classic Edition),2014-05-05,Cygnus Studios,windows;mac,71,9,1,50000-100000,3.99
358370,Terminal Velocity,2014-05-05,Terminal Reality,windows;mac,42,3,0,50000-100000,4.99
358380,Wacky Wheels,2014-05-05,Beavis Soft,windows;mac,76,17,0,50000-100000,3.99
358610,Exowar,2015-03-23,Aleksander Ciesielski,windows;mac,15,59,0,50000-100000,4.99
358750,Sunrider: Liberation Day - Captain's Edition,2016-03-04,Love in Space,windows;mac;linux,546,95,216,100000-200000,18.99
359050,Shower With Your Dad Simulator 2015: Do You Still Shower With Your Dad,2015-09-02,marbenx,windows,8258,423,74,200000-500000,0.79
359100,Q.U.B.E. 2,2018-03-13,Toxic Games,windows,547,116,913,50000-100000,19.99
359190,Rituals,2015-05-27,Tymon Zgainski,windows;mac;linux,138,78,0,50000-100000,3.99
359310,Evoland 2,2015-08-25,Shiro Games,windows;mac,2887,428,198,200000-500000,14.99
359320,Elite Dangerous,2015-04-02,Frontier Developments,windows,26143,11006,4545,1000000-2000000,19.99
359350,Defunct,2016-01-29,Freshly Squeezed,windows,320,72,0,50000-100000,6.99
359390,Amnesia™: Memories,2015-08-25,Idea Factory;Design Factory,windows,1803,125,478,50000-100000,15.49
359550,Tom Clancy's Rainbow Six® Siege,2015-12-01,Ubisoft Montreal,windows,251178,59620,7504,5000000-10000000,16.99
359580,Uncanny Valley,2015-04-23,Cowardly Creations,windows,260,167,217,100000-200000,6.99
359600,Assassin’s Creed® Chronicles: Russia,2016-02-09,Climax Studios,windows,277,167,0,50000-100000,8.59
359800,Copa Petrobras de Marcas,2015-04-08,Reiza Studios,windows,1086,781,38,500000-1000000,0.0
359870,FINAL FANTASY X/X-2 HD Remaster,2016-05-12,Square Enix,windows,6334,723,596,500000-1000000,19.99
359900,The Incredible Adventures of Van Helsing III,2015-05-22,NeocoreGames,windows,387,281,0,100000-200000,10.99
359960,Choice Chamber,2015-07-16,Studio Bean,windows,142,62,304,100000-200000,6.99
360010,Remnants Of Isolation,2015-05-01,Team Isolation,windows,62,10,1,50000-100000,1.59
360150,How To Survive: Third Person Standalone,2015-07-02,Eko Software,windows,632,509,336,100000-200000,6.99
360170,How to Survive 2,2016-09-08,Eko Software,windows,5823,2471,409,500000-1000000,10.99
360380,Tiny Bridge: Ratventure,2015-05-08,Estelion,windows;mac,575,292,225,200000-500000,1.59
360430,Mafia III,2016-10-06,Hangar 13;Aspyr (Mac),windows;mac,13366,13650,564,1000000-2000000,34.99
360620,Spellsworn,2018-03-13,Frogsong Studios AB,windows;linux,692,106,96,100000-200000,0.0
360640,12 Labours of Hercules II: The Cretan Bull,2015-06-05,Jetdogs Studios;Zoom Out Games,windows;mac;linux,1650,188,229,200000-500000,1.99
360650,12 Labours of Hercules III: Girl Power,2015-08-07,Jetdogs Studios;Zoom Out Games,windows;mac;linux,729,110,325,100000-200000,1.99
360730,Cards and Castles,2015-12-18,Red Team Games,windows;mac,461,192,48,100000-200000,0.0
360740,Downwell,2015-10-15,Moppin,windows,4486,149,134,200000-500000,1.99
360830,Yooka-Laylee,2017-04-11,Playtonic Games,windows;mac;linux,2434,791,57,200000-500000,34.99
360850,Electric Circuit,2015-06-22,Dubrovkin Sergei,windows,33,9,195,50000-100000,1.59
360870,Ultimate Tic-Tac-Toe,2015-04-28,Tigerish Games,windows,1071,222,1,200000-500000,0.0
360890,The Lost Valley,2015-04-20,"AndrewDrumov, Sanke Berdochan",windows,116,201,214,200000-500000,3.99
360940,The Mean Greens - Plastic Warfare,2015-12-08,Virtual Basement LLC;Code Headquarters LLC,windows;linux,5043,1370,73,200000-500000,3.99
360970,Heaven Forest NIGHTS,2017-03-14,Fabio Ferrara,windows;mac;linux,185,93,209,100000-200000,0.79
361190,Sparkle 3 Genesis,2015-04-24,Forever Entertainment S. A.,windows;mac;linux,288,171,145,200000-500000,3.99
361280,Turmoil,2016-06-02,Gamious,windows;mac;linux,3154,359,278,200000-500000,6.99
361300,Mother Russia Bleeds,2016-09-05,Le Cartel Studio,windows;mac;linux,2562,422,613,200000-500000,10.99
361420,ASTRONEER,2019-02-05,System Era Softworks,windows,28375,5246,1213,1000000-2000000,23.79
361600,Luna Sky,2015-10-02,Vovoid Media Technologies AB,windows;linux,63,81,194,50000-100000,9.99
361620,True Bliss,2015-05-22,Artur Mandas,windows,30,45,0,50000-100000,4.99
361630,404Sight,2015-04-16,Retro Yeti Games,windows,1181,229,22,200000-500000,0.0
361670,STAR WARS™ - X-Wing Alliance™,2015-04-28,Totally Games,windows,181,49,0,200000-500000,7.19
361690,STAR WARS™ X-Wing vs TIE Fighter - Balance of Power Campaigns™,2015-04-28,Totally Games,windows,111,39,0,200000-500000,7.19
361800,Tree of Life,2017-08-17,oddonegames,windows,4433,2203,4866,100000-200000,14.99
361850,Portal of Evil: Stolen Runes Collector's Edition,2015-05-26,8Floor,windows,153,18,169,100000-200000,3.99
361990,Lakeview Cabin Collection,2015-04-09,Roope Tamminen,windows;mac,901,84,17,100000-200000,6.99
362400,Regimental Chess,2015-04-29,Thomas Bacon,windows;mac,57,59,0,50000-100000,0.0
362490,Exanima,2015-04-29,Bare Mettle Entertainment,windows,2804,806,547,100000-200000,10.99
362610,High On Racing,2015-05-25,SilentFuture,windows,116,142,382,200000-500000,3.99
362620,Software Inc.,2015-05-01,Coredumping,windows;mac;linux,2578,218,317,100000-200000,10.59
362680,Fran Bow,2015-08-27,Killmonday Games AB,windows;mac;linux,4896,192,508,200000-500000,10.99
362890,Black Mesa,2015-05-05,Crowbar Collective,windows;linux,14113,999,715,1000000-2000000,14.99
362930,Garfield Kart,2015-10-16,Artefacts Studios,windows;mac,4262,598,41,200000-500000,3.99
362960,Tyranny,2016-11-10,Obsidian Entertainment,windows;mac;linux,6121,1001,1570,200000-500000,23.79
363130,Toukiden: Kiwami,2015-06-25,"KOEI TECMO GAMES CO., LTD.",windows,734,370,1532,50000-100000,49.99
363150,ROMANCE OF THE THREE KINGDOMS XIII / 三國志13,2016-01-27,"KOEI TECMO GAMES CO., LTD.",windows,2183,2520,0,200000-500000,49.99
363330,Mind Snares: Alice's Journey,2015-04-23,World-Loom,windows;mac;linux,398,55,0,50000-100000,6.99
363440,Mega Man Legacy Collection / ロックマン クラシックス コレクション,2015-08-24,Capcom,windows,1595,384,10,100000-200000,11.99
363490,Escape Machines,2015-04-14,Mint Age Studios,windows,271,373,239,200000-500000,0.79
363600,Holy Potatoes! A Weapon Shop?!,2015-07-13,Daylight Studios,windows;mac;linux,1022,362,606,100000-200000,10.99
363610,Botology,2015-06-24,Black Lime Studio,windows,79,209,280,50000-100000,0.79
363620,Tea Party Simulator 2015™,2015-04-23,Liens;Power Up to Maximum,windows;mac;linux,472,214,337,100000-200000,6.99
363680,Battlefleet Gothic: Armada,2016-04-21,Tindalos Interactive,windows,3048,1435,856,200000-500000,24.99
363890,RPG Maker MV,2015-10-23,KADOKAWA;Yoji Ojima,windows;mac;linux,2344,324,331,200000-500000,60.99
363930,Dead Age,2016-11-04,Silent Dreams,windows;mac;linux,2889,595,555,200000-500000,10.99
363970,Clicker Heroes,2015-05-13,Playsaurus,windows;mac,42530,4734,9742,5000000-10000000,0.0
364050,Face It - A game to fight inner demons,2017-06-09,Tlön Studios;Ilex Games,windows;mac;linux,907,251,430,100000-200000,2.79
364360,Total War: WARHAMMER,2016-05-24,CREATIVE ASSEMBLY;Feral Interactive (Linux);Feral Interactive (Mac),windows;mac;linux,29826,9878,3610,1000000-2000000,39.99
364420,Roguelands,2016-06-13,SmashGames,windows;mac;linux,2479,639,222,200000-500000,7.19
364470,The Elder Scrolls®: Legends™,2017-05-31,"Sparkypants Studios, LLC",windows;mac,5365,2099,448,1000000-2000000,0.0
364640,FreeCell Quest,2015-10-19,Legend Studio,windows;mac;linux,234,101,0,50000-100000,6.99
364690,SUPER DISTRO,2015-07-22,KITATUS STUDIOS,windows,405,687,127,200000-500000,0.79
364740,Magi,2017-01-17,MoaCube,windows;mac,11,2,0,50000-100000,6.99
364910,Redemption: Saints And Sinners,2016-11-18,Black Lime Studio,windows,78,85,289,50000-100000,0.79
364930,Koi-Koi Japan [Hanafuda playing cards],2015-04-27,Zoo Corporation,windows;mac,731,51,289,50000-100000,6.99
365050,Escape,2015-04-20,Stephane Bottin,windows,173,118,0,100000-200000,0.0
365070,One Manga Day,2015-05-04,DeXP,windows;mac;linux,502,361,0,100000-200000,0.0
365160,Kona,2017-03-17,Parabole,windows;mac;linux,1339,271,63,200000-500000,13.0
365270,Shadow Hunter,2015-04-20,Jeff Trier,windows,37,24,0,50000-100000,0.0
365300,Transmissions: Element 120,2016-06-16,Shokunin;Thomas M. Visser;Vincent Thiele,windows;linux,7916,501,84,500000-1000000,0.0
365310,Organ Biker,2015-06-01,Screeching Wizard,windows,29,37,216,200000-500000,0.79
365360,Battle Brothers,2017-03-24,Overhype Studios,windows,5181,709,0,100000-200000,22.99
365450,Hacknet,2015-08-12,Team Fractal Alligator,windows;mac;linux,13355,1052,278,2000000-5000000,7.19
365590,Tom Clancy’s The Division™,2016-03-07,Massive Entertainment,windows,49832,25607,4252,2000000-5000000,41.99
365660,OlliOlli2: Welcome to Olliwood,2015-08-11,Roll7,windows;mac;linux,338,65,75,50000-100000,10.99
365770,Volume,2015-08-18,Bithell Games,windows;mac,453,124,76,100000-200000,14.99
365960,rFactor 2,2015-11-12,Studio 397,windows,1057,227,0,100000-200000,25.79
366090,Colony Survival,2017-06-16,Pipliz,windows;mac;linux,1783,313,11,100000-200000,15.49
366220,Wurm Unlimited,2015-10-21,Code Club AB,windows;linux,1498,652,2018,200000-500000,22.49
366250,METAL SLUG,2015-06-25,DotEmu,windows,1169,128,501,200000-500000,5.59
366260,METAL SLUG 2,2016-04-14,SNK CORPORATION;DotEmu,windows,216,36,954,50000-100000,4.99
366320,Seasons after Fall,2016-09-02,Swing Swing Submarine,windows,1411,317,361,200000-500000,11.99
366760,Adorables,2016-03-30,White Rabbit Games,windows;linux,518,186,377,100000-200000,1.99
366800,Mainland,2015-05-08,Vasily Voronkov;Ryan Joseph;Peter Kosyh,windows,190,36,0,100000-200000,0.0
366890,Zombie Zoeds,2015-05-20,Freshtrax,windows,363,891,297,200000-500000,0.79
366910,The Long Journey Home,2017-05-30,Daedalic Studio West,windows;mac,826,437,282,50000-100000,26.99
367120,Seduce Me the Otome,2015-06-04,Michaela Laws,windows;mac;linux,1685,285,75,200000-500000,0.0
367270,Angels Fall First,2015-10-01,Strangely Interactive Ltd,windows,1557,341,0,50000-100000,13.37
367450,Poly Bridge,2016-07-12,Dry Cactus,windows;mac;linux,4112,520,168,500000-1000000,7.19
367500,Dragon's Dogma: Dark Arisen,2016-01-15,Capcom,windows,12856,1688,1355,1000000-2000000,23.99
367520,Hollow Knight,2017-02-24,Team Cherry,windows;mac;linux,40167,1927,1286,1000000-2000000,10.99
367570,oO,2015-07-06,Maciej Targoni;Wojciech Wasiak,windows;mac;linux,792,74,46,50000-100000,0.79
367580,Hook,2015-07-06,Maciej Targoni;Wojciech Wasiak,windows;mac;linux,6636,193,251,100000-200000,0.79
367600,Skyshine's BEDLAM,2015-09-16,Skyshine Games,windows;mac,477,303,100,50000-100000,14.99
367670,Controller Companion,2015-05-04,Koga Tech Limited,windows,1603,149,3,100000-200000,1.99
368070,Sniper Ghost Warrior 3,2017-04-24,CI Games,windows,2973,2465,1800,200000-500000,23.79
368080,Aurion: Legacy of the Kori-Odan,2016-04-14,Kiro'o Games,windows,155,76,524,50000-100000,10.99
368230,Kingdom: Classic,2015-10-21,Noio;Licorice,windows;mac;linux,9673,1227,250,2000000-5000000,3.99
368340,CrossCode,2018-09-20,Radical Fish Games,windows;mac;linux,6219,336,0,200000-500000,14.99
368360,60 Seconds!,2015-05-25,Robot Gentleman,windows;mac,5528,1492,231,500000-1000000,6.99
368370,Her Story,2015-06-24,Sam Barlow,windows;mac,4850,543,123,200000-500000,4.99
368390,The Darkside Detective,2017-07-27,Spooky Doorway,windows;mac;linux,680,32,0,50000-100000,9.99
368500,Assassin's Creed® Syndicate,2015-11-18,"Ubisoft Quebec, in collaboration with Ubisoft Annecy, Bucharest, Kiev, Montreal, Montpellier, Shanghai, Singapore, Sofia, Toronto studios",windows,7203,2391,564,500000-1000000,33.99
368590,Albert and Otto,2015-10-28,K Bros Games,windows;mac,372,186,317,100000-200000,3.99
368720,Sirius,2015-06-01,Digital Dawn Studios,windows,106,82,185,100000-200000,3.99
368730,No Time To Explain Remastered,2015-07-17,tinyBuild,windows;mac;linux,1550,398,139,500000-1000000,10.99
368950,Jigoku Kisetsukan: Sense of the Seasons,2015-05-12,Emad,windows,1601,118,163,200000-500000,0.0
368990,Despair,2015-05-12,AGC,windows,671,1245,213,200000-500000,0.79
369000,Pongo,2015-05-11,Drixy Games,windows,328,140,658,100000-200000,0.79
369030,Vinyl,2016-07-01,Manipulation Machine,windows,154,109,132,50000-100000,0.0
369070,Slain: Back from Hell,2016-03-24,Andrew Gilmour,windows;mac;linux,957,399,201,100000-200000,9.99
369400,Let the Cat in,2015-08-27,Eforb,windows;mac,803,223,7,200000-500000,0.0
369420,9 Clues 2: The Ward,2015-07-23,Tap It Games,windows;mac;linux,488,40,177,50000-100000,6.99
369580,NotTheNameWeWanted,2015-07-02,NotGames,windows;mac;linux,2512,353,17,100000-200000,1.99
369990,"Gremlins, Inc.",2016-03-10,Alexey Bokulev;Sergei Klimov;Charlie Oscar Lima Tango Interactive Entertainment,windows;mac;linux,3232,550,193,200000-500000,14.99
370090,Axis Football 2015,2015-07-15,Axis Games,windows;mac;linux,258,112,1,100000-200000,10.99
370300,8-Bit Adventures: The Forgotten Journey Remastered Edition,2015-05-22,Critical Games,windows,64,11,0,50000-100000,6.99
370360,TIS-100,2015-07-20,Zachtronics,windows;mac;linux,2536,82,325,200000-500000,4.99
370510,Marble Mayhem: Fragile Ball,2015-07-07,"Bimboosoft Co.,Ltd.",windows,665,338,204,200000-500000,0.79
370770,Holodrive,2016-03-24,BitCake Studio,windows,766,184,150,200000-500000,0.0
370910,Kathy Rain,2016-05-05,Clifftop Games,windows;mac,1188,86,203,100000-200000,10.99
371180,Super 3-D Noah's Ark,2015-06-23,"Wisdom Tree, Inc.",windows;mac;linux,498,53,1,50000-100000,3.99
371200,Halcyon 6: Starbase Commander,2016-09-08,"Massive Damage, Inc.",windows;mac;linux,1043,205,283,50000-100000,10.99
371210,Gridberd,2015-09-07,Wareberd,windows,73,95,219,200000-500000,4.99
371330,Two Digits,2015-05-22,Cleverweek,windows;mac;linux,245,88,280,200000-500000,1.59
371390,Flix The Flea,2015-06-01,Psychotic Psoftware,windows,77,116,285,50000-100000,1.99
371420,Teddy Floppy Ear - The Race,2015-05-22,Forever Entertainment S. A.,windows;mac;linux,632,192,517,100000-200000,3.99
371510,Gunnheim,2015-10-16,SIEIDI Ltd,windows;mac;linux,122,167,335,100000-200000,6.99
371520,Bounty Train,2017-05-16,Corbie Games,windows;mac,572,240,217,50000-100000,18.99
371570,Tap Heroes,2015-06-05,VaragtP,windows,887,294,270,200000-500000,2.09
371660,Far Cry® Primal,2016-02-29,Ubisoft,windows,8428,2633,949,500000-1000000,41.99
371670,Rolling Sun,2015-06-03,Mystik'Art,windows,360,387,212,200000-500000,1.59
371970,Barony,2015-06-23,Turning Wheel LLC,windows;mac;linux,1244,151,286,50000-100000,11.39
372000,Tree of Savior (English Ver.),2016-03-28,"IMCGAMES Co.,Ltd.",windows,9323,5897,2119,2000000-5000000,0.0
372190,Astro Lords: Oort Cloud,2016-01-15,Aratog LLC,windows,22,25,0,50000-100000,0.0
372360,Tales of Symphonia,2016-02-01,BANDAI NAMCO Entertainment Inc.,windows,1911,436,223,200000-500000,14.99
372540,The Lost Mythologies,2016-01-28,Basaltic studio,windows,1099,514,6,200000-500000,0.0
372750,Girl Amazon Survival,2016-08-16,Kobra Studio,windows;mac;linux,74,113,449,50000-100000,1.99
372800,RPG MO,2015-08-18,Marxnet,windows;mac;linux,1721,477,235,500000-1000000,0.0
372820,Shot In The Dark,2015-06-10,Technomancy Studios,windows,80,82,0,50000-100000,0.0
373180,Kung Fury: Street Rage,2015-05-28,Hello There AB,windows;mac,1997,216,348,100000-200000,1.99
373290,Stones of Sorrow,2015-05-26,Rain Pohlak,windows;mac;linux,39,34,286,50000-100000,2.09
373330,All Is Dust,2015-06-26,Mannequin Games LLC,windows,523,686,484,200000-500000,0.0
373420,Divinity: Original Sin - Enhanced Edition,2015-10-27,Larian Studios,windows;mac;linux,10601,1201,1559,1000000-2000000,29.99
373480,1993 Space Machine,2016-03-28,Modesty,windows;mac,97,60,0,50000-100000,9.29
373720,Ryzom,2016-05-06,Winch Gate Property Limited,windows;mac;linux,193,114,6,50000-100000,0.0
373770,LiEat,2016-02-25,△○□× (Miwashiba),windows,2637,94,258,100000-200000,1.99
373930,Sudden Strike 4,2017-08-11,Kite Games,windows;mac;linux,2579,1107,0,50000-100000,39.99
373970,Letter Quest: Grimm's Journey Remastered,2015-08-05,Bacon Bandit Games,windows;mac;linux,270,24,0,50000-100000,0.0
373990,Metrico+,2016-08-23,Digital Dreams,windows;mac;linux,135,54,0,50000-100000,10.59
374030,Virginia,2016-09-22,Variable State,windows;mac,1365,691,219,100000-200000,6.99
374040,Portal Knights,2017-05-18,Keen Games,windows,10837,2531,1241,500000-1000000,14.99
374280,Hired Ops,2016-10-21,Absolut Soft LLC,windows,1201,1001,2713,100000-200000,6.99
374320,DARK SOULS™ III,2016-04-11,"FromSoftware, Inc.",windows,100412,9953,4222,2000000-5000000,39.99
374670,Ember Strike,2016-05-26,Reentry Games,windows,833,194,0,100000-200000,0.0
374830,Defend The Highlands,2015-11-06,Kilted Camel,windows;mac;linux,232,62,396,100000-200000,7.99
374900,Agatha Christie - The ABC Murders,2016-02-04,Artefacts Studios,windows;mac;linux,661,176,163,100000-200000,10.99
375010,Energy Balance,2015-07-02,Sometimes You,windows;mac;linux,166,67,253,200000-500000,1.99
375200,Sakura Fantasy,2015-05-29,Winged Cloud,windows;mac;linux,827,103,408,200000-500000,6.99
375220,Bitweb,2015-06-03,practicing01,windows;linux,46,90,1,50000-100000,0.0
375230,"Warhammer 40,000: Eternal Crusade",2017-03-16,Behaviour Interactive Inc.,windows,5439,5580,495,500000-1000000,0.0
375450,NOBUNAGA'S AMBITION: Sphere of Influence - Ascension / 信長の野望･創造 戦国立志伝,2016-03-23,"KOEI TECMO GAMES CO., LTD.",windows,331,243,0,100000-200000,49.99
375460,16bit Trader,2015-06-04,Forever Entertainment S. A.,windows;mac;linux,571,862,323,200000-500000,1.99
375480,Chronicon,2015-07-28,Subworld,windows;linux,1209,76,0,50000-100000,7.19
375510,New kind of adventure,2015-06-04,Mint Age Studios,windows,614,872,202,200000-500000,0.79
375520,Taimumari,2015-12-16,TERNOX,windows;linux,139,36,284,50000-100000,3.99
375600,Air Brawl,2015-11-05,Landfall,windows;mac;linux,734,268,8,100000-200000,0.0
375620,CortexGear: AngryDroids,2015-09-24,JH12world;Jordan Benoit,windows;mac;linux,23,81,266,100000-200000,4.79
375680,Apartment 666,2016-08-03,I Need Play,windows;mac,103,227,254,200000-500000,0.79
375820,Human Resource Machine,2015-10-15,Tomorrow Corporation,windows;mac;linux,2200,155,207,200000-500000,6.99
375850,Island Defense,2015-07-23,Stereo7 Games,windows,48,44,276,100000-200000,1.59
375900,Trackmania® Turbo,2016-03-24,Nadeo,windows,742,441,8159,50000-100000,33.99
375910,Anno 2205™,2015-11-02,Blue Byte,windows,2141,1245,1930,200000-500000,33.99
375950,Viridi,2015-08-19,Zoe Vartanian;Badru;Isa Hutchinson;Michael Bell,windows;mac;linux,5524,575,12,500000-1000000,0.0
376140,SAGA,2015-08-04,Silverlode Interactive;Wasatch Games,windows,58,62,0,50000-100000,0.0
376210,The Isle,2015-12-01,Afterthought LLC,windows,7107,3219,1824,200000-500000,14.99
376300,GUILTY GEAR Xrd -SIGN-,2015-12-09,Arc System Works,windows,1900,153,185,100000-200000,22.99
376870,Minecraft: Story Mode - A Telltale Games Series,2015-10-13,Telltale Games,windows;mac,6041,1948,399,200000-500000,18.99
377160,Fallout 4,2015-11-09,Bethesda Game Studios,windows,110376,45377,4822,5000000-10000000,19.99
377260,Unearned Bounty,2018-08-22,Extrokold Games,windows;mac;linux,196,100,9,100000-200000,0.0
377290,Biodrone Battle,2015-07-16,Bit Juggler,windows,132,126,331,100000-200000,1.69
377310,The Tower Of Elements,2015-08-05,Wulo Games,windows;mac;linux,166,127,275,200000-500000,0.79
377330,Close Your Eyes [Old Version],2015-08-31,Yai Gameworks,windows,622,82,9,100000-200000,0.0
377360,Western Press,2016-04-21,Bandit-1,windows;mac,123,65,222,50000-100000,3.99
377430,Who Is Mike - A Visual Novel,2015-09-29,Fervent,windows;mac;linux,315,33,48,50000-100000,0.0
377530,侠客风云传(Tale of Wuxia),2016-04-28,Heluo Studio,windows,2280,588,4048,50000-100000,12.99
377600,Tcheco in the Castle of Lucio,2015-06-22,Marcelo Barbosa,windows,477,53,221,50000-100000,0.79
377680,Sakura Beach,2015-08-14,Winged Cloud,windows;linux,502,173,510,100000-200000,6.99
377710,Idol Magical Girl Chiru Chiru Michiru Part 1,2015-07-29,Frontwing,windows,129,8,662,50000-100000,14.99
377720,Idol Magical Girl Chiru Chiru Michiru Part 2,2015-07-29,Frontwing,windows,55,3,523,50000-100000,14.99
377840,FINAL FANTASY IX,2016-04-14,Square Enix,windows,3875,325,1911,200000-500000,15.99
377900,Empire TV Tycoon,2015-10-20,Dreamsite Games,windows;mac;linux,520,169,94,50000-100000,6.99
378100,Nyctophobia,2015-08-25,Lightning Man Media,windows;mac,264,308,243,200000-500000,1.59
378270,Putrefaction,2015-08-07,Kazakov Oleg,windows,251,124,309,100000-200000,0.79
378300,The Knobbly Crook,2015-06-09,Gnarled Scar Manipulations,windows,155,16,13,50000-100000,0.0
378370,Nomad,2015-06-26,Diminished Studios,windows,2153,1502,82,200000-500000,0.0
378480,Badland Bandits,2015-07-16,Wild Wolf Std,windows;mac;linux,62,80,0,50000-100000,0.0
378540,The Surge,2017-05-15,Deck13,windows,3220,1113,422,200000-500000,24.99
378610,Valley,2016-08-24,Blue Isle Studios,windows;mac;linux,4036,385,47,200000-500000,14.99
378720,Thea: The Awakening,2015-11-20,MuHa Games,windows,2533,264,301,100000-200000,14.99
378860,Project CARS 2,2017-09-21,Slightly Mad Studios,windows,4190,1747,121,200000-500000,44.99
379290,Sumo Revise,2015-06-25,John Szymanski;Evan Szymanski;David Szymanski,windows,64,66,301,50000-100000,3.99
379430,Kingdom Come: Deliverance,2018-02-13,Warhorse Studios,windows,30024,9307,2106,1000000-2000000,29.99
379640,Bloo Kid 2,2015-10-01,winterworks GmbH,windows,210,16,1,50000-100000,2.89
379720,DOOM,2016-05-12,id Software,windows,68536,5156,751,2000000-5000000,14.99
379870,Alteil: Horizons,2016-10-27,Apocoplay LLC;Ludeme Games;Coreedge Inc,windows,43,48,0,50000-100000,0.0
380020,Three Heroes,2015-09-16,Cats Who Play,windows,606,267,199,100000-200000,1.59
380140,The Secret of Tremendous Corporation,2015-10-12,Sebastian Krzyszkowiak;Konrad Burandt;Paweł Radej,windows;linux,218,50,95242,100000-200000,0.0
380150,STASIS,2015-08-31,THE BROTHERHOOD,windows;mac,920,209,0,50000-100000,7.99
380360,Tap Tap Infinity,2015-07-17,Scary Bee LLC,windows;mac,632,219,5889,200000-500000,0.0
380580,SpaceCorn,2015-06-23,Henrique Pegacha;Rafael Lima;Nuno Guerreiro,windows,249,156,169,50000-100000,0.79
380600,Fishing Planet,2017-08-28,Fishing Planet LLC,windows;mac;linux,10585,3330,196,2000000-5000000,0.0
380840,Teeworlds,2015-08-24,Teeworlds Team,windows;mac;linux,3104,415,112,500000-1000000,0.0
381120,Shoppe Keep,2016-05-20,Strange Fire,windows;mac;linux,1512,943,322,200000-500000,3.99
381140,Cruel Arena,2015-08-18,Panda Indie Studio,windows,204,95,59,200000-500000,0.79
381210,Dead by Daylight,2016-06-14,Behaviour Digital Inc.,windows,140721,44985,5904,5000000-10000000,14.99
381560,Epic Cards Battle(TCG),2015-07-09,momoStorm Entertainment,windows;mac,359,349,141,100000-200000,0.0
381640,Allods Online RU,2016-01-26,IT Territory,windows,423,288,9,100000-200000,0.0
381780,80 Days,2015-09-28,inkle Ltd;Cape Guy Ltd,windows;mac,1092,108,113,100000-200000,10.29
381940,Trials on Tatooine,2016-07-18,ILMxLAB,windows,949,227,169,200000-500000,0.0
382000,Mindshow,2017-08-30,"Mindshow, Inc.",windows,334,14,0,50000-100000,0.0
382050,Eon Altar,2016-06-22,Flying Helmet Games,windows;mac,550,72,352,100000-200000,3.99
382080,Action Alien,2015-06-26,Devdan Games,windows,135,133,262,50000-100000,2.79
382110,Virtual Desktop,2016-03-31,Guy Godin,windows,723,316,16,100000-200000,10.99
382120,Journey To The Center Of The Earth,2015-09-25,InSayn,windows;mac;linux,425,213,245,200000-500000,0.79
382140,SKYHILL,2015-10-06,Mandragora,windows;mac;linux,999,371,139,100000-200000,11.99
382300,Kidnapped,2015-08-04,Deceptive Games;Gavin Powell,windows;mac;linux,291,223,235,100000-200000,1.99
382310,Eco,2018-02-06,Strange Loop Games,windows,1875,639,2197,100000-200000,23.79
382490,Relic Hunters Zero,2015-08-18,Rogue Snail,windows;mac,5715,352,147,500000-1000000,0.0
382570,Glass Wing,2015-06-24,From Soy Sauce LLC,windows,79,76,0,50000-100000,4.79
382890,FINAL FANTASY V,2015-09-24,Square Enix,windows,489,198,0,100000-200000,10.99
382900,FINAL FANTASY VI,2015-12-16,Square Enix,windows,884,259,0,100000-200000,10.99
383080,Sakura Clicker,2015-07-29,Winged Cloud,windows,11952,2209,1055,1000000-2000000,0.0
383120,Empyrion - Galactic Survival,2015-08-05,Eleon Game Studios,windows,11061,2777,495,500000-1000000,14.99
383150,Dead Island Definitive Edition,2016-05-31,Techland,windows;linux,3513,1415,1725,200000-500000,11.99
383180,Dead Island: Riptide Definitive Edition,2016-05-31,Techland,windows;linux,788,401,184,200000-500000,11.99
383230,Dungeon Souls,2016-12-02,Lamina Studios;Mike Studios,windows;mac;linux,1421,491,184,100000-200000,10.29
383270,Hue,2016-08-30,Fiddlesticks Games,windows;mac;linux,737,48,20,100000-200000,11.99
383330,Star Chronicles: Delta Quadrant,2015-07-07,Alister Software,windows,159,97,212,200000-500000,0.79
383460,Sound of Drop - fall into poison -,2015-10-30,aiueoKompany,windows;mac;linux,286,37,744,50000-100000,9.99
383520,Lilly and Sasha: Guardian Angels,2015-07-07,John Wizard,windows,39,27,342,50000-100000,3.99
383560,Squarelands,2015-07-16,Oryon Entertainment,windows,79,75,379,50000-100000,2.79
383580,Flesh Eaters,2016-05-03,S.C. 16 BIT NIGHTS S.R.L.,windows,927,364,205,500000-1000000,1.59
383790,The Ship: Remasted,2016-10-31,Blazing Griffin,windows;mac;linux,341,232,0,100000-200000,6.99
383870,Firewatch,2016-02-09,Campo Santo,windows;mac;linux,32886,5524,206,500000-1000000,14.99
383930,Doorways: Holy Mountains of Flesh,2016-08-10,Saibot Studios,windows;mac;linux,322,58,0,50000-100000,14.99
383980,Rivals of Aether,2017-03-28,Dan Fornace,windows,4814,686,245,500000-1000000,10.99
384030,Florensia,2016-11-29,AHA Entertainment,windows,258,174,550,100000-200000,0.0
384110,Pathologic Classic HD,2015-10-29,Ice-Pick Lodge;General Arcade,windows,843,150,308,100000-200000,9.99
384180,Prominence Poker,2016-12-12,Pipeworks Studio,windows,1628,434,64,200000-500000,0.0
384190,ABZU,2016-08-02,Giant Squid,windows,15634,1233,116,500000-1000000,14.99
384250,Super Rude Bear Resurrection,2017-05-05,Alex Rose,windows,89,57,8,50000-100000,11.99
384300,CPUCores :: Maximize Your FPS,2015-07-06,"StartupTim, LLC;Tim Sullivan",windows,6208,2324,6362,200000-500000,10.99
384360,Fingered,2015-08-18,Edmund McMillen;James Id,windows,551,176,0,50000-100000,1.59
384490,NECROPOLIS: BRUTAL EDITION,2016-07-01,Harebrained Schemes,windows;mac,2516,1298,27,200000-500000,22.99
384500,Zombie Party,2016-06-10,Peach Pie Productions,windows,517,80,0,100000-200000,7.19
384570,Zanzarah: The Hidden Portal,2015-08-20,Funatics Software,windows,331,167,0,100000-200000,5.99
384630,Aviary Attorney,2015-12-21,Sketchy Logic,windows;mac,1241,66,242,50000-100000,10.99
384740,CAT Interstellar,2017-10-06,Ionized Games,windows;linux,544,237,261,100000-200000,3.99
384960,Vengeance,2016-04-29,314 Arts,windows;mac;linux,122,24,429,50000-100000,7.19
384980,Battle for Blood - Epic battles within 30 seconds!,2015-07-08,YFC games,windows;mac;linux,501,188,9,100000-200000,0.0
385070,Atonement: Scourge of Time,2015-07-16,Astronomic Games,windows,199,83,277,200000-500000,5.99
385080,Guardians of Victoria,2016-04-29,Tall Story Studios,windows,54,160,334,200000-500000,1.59
385240,Ultimate Arena,2016-08-22,Triverske,windows,715,159,280,50000-100000,3.99
385250,Paint it Back,2015-10-14,Casual Labs,windows;mac;linux,361,5,0,50000-100000,5.59
385260,Lamia Must Die,2015-08-26,Tuomo Laine,windows,118,69,0,50000-100000,0.0
385270,Jet Racing Extreme: The First Encounter,2018-05-17,Real Dynamics,windows;mac;linux,843,378,383,200000-500000,2.79
385370,Radiator 2: Anniversary Edition,2016-06-16,Robert Yang,windows;mac;linux,2187,364,1,100000-200000,0.0
385380,Planet Centauri,2016-06-03,Permadeath,windows;mac;linux,947,213,947,50000-100000,11.99
385400,Weapons Genius,2015-07-08,JDM4iK,windows,387,538,53,100000-200000,5.19
385530,Астролорды: Облако Оорта,2015-09-29,Aratog LLC,windows;mac;linux,109,51,0,100000-200000,0.0
385560,Shadow Complex Remastered,2016-05-03,ChAIR Entertainment,windows;mac,542,100,243,100000-200000,10.99
385710,INK,2015-08-05,ZackBellGames,windows;mac;linux,1237,259,169,200000-500000,3.99
385730,WWE 2K16,2016-03-10,"Visual Concepts;Yuke's Co., LTD",windows,1725,1026,1024,100000-200000,34.99
385760,NBA 2K17,2016-09-20,Visual Concepts,windows,4353,3893,4672,500000-1000000,39.99
385770,Time Clickers,2015-07-23,Proton Studio Inc,windows;mac;linux,3850,494,423,500000-1000000,0.0
385800,NEKOPARA Vol. 0,2015-08-17,NEKO WORKs,windows,11781,765,430,500000-1000000,1.99
385830,Burgers,2015-09-03,storm_sharks,windows,263,337,307,100000-200000,1.99
386070,Planetary Annihilation: TITANS,2015-08-18,Planetary Annihilation Inc,windows;mac;linux,5373,1375,408,500000-1000000,30.99
386180,Crossout,2017-07-26,Targem Games,windows,12372,6196,864,2000000-5000000,0.0
386260,Microcosmum: survival of cells,2015-07-24,Satur Entertainment,windows,839,148,0,50000-100000,5.79
386360,SMITE®,2015-09-08,Titan Forge Games,windows,34514,8895,1954,5000000-10000000,0.0
386480,Blood Code,2015-12-28,WeShare Game Studio,windows;mac;linux,1065,393,282,50000-100000,4.79
386490,Wanda - A Beautiful Apocalypse,2016-06-03,Kodots Games,windows,95,60,210,100000-200000,1.69
386510,Pyramid Raid,2015-12-15,Travian Games GmbH,windows;mac,99,73,11,50000-100000,1.99
386620,"Cook, Serve, Delicious! 2!!",2017-09-13,Vertigo Gaming Inc.,windows;mac;linux,1368,194,153,100000-200000,9.99
386640,Affected Zone Tactics,2015-11-17,Light Vision Interactive,windows,131,98,3,50000-100000,0.0
386880,Rake,2015-07-13,Konsordo,windows,2452,1079,116,100000-200000,3.99
386940,Ultimate Chicken Horse,2016-03-04,Clever Endeavour Games,windows;mac;linux,7908,451,622,500000-1000000,10.99
387290,Ori and the Blind Forest: Definitive Edition,2016-04-27,Moon Studios GmbH,windows,15886,627,322,1000000-2000000,14.99
387340,Hyperdimension Neptunia U: Action Unleashed,2016-03-21,Idea Factory;Compile Heart;Tamsoft,windows,2394,176,335,100000-200000,19.49
387450,Shadow of Kingdoms,2015-08-11,TernGame,windows,28,73,0,50000-100000,0.0
387840,Alpha Runner,2015-09-02,LightsoutGames,windows,312,85,574,100000-200000,0.79
387860,the static speaks my name,2015-08-10,the whale husband,windows;mac;linux,4014,931,13,200000-500000,0.0
387930,The Tape,2015-11-19,Kazakov Oleg,windows,184,139,201,100000-200000,0.79
387970,Clown House (Palyaço Evi),2015-08-24,gord10;Aslan Game Studio,windows;mac;linux,449,505,7,200000-500000,0.0
387990,Scrap Mechanic,2016-01-19,Axolot Games,windows,15197,2777,2355,500000-1000000,14.99
388050,Snik,2015-09-04,Cleverweek,windows;mac;linux,58,39,329,50000-100000,1.99
388060,The Escapists: The Walking Dead,2015-09-30,Team17 Digital Ltd,windows;mac;linux,360,218,73,100000-200000,12.99
388090,Five Nights at Freddy's 4,2015-07-23,Scott Cawthon,windows,6348,507,139,200000-500000,5.79
388120,Spakoyno: Back to the USSR 2.0,2016-02-15,Separate Game Development;Dagestan Technology,windows;mac;linux,328,345,266,200000-500000,3.19
388210,Day of the Tentacle Remastered,2016-03-21,Double Fine Productions,windows;mac;linux,2404,73,189,200000-500000,10.99
388320,1979 Revolution: Black Friday,2016-04-04,iNK Stories;N-Fusion Interactive,windows;mac,632,195,0,50000-100000,4.79
388370,Nova Blitz,2017-07-11,Dragon Foundry,windows;mac;linux,102,42,0,50000-100000,0.0
388390,"""Glow Ball"" - The billiard puzzle game",2015-07-20,WTFOMGames,windows;linux,22,93,245,50000-100000,2.89
388410,Darksiders II Deathinitive Edition,2015-11-05,Gunfire Games;Vigil Games;THQ Nordic,windows,5935,2063,992,1000000-2000000,24.99
388420,In Between,2015-08-21,Gentlymad,windows;mac;linux,254,31,118,50000-100000,8.99
388490,One Way To Die: Steam Edition,2015-09-01,CoaguCo Industries,windows;mac;linux,177,146,130,100000-200000,0.0
388750,BlazBlue: Chronophantasma Extend,2016-03-02,Arc System Works,windows,2014,180,805,200000-500000,22.99
388880,Oxenfree,2016-01-14,Night School Studio,windows;mac;linux,6551,477,258,200000-500000,14.99
389170,A Lenda do Herói - O Herói desta Canção,2016-03-24,Dumativa Creative Studio;Castro Brothers,windows;mac;linux,858,79,342,100000-200000,11.99
389270,Through Abandoned: The Underground City,2015-07-22,Igor Krutov,windows,127,40,359,200000-500000,0.79
389400,The chronicles of Emerland. Solitaire.,2015-07-29,Rainbow Games,windows,99,24,200,100000-200000,2.79
389430,Knight Online,2016-01-25,Noah System;Mgame,windows,3704,4187,113,2000000-5000000,0.0
389530,Garlock Online,2016-05-30,HellconX© Studio's,windows,31,95,0,50000-100000,0.0
389570,Mitos.is: The Game,2015-07-29,Freakinware Studios,windows;mac,9463,2158,268,2000000-5000000,0.0
389700,My Bones,2015-08-03,GDNomad,windows,151,149,242,200000-500000,3.99
389730,TEKKEN 7,2017-06-01,BANDAI NAMCO Studios Inc.,windows,15372,3135,4367,500000-1000000,34.99
390040,Small Radios Big Televisions,2016-11-08,Fire Face Corporation,windows,211,81,0,50000-100000,8.99
390100,9Dragons,2017-02-14,JoongWon Games,windows,123,71,1,50000-100000,0.0
390290,Bulb Boy,2015-10-29,Bulbware,windows;mac,518,59,0,50000-100000,5.99
390340,Umbrella Corps™/Biohazard Umbrella Corps™,2016-06-21,CAPCOM,windows,633,1663,342,200000-500000,14.99
390570,Three Digits,2015-08-14,Cleverweek,windows;mac;linux,64,67,293,100000-200000,1.59
390670,Steel Ocean,2015-11-12,ICE Entertainment,windows,2845,1259,472,500000-1000000,0.0
390880,Redemption: Eternal Quest,2015-08-28,SimProse Studios,windows,42,39,204,100000-200000,1.59
390910,Collisions,2015-07-28,2dengine,windows;mac;linux,152,35,258,50000-100000,2.89
390970,Russian Horror Story,2015-11-02,Footmade;Dagestan Technology,windows;linux,497,359,214,200000-500000,3.19
391040,F1 2016,2016-08-18,Codemasters;Feral Interactive (Mac),windows;mac,3237,612,1397,200000-500000,39.99
391070,Stellar 2D,2015-07-30,quad games,windows,383,600,255,200000-500000,0.79
391220,Rise of the Tomb Raider™,2016-02-09,Crystal Dynamics;Eidos-Montréal;Feral Interactive (Mac);Feral Interactive (Linux);Nixxes software,windows;mac;linux,49004,3838,817,2000000-5000000,39.99
391260,Labyronia RPG,2015-08-14,Labyrinthine,windows,771,290,183,200000-500000,0.79
391270,Fingerbones,2015-08-03,David Szymanski,windows,2377,633,18,200000-500000,0.0
391300,Double Cubes,2017-01-18,Recreat4,windows,52,32,271,50000-100000,3.19
391420,Gun Rocket,2016-05-02,Space Wedgie,windows,491,181,204,200000-500000,0.79
391460,WARMODE,2015-08-25,Novalink,windows,8983,6166,75,2000000-5000000,0.0
391540,Undertale,2015-09-15,tobyfox,windows;mac;linux,97832,4496,679,2000000-5000000,6.99
391580,Egyptian Senet,2015-08-20,Ezzat Studios,windows;mac,175,44,14,50000-100000,2.79
391720,Layers of Fear,2016-02-15,Bloober Team SA,windows;mac;linux,14551,1682,227,2000000-5000000,14.99
391730,Crashlands,2016-01-21,Butterscotch Shenanigans,windows;mac;linux,1711,267,143,100000-200000,11.39
391740,Blaster Shooter GunGuy!,2015-08-10,Adam DeLease,windows,180,231,352,100000-200000,1.59
391780,Uebergame,2015-10-26,Duion,windows;linux,247,228,3,200000-500000,0.0
392110,Endless Space® 2,2017-05-18,AMPLITUDE Studios,windows;mac,8161,1986,1278,500000-1000000,34.99
392160,X4: Foundations,2018-11-30,Egosoft,windows,3557,1714,873,100000-200000,39.99
392450,Silver Creek Falls: Chapter 1,2015-08-12,Sapphire Dragon Productions,windows,472,67,0,100000-200000,0.0
392820,Wild Island Quest,2015-09-04,NLB project,windows;mac;linux,137,140,264,50000-100000,1.59
392950,Lost Lands: A Hidden Object Adventure,2015-09-24,FIVE-BN GAMES,windows;mac,3799,434,0,100000-200000,0.0
393380,Squad,2015-12-14,Offworld Industries,windows,23539,6008,3173,500000-1000000,32.5
393410,World of Soccer online,2015-08-26,Johannes Eski,windows,654,436,3,200000-500000,0.0
393420,Hurtworld,2015-12-03,Bankroll Studios,windows;mac,15574,5362,5439,500000-1000000,19.49
393430,Ice Lakes,2016-04-19,Iceflake Studios,windows;mac;linux,822,162,853,100000-200000,10.99
393520,Iconoclasts,2018-01-23,Joakim Sandberg,windows;mac;linux,1158,139,0,50000-100000,17.49
393530,Insanity Clicker,2016-06-07,PlayFlock,windows;mac,1475,751,76,200000-500000,0.0
393930,RoShamBo,2016-07-14,Blam! Games LLC,windows;mac,286,153,5,100000-200000,0.0
393980,Pretty Girls Mahjong Solitaire,2015-08-24,Zoo Corporation,windows;mac,463,137,303,50000-100000,3.99
394120,Atom Universe,2017-12-25,Atom Republic,windows,152,226,3,100000-200000,0.0
394130,Water Bears VR,2016-02-01,Schell Games,windows,131,9,1,50000-100000,6.99
394160,ARCADE GAME SERIES: PAC-MAN,2016-04-19,BANDAI NAMCO Studios Inc.,windows,250,48,21,50000-100000,2.79
394230,Battleborn,2016-05-03,Gearbox Software,windows,5692,3494,652,500000-1000000,0.0
394310,Punch Club,2016-01-08,Lazy Bear Games,windows;mac;linux,6071,1669,478,500000-1000000,6.99
394360,Hearts of Iron IV,2016-06-06,Paradox Development Studio,windows;mac;linux,34711,5251,9413,1000000-2000000,34.99
394510,HELLDIVERS™ A New Hell Edition,2015-12-07,Arrowhead Game Studios,windows,13065,1222,1112,500000-1000000,15.99
394540,Spaceport Hope,2016-04-15,team BitClub,windows,342,101,264,200000-500000,0.79
394680,Mountain Crime: Requital,2015-08-27,Alawar Stargaze,windows;mac,243,29,0,50000-100000,1.99
394690,Tower Unite,2016-04-08,PixelTail Games,windows,5275,968,1326,200000-500000,10.99
394760,Dead Effect 2,2016-05-06,"BadFly Interactive, a.s.",windows;mac,1102,415,155,100000-200000,8.99
394870,Office Battle,2015-12-02,Black Lime Studio,windows,578,224,261,100000-200000,0.79
394970,DEADBOLT,2016-03-14,Hopoo Games,windows;mac;linux,2376,117,364,100000-200000,6.99
395170,DISTRAINT: Deluxe Edition,2015-10-21,Jesse Makkonen,windows,6830,451,228,2000000-5000000,3.99
395200,Ben and Ed,2015-12-08,Sluggerfly,windows,1095,329,0,100000-200000,6.99
395380,ANKI,2015-08-24,Wojciech Krupinski,windows,68,38,394,50000-100000,0.79
395520,Missing Translation,2015-09-24,AlPixel Games;Luis Diaz;Gustavo Santos;Albert Fernandez;Tice Thomason,windows;mac,2429,331,3,200000-500000,0.0
395570,We Are The Dwarves,2016-02-25,Whale Rock Games,windows;mac;linux,570,230,0,200000-500000,19.99
396030,InCell VR,2015-09-03,Luden.io,windows;mac;linux,155,68,0,50000-100000,0.0
396060,The Rose and I,2016-04-05,Eugene Chung;Jimmy Maidens;Terry Kaleas,windows,142,18,0,50000-100000,0.0
396280,Anarchy Online,2017-02-22,Funcom,windows,78,15,1,50000-100000,0.0
396360,LocoSoccer,2015-12-09,Startreming,windows;linux,129,64,237,50000-100000,0.75
396480,Battlevoid: Harbinger,2016-02-24,Bugbyte Ltd.,windows;mac;linux,506,128,0,100000-200000,6.99
396530,Fireflies,2015-09-07,Phanom Games,windows,9,32,637,50000-100000,1.59
396750,EVERSPACE™,2017-05-25,ROCKFISH Games,windows;mac;linux,4061,1087,312,200000-500000,22.99
396790,Dracula's Legacy,2015-10-22,Jetdogs Studios;IndeePop,windows;mac,471,127,267,100000-200000,1.99
396850,Chronicles of the Witches and Warlocks,2015-11-18,8Floor,windows,34,43,262,50000-100000,3.99
396900,GRIP: Combat Racing,2018-11-06,Caged Element Inc.,windows,1519,176,0,50000-100000,24.99
397040,Sphere III: Rage of the Devastator,2015-12-02,NIKITA ONLINE,windows,144,165,0,100000-200000,0.0
397060,Faeria,2017-03-08,Abrakam SA,windows;mac;linux,4683,882,2201,500000-1000000,18.99
397100,MachineCraft,2016-03-25,G2CREW,windows,644,207,11,200000-500000,0.0
397270,A Kiss For The Petals - Remembering How We Met,2015-09-25,St. Michael's Girls School,windows;mac;linux,1035,82,215,50000-100000,5.59
397340,SimplePlanes,2015-12-17,"Jundroo, LLC",windows;mac,4544,474,538,500000-1000000,9.99
397430,Zoombinis,2015-10-28,TERC,windows;mac,441,35,344,50000-100000,6.99
397460,The Jackbox Party Pack 2,2015-10-13,"Jackbox Games, Inc.",windows;mac;linux,533,32,264,200000-500000,18.99
397500,Labyronia RPG 2,2015-08-28,Labyrinthine,windows,391,129,154,200000-500000,0.79
397690,Hyperspace Invaders II: Pixel Edition,2015-09-04,Entity Medialab,windows,295,67,56,50000-100000,3.99
397700,Urizen Shadows of the Cold Deluxe Frosty Edition,2015-08-31,Red Moon Studio,windows,26,97,308,50000-100000,1.69
397720,Romance of the Three Kingdoms Maker / 三国志ツクール,2015-12-09,"KOEI TECMO GAMES CO., LTD.",windows,102,65,1,50000-100000,0.0
397900,Business Tour - Board Game with Online Multiplayer,2017-07-27,Creobit,windows;mac,9693,5411,584,1000000-2000000,0.0
397950,Clustertruck,2016-09-27,Landfall,windows;mac;linux,4497,485,211,200000-500000,10.99
397980,Invasion,2015-09-18,Hipix Studio,windows,251,221,262,200000-500000,3.19
398450,Absent,2015-08-31,FNGames,windows,201,48,0,50000-100000,0.0
398680,Ace Of Words,2016-05-13,ZeroBit Games,windows,511,238,242,100000-200000,3.99
398710,Timberman,2015-09-18,Digital Melody,windows;mac;linux,5139,350,245,200000-500000,0.79
398840,War of Beach,2015-10-15,LUCKY GIRLS LIMITED,windows;mac,293,223,103,100000-200000,0.0
398850,Epistory - Typing Chronicles,2016-03-30,Fishing Cactus,windows;mac;linux,3603,160,324,200000-500000,10.99
399230,Kitchen Simulator 2015,2015-09-02,WhackAKey Games,windows,19,71,259,50000-100000,0.79
399430,Tinboy,2015-08-31,Interactive Stone,windows;mac;linux,270,163,199,200000-500000,1.69
399520,Comedy Quest,2015-09-02,Trav Nash,windows,201,47,0,50000-100000,0.0
399670,Game Corp DX,2015-10-02,Endless Loop Studios,windows;mac;linux,2370,348,334,100000-200000,1.99
399780,Expand,2015-09-30,Chris Johnson;Chris Larkin,windows;mac;linux,315,39,0,50000-100000,4.79
399790,Destiny Warriors RPG,2015-09-11,ninjalex,windows,416,439,256,200000-500000,1.59
399810,Call of Cthulhu®,2018-10-29,Cyanide Studio,windows,1800,637,0,50000-100000,39.99
399820,Kopanito All-Stars Soccer,2016-11-16,Merixgames,windows;mac;linux,1234,277,142,50000-100000,4.79
399890,The Secret Order 2: Masked Intent,2015-11-05,Sunward Games,windows;mac;linux,162,46,224,50000-100000,6.99
400030,Cloney,2016-01-19,dotBunny,windows;mac;linux,121,102,0,100000-200000,0.0
400110,Else Heart.Break(),2015-09-24,"Erik Svedäng;El Huervo / Niklas Åkerblad;Tobias Sjögren;Oscar ""Ratvader"" Rydelius;Johannes Gotlén",windows;mac;linux,356,173,0,200000-500000,18.99
400170,The Incredible Adventures of Van Helsing: Final Cut,2015-11-06,NeocoreGames,windows,1190,457,100,200000-500000,29.99
400180,Okhlos: Omega,2016-08-18,Coffee Powered Machine,windows;mac;linux,528,134,281,200000-500000,9.99
400240,The Deer,2016-03-28,Fabio Ferrara;Giulia Airoldi,windows;mac;linux,1460,884,190,500000-1000000,0.59
400250,Heaven Island - VR MMO,2015-12-23,Fabio Ferrara;Giulia Airoldi,windows;mac;linux,1286,893,330,500000-1000000,0.79
400370,Normality,2015-10-09,Gremlin Interactive,windows,190,100,192,100000-200000,2.09
400630,Wuppo,2016-09-29,Knuist & Perzik,windows,1716,90,592,200000-500000,10.99
400740,VERGE:Lost chapter,2015-10-01,GDNomad,windows,110,140,264,100000-200000,3.99
400910,Rabi-Ribi,2016-01-28,CreSpirit;GemaYue,windows,6496,167,2356,100000-200000,13.59
401190,Dinosaur Hunt,2015-09-17,Racing Bros,windows;mac;linux,1948,1073,227,100000-200000,0.79
401680,POSTAL Redux,2016-05-20,Running With Scissors,windows;linux,1157,122,0,100000-200000,4.99
401710,Flinthook,2017-04-18,Tribute Games Inc.,windows;mac;linux,454,140,206,50000-100000,10.99
402020,The Park,2015-10-27,Funcom,windows,1684,715,0,100000-200000,9.99
402130,FlatOut 4: Total Insanity,2017-04-04,Kylotonn,windows,416,393,0,100000-200000,22.99
402180,Sakura Swim Club,2015-09-11,Winged Cloud,windows;mac;linux,2019,320,621,200000-500000,6.99
402220,Lift It,2017-01-20,89AM Studio,windows,41,41,453,50000-100000,3.99
402330,Press X to Not Die,2017-10-06,All Seeing Eye Games,windows;mac;linux,2147,205,0,50000-100000,1.99
402390,Hyperdrive Massacre,2015-10-12,34BigThings srl,windows;mac;linux,106,88,203,500000-1000000,6.99
402430,Out of the Park Baseball 17,2016-03-22,Out of the Park Developments,windows;mac;linux,568,52,0,100000-200000,14.99
402530,The Last Door: Season 2 - Collector's Edition,2016-03-29,The Game Kitchen,windows;mac;linux,369,24,0,50000-100000,6.99
402560,Tabletopia,2016-11-30,Tabletopia Inc.,windows;mac,414,321,96,200000-500000,0.0
402570,Atlas Reactor,2016-10-04,Trion Worlds,windows,3992,890,1240,500000-1000000,0.0
402710,Osiris: New Dawn,2016-09-28,Fenix Fire Entertainment,windows,6333,3149,418,200000-500000,18.99
402840,Crusaders of the Lost Idols,2015-10-13,Codename Entertainment Inc.,windows;mac,1823,345,581,200000-500000,0.0
402890,Nyctophilia,2015-09-23,CAT IN JAR GAMES,windows,180,108,0,100000-200000,0.0
403120,THE GAME OF LIFE,2015-11-03,Marmalade Game Studio Ltd,windows,267,106,467,50000-100000,3.99
403190,Planetbase,2015-10-15,Madruga Works,windows;mac,4171,1267,1069,200000-500000,15.49
403290,Burly Men at Sea,2016-09-29,Brain&Brain,windows;mac,167,92,0,50000-100000,7.19
403400,ARCADE GAME SERIES: DIG DUG,2016-04-19,BANDAI NAMCO Studios Inc.,windows,166,41,2,50000-100000,2.79
403430,ARCADE GAME SERIES: GALAGA,2016-04-19,BANDAI NAMCO Studios Inc.,windows,267,46,3,50000-100000,2.79
403510,Fairy Tale Mysteries 2: The Beanstalk,2015-10-08,GOGII Games,windows;mac;linux,170,42,271,50000-100000,6.99
403560,Eaten Alive,2015-09-30,Space Cat Studios,windows,166,301,236,200000-500000,0.79
403570,Stigmat,2015-09-29,Akakiy Petrushkin,windows,580,249,194,200000-500000,3.19
403640,Dishonored 2,2016-11-11,Arkane Studios,windows,21022,5059,1117,1000000-2000000,29.99
403740,GabeN: The Final Decision,2015-09-21,Alex Zhang,windows,432,270,243,100000-200000,0.79
403900,Clergy Splode,2015-09-17,PiGravity,windows,197,252,217,200000-500000,0.79
403950,Conquest of Elysium 4,2015-11-16,Illwinter Game Design,windows;mac;linux,287,29,0,50000-100000,18.99
403970,The Dwarves,2016-12-01,KING Art,windows;mac;linux,936,311,117,100000-200000,34.99
403980,World Ship Simulator,2016-11-04,Odin Game Studio,windows;mac,47,152,0,50000-100000,14.99
404410,Endless Sky,2015-10-30,Michael Zahniser,windows;mac;linux,3420,366,33,500000-1000000,0.0
404480,SC2VN - The eSports Visual Novel,2015-09-22,Team Eleven,windows;mac;linux,786,59,135,100000-200000,0.0
404540,Nex Machina,2017-06-20,Housemarque,windows,1185,169,255,200000-500000,14.99
404580,Relive,2015-10-15,Studio Evil,windows;mac,85,39,8,50000-100000,0.0
404590,Vikings - Wolves of Midgard,2017-03-24,Games Farm,windows;mac;linux,1580,1172,230,100000-200000,22.99
404620,The Political Machine 2016,2016-02-04,Stardock Entertainment,windows,546,163,3,50000-100000,6.99
404640,Game Tycoon 2,2016-04-08,Sunlight Games,windows;mac;linux,120,114,354,50000-100000,8.29
404680,Hob,2017-09-26,Runic Games,windows,2376,297,1103,100000-200000,14.99
404700,Curvatron,2016-01-29,Brave Bunny,windows;linux,121,24,317,50000-100000,0.79
404770,SUPERFIGHT,2016-07-21,Pipeworks Studios,windows,209,122,402,50000-100000,6.99
404790,Godot Engine,2016-02-23,Godot Engine,windows;mac;linux,624,21,3,200000-500000,0.0
405310,LEGO® MARVEL's Avengers,2016-01-26,Traveller's Tales;TT Games;Feral Interactive (Mac),windows;mac,1898,384,59,200000-500000,24.99
405500,Dangerous Golf,2016-06-02,Three Fields Entertainment,windows,251,305,1,100000-200000,14.99
405610,Flight of the Paladin,2015-10-23,Grizzly Wolf Games LLC,windows;mac;linux,178,163,271,100000-200000,0.79
405640,Pony Island,2016-01-04,Daniel Mullins Games,windows;mac;linux,9347,421,224,200000-500000,3.99
405710,Staxel,2019-04-11,Plukit,windows,1422,493,552,50000-100000,14.99
405720,Perfect Universe - Play with Gravity,2016-02-26,Will Sykes Games,windows,76,26,0,50000-100000,6.99
405820,Turok,2015-12-17,Iguana Entertainment;Nightdive Studios,windows;mac;linux,1614,73,2092,50000-100000,14.99
405830,Turok 2: Seeds of Evil,2017-03-16,Iguana Entertainment;Nightdive Studios,windows;mac;linux,983,58,0,50000-100000,14.99
405900,Disgaea PC / 魔界戦記ディスガイア PC,2016-02-24,"Nippon Ichi Software, Inc.",windows,2211,306,672,200000-500000,10.99
405950,Lowglow,2015-12-03,Rockodile,windows;mac,391,31,236,50000-100000,5.59
405980,Legend of Dungeon: Masters,2015-11-30,Robot Loves Kitty,windows,117,79,35,100000-200000,0.0
406090,Lost Moon,2015-09-28,Thorngames,windows,417,167,357,200000-500000,1.69
406150,Refunct,2015-10-16,Dominique Grieshofer,windows;mac;linux,11930,583,149,200000-500000,1.99
406290,Twilight Struggle,2016-04-13,"Playdek, Inc.",windows;mac,790,128,765,50000-100000,7.19
406730,"1,000 Heads Among the Trees",2015-12-11,Aaron Oldenburg,windows;mac,46,37,4275,50000-100000,4.99
406870,Eventide: Slavic Fable,2016-01-28,The House of Fables,windows;mac;linux,440,22,0,100000-200000,6.99
406970,The Uncertain: Last Quiet Day,2016-09-22,ComonGames,windows;mac,1046,256,1,50000-100000,10.99
407060,AltspaceVR—The Social VR App,2016-03-31,"AltspaceVR, Inc.",windows,328,83,0,100000-200000,0.0
407120,Soccer Manager 2016,2015-10-07,Soccer Manager Ltd,windows;mac,523,218,10,200000-500000,0.0
407230,Legend of Mysteria RPG,2015-10-09,Labyrinthine,windows,410,182,148,200000-500000,1.59
407300,The Last NightMary - A Lenda do Cabeça de Cuia,2015-11-02,Submersivo Game Studio,windows;mac;linux,466,119,179,50000-100000,2.79
407330,Sakura Dungeon,2016-06-03,Winged Cloud,windows;mac;linux,1041,88,1616,100000-200000,14.99
407560,Killing Room,2016-10-20,Alda Games,windows,635,291,386,100000-200000,6.99
407810,Hard Reset Redux,2016-06-03,Flying Wild Hog,windows,772,181,132,100000-200000,14.99
407840,Guardians of Orion (Phase 1),2016-12-21,Spiral Game Studios,windows,2080,1642,84,200000-500000,0.79
407900,Princess Remedy in a World of Hurt,2016-01-01,Ludosity;Remar Games,windows,2305,53,76,100000-200000,0.0
407980,Sakura Beach 2,2015-11-06,Winged Cloud,windows;linux,286,100,586,100000-200000,6.99
408110,Planet R-12,2016-05-05,Timushev Vladimir;Composer-Motorin Dmitry (Djinotan),windows,116,24,238,50000-100000,0.79
408410,X-Morph: Defense,2017-08-30,EXOR Studios,windows,818,60,0,50000-100000,14.99
408760,Pro Cycling Manager 2016,2016-06-16,Cyanide Studio,windows,186,123,0,50000-100000,14.99
408930,ePic Character Generator,2015-11-05,Overhead Games,windows,77,89,0,100000-200000,0.0
409100,The Purring Quest,2015-11-12,Valhalla Cats,windows,883,153,326,50000-100000,6.99
409160,"Dr. Langeskov, The Tiger, and The Terribly Cursed Emerald: A Whirlwind Heist",2015-12-04,Crows Crows Crows,windows;mac,7642,529,15907,500000-1000000,0.0
409380,Among the Heavens,2015-11-06,Jetdogs Studios;CorePunch Gamestudio,windows;mac;linux,210,39,202,50000-100000,1.99
409420,Knight Adventure,2015-10-15,Syberstudio,windows,19,32,374,50000-100000,0.79
409510,Genesis Online,2015-11-10,Shumkov Dmitriy,windows,602,1330,8,200000-500000,0.0
409600,Contract With The Devil,2015-12-11,AZ-Art Development Studio,windows,91,41,284,50000-100000,3.99
409670,Pink Hour,2015-10-28,Studio Pixel,windows,816,66,19,100000-200000,0.0
409690,Pink Heaven,2015-11-03,Studio Pixel,windows,574,63,7,100000-200000,0.0
409710,BioShock™ Remastered,2016-09-15,2K Boston;2K Australia;Blind Squirrel;Feral Interactive (Mac),windows;mac,8652,5121,247,2000000-5000000,9.99
409720,BioShock™ 2 Remastered,2016-09-15,2K Marin;2K China;Digital Extremes;2K Australia;Blind Squirrel,windows,2796,2808,166,2000000-5000000,13.99
410110,12 is Better Than 6,2015-11-20,Ink Stains Games,windows;mac;linux,3192,576,228,500000-1000000,6.99
410210,Ampersand,2015-10-19,PiGravity,windows,319,680,232,200000-500000,0.79
410320,EARTH DEFENSE FORCE 4.1 The Shadow of New Despair,2016-07-18,SANDLOT,windows,4325,267,915,200000-500000,15.49
410340,Liftoff: FPV Drone Racing,2018-09-13,LuGus Studios,windows;mac;linux,924,134,0,50000-100000,14.99
410380,HEX: Shards of Fate,2016-04-19,Hex Entertainment,windows;mac,1055,580,2180,200000-500000,0.0
410670,Suits: A Business RPG,2016-01-05,Technomancy Studios,windows;mac;linux,571,81,23,50000-100000,0.79
410710,System Shock: Enhanced Edition,2015-10-22,Looking Glass Studios;Nightdive Studios,windows,626,76,0,200000-500000,6.99
410820,Starward Rogue,2016-01-20,"Arcen Games, LLC",windows;mac;linux,380,25,0,50000-100000,8.99
410850,DRAGON QUEST HEROES™ Slime Edition,2015-12-03,"KOEI TECMO GAMES CO., LTD.",windows,698,327,0,50000-100000,24.99
410900,Forts,2017-04-19,EarthWork Games,windows,2073,549,1661,200000-500000,10.99
410970,Master of Orion 1,2016-02-25,SimTex,windows;mac;linux,74,10,333,50000-100000,0.0
410980,Master of Orion 2,2016-02-25,SimTex,windows;mac;linux,350,13,54,50000-100000,0.0
410990,Master of Orion 3,2016-08-25,Quicksilver Software,windows,26,34,0,100000-200000,0.0
411000,Sorcery! Parts 1 and 2,2016-02-02,inkle Ltd,windows;mac,235,38,0,50000-100000,9.99
411120,Galaxy Admirals,2017-01-17,Jetdogs Studios,windows;mac;linux,173,29,297,50000-100000,1.59
411300,ELEX,2017-10-17,Piranha Bytes,windows,7388,2427,1932,500000-1000000,39.99
411370,Melty Blood Actress Again Current Code,2016-04-19,FRENCH-BREAD,windows,1205,117,0,50000-100000,18.99
411480,BATTLECREW™ Space Pirates,2017-07-10,DONTNOD ELEVEN,windows,92,77,78,100000-200000,0.0
411560,Reveal The Deep,2015-12-04,Lazy Monday Games,windows;mac;linux,1081,194,20,100000-200000,0.79
411740,Yet Another World,2015-11-30,energy milk,windows;mac;linux,51,12,373,50000-100000,5.79
411820,The FOO Show featuring Will Smith,2016-04-05,"FOO VR, Inc.",windows,130,11,0,50000-100000,0.0
411830,SENRAN KAGURA SHINOVI VERSUS,2016-06-01,Tamsoft,windows,2991,160,1228,100000-200000,14.99
411960,TY the Tasmanian Tiger,2016-12-12,Krome Studios,windows,1676,26,117,50000-100000,10.99
412130,Era of Majesty,2016-02-26,Alexandr Lavelin;Evgeny Shcherbakov,windows,151,93,206,100000-200000,4.79
412140,Electric Highways,2015-10-28,Zykov Eddy;Xitilon,windows,1139,143,12,100000-200000,0.0
412150,Midsummer Night,2016-06-17,Everlasting Fantasy,windows,208,33,249,50000-100000,3.19
412170,City of Chains,2015-12-08,Astronomic Games,windows,207,64,253,200000-500000,5.99
412210,Warfront Defenders: Westerplatte,2017-08-07,Flying Robot Studios,windows,15,16,253,200000-500000,3.99
412290,The Dreamlord,2016-12-13,mesetts,windows,23,46,248,100000-200000,2.79
412400,GASP,2016-01-19,Dark Day Interactive,windows,293,1159,6,200000-500000,0.0
412470,Metal War Online: Retribution,2015-12-01,GDT Limited,windows,438,361,76,200000-500000,0.0
412520,Evil Defenders,2015-11-11,CP Decision,windows;mac,244,65,0,50000-100000,7.19
412600,Lup,2016-04-01,Leo B,windows,149,186,232,500000-1000000,0.79
412740,Audioshield,2016-04-05,Dylan Fitterer,windows,2080,426,40,100000-200000,14.99
412830,STEINS;GATE,2016-09-08,MAGES. Inc.,windows,5720,130,2628,100000-200000,23.99
412880,Drift Streets Japan,2015-12-21,JDM4iK,windows,1899,977,146,100000-200000,1.69
413150,Stardew Valley,2016-02-26,ConcernedApe,windows;mac;linux,118217,3761,2868,2000000-5000000,10.99
413410,Danganronpa: Trigger Happy Havoc,2016-02-18,"Spike Chunsoft Co., Ltd.;Abstraction Games",windows;mac;linux,5714,167,1636,200000-500000,14.99
413420,Danganronpa 2: Goodbye Despair,2016-04-18,"Spike Chunsoft Co., Ltd.;Abstraction Games",windows;mac;linux,4677,148,1909,200000-500000,14.99
413710,Blood and Gold: Caribbean!,2015-12-10,Snowbird Games,windows,548,379,0,50000-100000,14.99
414070,Shut Up And Dig,2015-11-09,Evgeny Shcherbakov;Matvey Sakharovskiy,windows,250,173,279,200000-500000,3.99
414080,Life is Hard,2015-11-03,Pirozhok Studio;Vitaliy Ruzankin,windows;mac;linux,339,132,338,50000-100000,5.99
414290,Princess.Loot.Pixel.Again,2016-04-15,EfimovMax,windows,955,167,368,500000-1000000,3.19
414340,Hellblade: Senua's Sacrifice,2017-08-07,Ninja Theory,windows,20227,1805,455,500000-1000000,24.99
414530,Skyforge,2017-04-13,Allods Team,windows,1270,946,561,500000-1000000,0.0
414580,Uriel's Chasm 2: את,2015-11-13,Rail Slave Games,windows,111,224,185,200000-500000,3.99
414660,Vampire Legends: The True Story of Kisilova,2015-12-03,Organic 2 Digital Studio,windows;mac;linux,283,46,0,50000-100000,6.99
414700,Outlast 2,2017-04-24,Red Barrels,windows,10790,1563,277,500000-1000000,23.79
414720,Astrox: Hostile Space Excavation,2015-11-30,Jace Masula,windows,291,50,427,50000-100000,7.19
414730,Epic Clicker Journey,2016-04-21,Cleversan Software,windows;mac;linux,438,212,31,100000-200000,0.0
414950,Star Nomad 2,2015-12-14,Huy Phan,windows;mac,102,39,0,50000-100000,9.99
415030,One More Dungeon,2015-11-23,Stately Snail,windows;mac;linux,409,117,53,50000-100000,3.99
415200,Motorsport Manager,2016-11-09,Playsport Games,windows;mac;linux,4278,488,4289,200000-500000,24.99
415270,Star Crusade CCG,2016-09-07,"ZiMAD, Inc.",windows,1479,344,82,100000-200000,0.0
415350,Shooting Stars!,2016-01-19,Bloodirony,windows;mac,500,57,141,50000-100000,3.99
415480,Hyperdevotion Noire: Goddess Black Heart (Neptunia),2016-04-26,Idea Factory;Compile Heart;Sting,windows,571,126,255,50000-100000,19.49
415590,Earthfall,2018-07-12,Holospark,windows,1171,592,85,50000-100000,23.79
415660,Tiger Knight,2018-04-30,NetDragon Websoft Inc.,windows,859,552,9,200000-500000,0.0
415830,Gnomes Garden,2015-12-18,Workroom7;Creobit,windows,84,11,337,50000-100000,3.99
415840,Mystic Saga,2016-01-27,FIVE-BN GAMES,windows,86,46,306,50000-100000,3.99
415860,Tactical Craft Online,2016-02-12,Crematorium of Time,windows,572,592,39,200000-500000,0.0
415960,Energy Cycle,2016-01-13,Sometimes You,windows;mac;linux,167,52,216,200000-500000,1.99
416040,CLASH,2016-11-15,Ultima Games,windows,87,120,226,100000-200000,0.0
416080,The Odyssey: Winds of Athena,2015-11-06,Liquid Dragon Studios,windows,331,181,330,100000-200000,1.99
416170,HotLead,2015-11-06,Thrill Pill Games,windows;mac;linux,88,177,121,50000-100000,0.79
416210,Block'hood,2017-05-10,Plethora-Project LLC,windows;mac;linux,707,248,368,50000-100000,10.99
416450,Emporea: Realms of War and Magic,2016-06-08,Pixel Federation,windows;mac,250,148,346,100000-200000,0.0
416590,Emily Wants To Play,2015-12-10,Shawn Hitchcock,windows;mac,914,222,36,100000-200000,3.99
416600,Full Metal Furies,2018-01-17,Cellar Door Games,windows;mac;linux,963,94,637,50000-100000,14.99
416610,The Growth Journey,2016-01-07,Cleverweek,windows;mac;linux,39,21,218,50000-100000,2.79
416670,Gunslingers,2015-12-17,webgames,windows,176,148,0,50000-100000,0.0
416680,Zombie Night Terror,2016-07-20,NoClip,windows;mac;linux,1140,86,143,100000-200000,9.99
416690,Oh...Sir! Prototype,2015-12-21,Vile Monarch,windows;mac;linux,811,76,91,100000-200000,0.0
417290,Ghost of a Tale,2018-03-13,SeithCG,windows,2119,173,551,100000-200000,19.49
417430,Moto Racer  4,2016-11-02,Artefacts Studios,windows;mac,474,252,586,100000-200000,11.39
417860,Emily is Away,2015-11-20,Kyle Seeley,windows;mac;linux,25981,3340,121,1000000-2000000,0.0
417890,Apotheon Arena,2015-12-08,Alientrap,windows,758,166,35,200000-500000,0.0
417910,Street Warriors Online,2016-12-16,Crazy Rocks Studios,windows,956,724,20,200000-500000,1.59
418030,Subsistence,2016-10-25,ColdGames,windows,2680,1130,82,100000-200000,10.59
418070,Turbo Pug,2015-11-09,Space Cat Studios;SnowFlame;Back To Basics Gaming,windows,3041,310,224,500000-1000000,0.79
418160,Garden Rescue: Christmas Edition,2015-11-09,Rainbow Games,windows,48,9,207,100000-200000,2.79
418180,Tempest: Pirate Action RPG,2016-08-22,Lion's Shade,windows;mac,1221,501,102,100000-200000,14.99
418240,Shadow Tactics: Blades of the Shogun,2016-12-06,Mimimi Productions,windows;mac;linux,9523,417,287,500000-1000000,34.99
418340,RWBY: Grimm Eclipse,2016-07-05,Rooster Teeth Games,windows;mac,8844,1830,185,200000-500000,14.99
418370,RESIDENT EVIL 7 biohazard / BIOHAZARD 7 resident evil,2017-01-23,"CAPCOM Co., Ltd.",windows,19022,1718,823,500000-1000000,19.99
418460,Rising Storm 2: Vietnam,2017-05-30,Antimatter Games;Tripwire Interactive,windows,17201,4777,1945,500000-1000000,18.99
418610,Swiftly,2016-01-26,Cleverweek,windows;mac;linux,62,59,230,100000-200000,0.79
418650,Space Pirate Trainer,2017-10-12,I-Illusions,windows,1909,84,113,100000-200000,10.99
418950,DreadOut: Keepers of The Dark,2016-03-24,Digital Happiness,windows,412,102,118,100000-200000,4.99
419480,Starpoint Gemini Warlords,2017-05-23,Little Green Men Games,windows,1830,628,0,100000-200000,26.99
420060,Candle,2016-11-11,Teku Studios,windows;mac;linux,322,52,0,50000-100000,11.99
420110,NEKOPARA Vol. 2,2016-02-19,NEKO WORKs,windows,8671,238,586,500000-1000000,6.99
420210,KRUM - Edge Of Darkness,2015-11-24,HA Studio Ltd.,windows,34,68,0,50000-100000,2.09
420290,Blackwake,2017-02-24,Mastfire Studios Pty Ltd,windows;mac,9352,1367,396,500000-1000000,14.99
420360,Spectrum,2016-09-22,3D Avenue,windows;mac;linux,44,9,0,50000-100000,3.99
420530,OneShot,2016-12-08,Little Cat Feet,windows;mac;linux,10985,220,327,200000-500000,6.99
420740,The Deed,2015-11-23,Pilgrim Adventures;GrabTheGames Studios,windows,1378,137,241,100000-200000,0.49
420790,StarBreak,2016-05-10,Crunchy Games,windows;mac;linux,728,221,54,200000-500000,0.0
420880,I must kill...: Fresh Meat,2015-11-30,Gaming Cats Studio,windows,62,160,0,50000-100000,0.0
420970,RoBoRumble,2015-12-10,Metropolis,windows;mac,48,45,344,100000-200000,4.79
421020,DiRT 4,2017-06-08,Codemasters;Feral Interactive (Mac);Feral Interactive (Linux),windows;mac;linux,3779,1923,873,200000-500000,44.99
421040,Plantera,2016-01-28,VaragtP,windows,3709,485,365,200000-500000,2.09
421050,Deponia Doomsday,2016-03-01,Daedalic Entertainment,windows;mac;linux,1868,270,247,200000-500000,14.99
421120,Samorost 3,2016-03-24,Amanita Design,windows;mac,1888,98,515,200000-500000,16.99
421670,CUPID - A free to play Visual Novel,2016-03-04,Fervent,windows;mac;linux,865,129,0,100000-200000,0.0
421700,Sakura Santa,2015-12-21,Winged Cloud,windows;mac;linux,478,78,647,100000-200000,6.99
421740,Goetia,2016-04-14,Sushee,windows;mac;linux,223,51,0,50000-100000,9.99
422100,Heaven Island Life,2016-04-21,Fabio Ferrara,windows,362,316,216,500000-1000000,0.79
422250,ShipLord,2015-12-02,Just1337 Studio,windows;mac;linux,324,238,249,200000-500000,10.99
422420,Godus Wars,2016-02-03,22cans,windows;mac,91,440,0,100000-200000,10.99
422630,Metaverse Construction Kit,2015-12-06,Metaware,windows;mac,158,80,0,100000-200000,0.0
422810,River City Ransom: Underground,2017-02-27,Conatus Creative Inc.,windows;mac;linux,1285,425,8,50000-100000,14.99
422870,Super Duper Flying Genocide 2017,2016-12-29,CharlieH,windows,1000,441,157,200000-500000,0.79
422970,Devil Daggers,2016-02-18,Sorath,windows;mac;linux,4462,222,216,200000-500000,3.99
423230,Furi,2016-07-05,The Game Bakers,windows,4199,474,535,500000-1000000,14.99
423550,Day D: Tower Rush,2016-07-07,Creobit,windows,80,28,0,50000-100000,3.99
423580,Project Highrise,2016-09-08,SomaSim,windows;mac,1724,400,224,200000-500000,14.99
423710,Invasion: Brain Craving,2016-06-22,New Reality Games,windows,115,151,237,500000-1000000,0.79
423760,Hit Tank PRO,2015-12-02,Bacq Stellan,windows,69,43,0,50000-100000,1.99
423810,Marooners,2016-09-15,M2H,windows;mac;linux,381,160,0,100000-200000,7.19
423880,Carpe Diem,2015-11-30,Moonlit Works,windows;mac;linux,6791,793,10,200000-500000,0.0
423890,Gods and Idols,2016-12-12,Viking Tao,windows,419,183,1,100000-200000,0.0
423900,Dinocide,2016-01-21,AtomicTorch Studio,windows;mac;linux,98,90,0,50000-100000,6.99
423950,Deadlight: Director's Cut,2016-06-21,Tequila Works;Abstraction Games,windows,470,217,0,100000-200000,8.99
424000,Project Pulsation,2015-12-15,VGstudio,windows,56,85,400,200000-500000,3.99
424030,War of Rights,2018-12-03,Campfire Games,windows,1212,319,0,50000-100000,23.79
424280,Iron Snout,2016-01-27,SnoutUp,windows;mac;linux,13889,277,10647,1000000-2000000,0.0
424370,Wolcen: Lords of Mayhem,2016-03-24,WOLCEN Studio,windows,2787,1306,2766,100000-200000,27.99
424780,Imperia Online,2016-04-15,Imperia Online JSC,windows,89,101,0,50000-100000,0.0
424830,Bell Ringer,2016-03-18,Night Node Software,windows,97,309,183,200000-500000,4.99
424840,Little Nightmares,2017-04-27,Tarsier Studios,windows,7568,980,90,500000-1000000,15.99
425210,Shadwen,2016-05-17,Frozenbyte,windows;mac;linux,587,179,80,100000-200000,12.99
425220,One Piece Burning Blood,2016-09-01,"Spike Chunsoft Co., Ltd.",windows,1504,496,453,100000-200000,39.99
425410,Road to Ballhalla,2016-08-05,Torched Hill,windows,281,36,5,50000-100000,10.99
425580,The Room Two,2016-07-05,Fireproof Games,windows,7382,176,181,200000-500000,3.99
425670,Seraph,2016-09-20,Dreadbit,windows,378,70,0,50000-100000,9.99
426000,HunieCam Studio,2016-04-04,HuniePot,windows;mac;linux,3214,645,183,200000-500000,4.99
426690,Narcissu 10th Anniversary Anthology Project,2016-01-27,stage-nana,windows,327,6,157,50000-100000,1.99
426790,Grow Up,2016-08-16,"Reflections, a Ubisoft Studio",windows,941,118,323,50000-100000,8.59
427100,Fernbus Simulator,2016-08-25,TML-Studios,windows,1534,1348,0,100000-200000,27.1
427190,DEAD RISING®,2016-09-12,Capcom,windows,1595,190,166,100000-200000,15.99
427250,8-Bit Armies,2016-04-22,Petroglyph,windows,1370,335,0,100000-200000,10.99
427290,Vampyr,2018-06-04,DONTNOD Entertainment,windows,4580,1717,794,200000-500000,44.99
427470,Democracy 3 Africa,2016-04-12,Positech Games,windows;mac,189,76,1505,50000-100000,10.99
427520,Factorio,2016-02-25,Wube Software LTD.,windows;mac;linux,47918,723,10087,1000000-2000000,21.0
427730,Who's Your Daddy,2016-05-13,Evil Tortilla Games,windows;mac;linux,9751,3747,103,1000000-2000000,3.99
427780,PERFECT ANGLE: The puzzle game based on optical illusions,2015-12-22,Ivanovich Games,windows;mac,250,66,96,50000-100000,6.99
427820,Hitman GO: Definitive Edition,2016-02-23,Square Enix Montréal,windows;linux,782,152,210,100000-200000,6.49
427930,Army of Tentacles: (Not) A Cthulhu Dating Sim,2016-02-15,Stegalosaurus Game Development,windows;mac;linux,38,27,171,50000-100000,3.99
427980,Aozora Meikyuu,2016-01-27,Yume Creations,windows;mac;linux,386,96,152,100000-200000,3.99
428510,Solitaire Christmas. Match 2 Cards,2015-12-24,Creobit,windows,44,18,335,50000-100000,3.99
428550,Momodora: Reverie Under The Moonlight,2016-03-04,Bombservice,windows;mac;linux,5904,363,134,200000-500000,6.99
428630,White Mirror,2016-01-26,GDNomad,windows,163,126,256,200000-500000,3.99
428690,Youtubers Life,2017-02-02,U-Play Online,windows;mac;linux,6483,2590,1394,500000-1000000,19.99
428750,Neon Chrome,2016-04-28,10tons Ltd,windows;mac;linux,743,61,83,200000-500000,10.99
428870,Take the Dream IX,2016-04-01,Yai Gameworks,windows;mac,113,29,0,50000-100000,0.0
428900,"Linea, the Game",2016-01-04,KHB-Soft,windows;mac;linux,730,109,223,100000-200000,1.59
428950,"Kivi, Toilet and Shotgun",2016-01-15,16bit Nights,windows,237,240,218,500000-1000000,0.79
429050,Feed and Grow: Fish,2016-01-08,Old B1ood,windows,1341,550,197,100000-200000,10.99
429180,Project CARS - Pagani Edition,2016-10-28,Slightly Mad Studios,windows,598,402,15906,200000-500000,0.0
429300,Sepia Tears,2016-01-08,Scarlet String Studios,windows;mac;linux,713,85,97,100000-200000,0.0
429330,Stikbold! A Dodgeball Adventure,2016-04-01,Game Swing,windows;mac,286,41,188,50000-100000,7.99
429470,Space Pilgrim Episode I: Alpha Centauri,2015-12-21,Pilgrim Adventures;GrabTheGames Studios,windows,749,113,321,200000-500000,0.9
429540,Prime World: Defenders 2,2018-11-29,Nival,windows,543,110,0,100000-200000,0.0
429610,The Emerald Maiden: Symphony of Dreams,2016-02-18,GOGII Games,windows;mac;linux,208,43,132,50000-100000,6.99
429660,Tales of Berseria™,2017-01-26,BANDAI NAMCO Studios Inc.,windows,7427,536,2398,200000-500000,39.99
429680,Spellweaver,2016-02-01,Dream Reactor,windows,905,321,77,200000-500000,0.0
429700,Squirbs,2016-01-06,Team Indev,windows,261,138,232,100000-200000,1.59
429790,AdventureQuest 3D,2016-10-19,"Artix Entertainment, LLC",windows;mac,2699,1115,332,500000-1000000,0.0
429940,The Sad Story of Emmeline Burns,2016-01-05,ebi-hime,windows;mac;linux,554,48,0,50000-100000,0.0
430080,Elysium: Blood Games,2016-01-05,SimProse Studios,windows,51,25,225,50000-100000,1.59
430210,Megaton Rainfall,2017-11-17,"Pentadimensional Games, SL",windows,633,231,0,50000-100000,11.99
430960,Lucy -The Eternity She Wished For-,2016-02-28,Modern Visual Arts Laboratory;SEO INSEOK,windows,5341,238,213,100000-200000,6.99
431180,WolfQuest,2016-03-25,eduweb,windows;mac,959,121,0,50000-100000,6.99
431220,Porradaria 2: Pagode of the Night,2016-03-08,CleanWaterSoft,windows;linux,92,85,0,50000-100000,7.19
431240,Golf With Your Friends,2016-01-29,Blacklight Interactive,windows;mac;linux,15946,1723,323,1000000-2000000,4.79
431250,Mushroom Wars,2016-04-07,Zillion Whales;Creat Studios,windows,275,66,556,50000-100000,6.99
431500,Clash of the Monsters,2016-04-13,Cadence Games,windows;mac,175,173,1,100000-200000,0.0
431540,Frosty Kiss,2016-01-08,2Chance Projects;IIchan Eroge Team,windows;linux,1103,125,22,100000-200000,0.0
431560,Hard Room,2016-01-21,Evgeny Shcherbakov;Denis Ovsyannikov,windows,275,120,242,200000-500000,1.99
431600,Automobilista,2016-08-24,Reiza Studios,windows,955,141,0,50000-100000,22.99
431640,Doodle Kingdom,2016-06-09,JoyBits Ltd.,windows;mac;linux,53,65,263,50000-100000,6.19
431710,Space Pilgrim Episode II: Epsilon Indi,2016-01-08,Pilgrim Adventures;GrabTheGames Studios,windows,310,52,330,200000-500000,0.9
431960,Wallpaper Engine,2018-11-16,Kristjan Skutta,windows,63623,1947,1731,5000000-10000000,2.79
431990,Locked-in syndrome,2016-01-07,Studio48,windows,126,145,183,200000-500000,1.99
432020,What's under your blanket !?,2016-01-05,5Wolf,windows,2207,422,150,200000-500000,0.79
432100,Negligee,2016-10-19,Dharker Studio,windows;mac;linux,472,117,368,50000-100000,10.29
432170,Silver Knight,2016-01-15,Wojciech Krupinski,windows,36,28,389,50000-100000,1.59
432290,Elemental Heroes,2016-03-03,mPower Games Studio,windows;mac;linux,75,58,0,50000-100000,0.0
432350,Epic Battle Fantasy 5,2018-11-30,Matt Roszak,windows,1073,19,0,50000-100000,11.49
432470,Magdalena,2016-02-22,MagdalenaTeam,windows;mac,102,137,205,200000-500000,1.99
433210,Rhino's Rage,2016-03-04,Defroids,windows,33,58,95,50000-100000,3.99
433340,Slime Rancher,2017-08-01,Monomi Park,windows;mac;linux,24205,965,1314,1000000-2000000,14.99
433350,BlackShot: Mercenary Warfare FPS,2016-05-31,Vertigo Games America,windows,1258,1182,85,500000-1000000,0.0
433530,Heliborne,2017-10-12,JetCat Games,windows;mac;linux,1379,348,0,50000-100000,15.49
433850,Z1 Battle Royale,2018-02-28,NantG,windows,111434,91664,3142,10000000-20000000,0.0
433910,Neon Drive,2016-05-12,Fraoula,windows;mac;linux,1149,241,368,50000-100000,6.99
433950,Bit Blaster XL,2016-01-22,Nickervision Studios,windows;mac;linux,5221,145,125,200000-500000,0.79
434020,Last Hope - Tower Defense,2016-04-13,JE Software,windows,242,47,0,50000-100000,5.99
434050,Duke Nukem 3D: 20th Anniversary World Tour,2016-10-11,"Nerve Software, Gearbox Software, LLC",windows,806,177,55,50000-100000,14.99
434170,The Jackbox Party Pack 3,2016-10-17,"Jackbox Games, Inc.",windows;mac;linux,831,44,302,200000-500000,18.99
434210,It's Spring Again,2016-02-02,Baba Yaga Games,windows;mac;linux,559,53,222,100000-200000,0.79
434250,Masked Shooters 2,2016-01-14,FreezeNova,windows;mac,1041,451,194,200000-500000,0.79
434260,My Name is Mayo,2016-02-15,Green Lava Studios,windows,1809,397,0,50000-100000,0.79
434430,Abbot's Book Demo,2016-04-04,"The Abbot's Book, LLC",windows,155,18,0,50000-100000,0.0
434460,Rock of Ages 2: Bigger & Boulder™,2017-08-28,ACE Team,windows,1423,348,190,100000-200000,10.99
434510,Formicide,2017-06-12,"Rock Wall Games, LLC",windows,216,51,0,100000-200000,0.0
434520,Simutrans,2016-05-24,The Simutrans Team,windows;mac;linux,232,83,88,100000-200000,0.0
434570,Blood and Bacon,2016-02-01,Big Corporation,windows,16822,995,1203,500000-1000000,0.79
434650,Lost Castle,2016-08-31,Hunter Studio,windows;mac,11930,1392,881,500000-1000000,6.99
434730,Half Dead,2016-08-01,Room710Games,windows,2174,560,53,200000-500000,1.59
434890,Eight Mini Racers,2016-01-12,David Mulder,windows,29,22,209,100000-200000,0.79
435030,Lost Lands: Mahjong,2016-03-14,FIVE-BN GAMES,windows;mac,3769,309,23,100000-200000,0.0
435120,Rusty Lake Hotel,2016-01-29,Rusty Lake,windows;mac,1311,86,205,100000-200000,1.59
435150,Divinity: Original Sin 2 - Definitive Edition,2017-09-14,Larian Studios,windows;mac,44145,2464,2938,2000000-5000000,29.99
435400,Hidden Folks,2017-02-15,Adriaan de Jongh;Sylvain Tegroeg,windows;mac;linux,4514,161,87,200000-500000,5.99
435440,Galaxy Control: 3D Strategy,2016-08-10,FX Games Media,windows;mac,180,166,17,100000-200000,0.0
435530,The Final Station,2016-08-30,Oleg Sergeev;Andrey Rumak;Do My Best,windows;mac;linux,3383,649,199,100000-200000,10.99
436110,Medusa's Labyrinth,2016-02-15,Guru Games,windows,807,209,19,200000-500000,0.0
436150,Governor of Poker 3,2016-02-19,Azerion;YoudaGames,windows;mac,2163,866,1848,500000-1000000,0.0
436160,The Panic Room,2016-04-27,NIKITA ONLINE,windows;mac,164,142,0,100000-200000,0.0
436180,Spacelords,2017-09-22,MercurySteam,windows,1170,1209,62,500000-1000000,0.0
436320,Raw Data,2017-10-05,Survios,windows,1594,289,0,50000-100000,29.99
436520,Line of Sight,2017-01-31,BlackSpot Entertainment,windows,4562,3397,161,2000000-5000000,0.0
436820,Waltz of the Wizard,2016-05-31,Aldin Dynamics,windows,1133,24,42,200000-500000,0.0
437160,The Lion's Song: Episode 1 - Silence,2016-07-07,Mi'pu'mi Games GmbH,windows;mac;linux,1579,109,129,100000-200000,0.0
437390,HoPiKo,2017-01-06,Laser Dog,windows;mac,110,34,0,50000-100000,4.99
437400,SOLRAVEN,2016-03-03,Inception Soft,windows,8,27,1,50000-100000,0.0
437570,GoNNER,2016-10-12,Art in Heart,windows;mac;linux,729,122,60,100000-200000,6.99
437890,AuroraRL,2016-04-08,Sun Dogs,windows;linux,137,50,571,200000-500000,3.19
437900,Party Jousting,2016-03-01,vikingfabian.com,windows,575,58,1,500000-1000000,0.0
437920,Tricky Towers,2016-08-02,WeirdBeard,windows;mac;linux,3449,378,570,200000-500000,11.99
438020,AI: Rampage,2016-01-27,Sekerin Productions,windows,85,206,288,200000-500000,1.59
438030,Dead6hot,2016-02-01,Chuck Productions,windows,201,246,255,200000-500000,0.79
438040,Shakes and Fidget,2016-02-24,Playa Games GmbH,windows;mac,6591,988,1752,1000000-2000000,0.0
438080,Surfingers,2016-01-27,Digital Melody,windows;mac;linux,442,103,245,50000-100000,1.59
438100,VRChat,2017-02-01,VRChat Inc.,windows,25818,3323,1351,2000000-5000000,0.0
438140,Star Realms,2016-03-08,White Wizard Games,windows;mac,492,128,0,100000-200000,0.0
438180,Super Mustache,2016-01-27,Redro Games,windows,433,160,210,500000-1000000,0.79
438270,Learn Japanese To Survive! Hiragana Battle,2016-02-16,Sleepy Duck,windows;mac,1189,88,91,100000-200000,4.99
438420,Zenith,2016-09-20,Infinigon,windows,272,113,0,50000-100000,10.99
438480,Rock 'N' Roll Defense,2016-08-10,NukGames,windows,673,137,305,200000-500000,0.79
438490,GOD EATER 2 Rage Burst,2016-08-29,BANDAI NAMCO Studio;SHIFT;QLOC,windows,2576,738,942,200000-500000,39.99
438600,Soccer Manager,2016-02-09,Soccer Manager Ltd,windows;mac,145,78,11,100000-200000,0.0
438640,LEGO® STAR WARS™: The Force Awakens,2016-06-27,Traveller's Tales;TT Games;Feral Interactive (Mac),windows;mac,1828,422,1399,200000-500000,24.99
438680,One Troll Army,2016-05-19,FlyAnvil,windows;mac,936,169,14,200000-500000,0.0
438740,Friday the 13th: The Game,2017-05-25,IllFonic,windows,19663,8304,4823,500000-1000000,15.49
438790,Random Access Murder,2016-08-05,Team Murder,windows;mac;linux,38,125,0,100000-200000,0.79
438920,Legends of Callasia,2016-06-10,Boomzap Entertainment,windows;mac,202,48,0,50000-100000,0.0
439190,Stories: The Path of Destinies,2016-04-12,Spearhead Games,windows,4138,609,272,1000000-2000000,10.99
439250,Space Pilgrim Episode III: Delta Pavonis,2016-02-04,Pilgrim Adventures;GrabTheGames Studios,windows,218,37,325,200000-500000,0.9
439370,Midair,2018-05-03,Archetype Studios,windows,423,353,67,100000-200000,0.0
439550,'n Verlore Verstand,2016-04-05,Skobbejak Games,windows;mac;linux,40,46,0,50000-100000,10.99
439910,Risky Rescue,2016-02-19,Digital Melody,windows;mac;linux,248,62,209,50000-100000,0.79
439920,Royal Heroes,2016-03-16,Badim,windows;mac,197,54,377,50000-100000,3.99
439940,Lucid9: Inciting Incident,2016-04-14,Fallen Snow Studios,windows;mac;linux,795,71,1,100000-200000,0.0
440540,Ara Fell,2016-06-02,Stegosoft Games,windows,541,26,0,50000-100000,6.99
440630,The Brookhaven Experiment,2016-07-05,Phosphor Games,windows,662,95,0,50000-100000,14.99
440650,Niche - a genetics survival game,2017-09-21,Stray Fawn Studio,windows;mac;linux,1992,307,0,100000-200000,13.59
440730,Survival Zombies The Inverted Evolution,2017-05-08,Racing Bros,windows;mac;linux,466,341,164,50000-100000,3.99
440740,Tap Tap Legions - Epic battles within 5 seconds!,2016-02-08,YFC games,windows;mac,169,141,1,100000-200000,0.0
440760,Cube Destroyer,2016-02-15,Freedomize Studio,windows,936,165,193,100000-200000,0.79
440880,The Count Lucanor,2016-03-03,Baroque Decay,windows;mac;linux,728,37,220,50000-100000,7.19
440900,Conan Exiles,2018-05-08,Funcom,windows,22001,9594,4431,500000-1000000,33.99
440950,Story Of the Survivor,2016-02-16,Kamil Szczepanik;Bartosz Zajkowski,windows,33,18,0,50000-100000,3.99
441380,PAC-MAN™ CHAMPIONSHIP EDITION 2,2016-09-13,BANDAI NAMCO Studios Inc.,windows,196,144,27,50000-100000,9.99
441550,STAR WARS™ Rebellion,2016-03-01,Coolhand Interactive,windows,355,67,8,200000-500000,4.79
441790,Fragmented,2017-08-15,Above and Beyond Technologies,windows,806,978,148,50000-100000,6.99
441830,I am Setsuna,2016-07-19,Tokyo RPG Factory,windows,848,310,1136,50000-100000,29.99
441870,OutDrive,2016-02-22,DNVR Prod,windows,1932,814,51,100000-200000,1.99
442000,Alone K.W.,2016-02-29,TeamWaterFly,windows,13,28,388,100000-200000,0.79
442070,Drawful 2,2016-06-20,"Jackbox Games, Inc.",windows;mac;linux,289,37,331,100000-200000,6.99
442080,Riders of Icarus,2016-07-06,WeMade,windows,5306,2741,1859,1000000-2000000,0.0
442120,Pinball FX3,2017-09-26,Zen Studios,windows,768,202,145,100000-200000,0.0
442500,Age of Gladiators,2016-02-25,Creative Storm Entertainment,windows,436,117,383,50000-100000,6.99
442780,STRAFE: Millennium Edition,2017-05-09,Pixel Titans,windows;mac;linux,1235,487,181,200000-500000,11.39
442810,UFO Online: Invasion,2016-06-08,Bad Pixel,windows,256,212,7,100000-200000,0.0
443110,Armored Warfare,2017-11-17,Obsidian Entertainment;My.com,windows,495,332,276,100000-200000,0.0
443580,Antenna,2016-04-07,LWNA,windows,1513,546,20,200000-500000,0.0
443810,This Is the Police,2016-08-02,Weappy Studio,windows;mac;linux,5315,1096,198,500000-1000000,13.99
443880,Loot Rascals,2017-03-07,Hollow Ponds,windows,110,48,11,50000-100000,10.99
443940,Unknown Battle,2016-03-14,Nikolai Patrakov,windows,186,429,326,200000-500000,2.79
444090,Paladins®,2018-05-08,Evil Mojo Games,windows,169580,32407,1595,10000000-20000000,0.0
444160,Bonsai,2016-02-18,Rooted Concepts,windows;linux,93,66,294,50000-100000,0.79
444200,World of Tanks Blitz MMO,2016-11-09,Wargaming Group Limited,windows;mac,14069,5988,5046,2000000-5000000,0.0
444220,Asteroid Bounty Hunter,2016-02-24,Just1337 Studio,windows;mac;linux,398,190,164,100000-200000,4.99
444250,Crown and Council,2016-04-22,Mojang,windows,450,268,0,100000-200000,0.0
444260,Mindless Running,2016-02-18,Quiet River,windows,235,125,338,50000-100000,0.79
444290,28 Waves Later,2017-03-15,Dagestan Technology,windows,54,150,0,200000-500000,3.19
444410,Find Out,2016-02-16,Vorobiov Vadym,windows,27,33,220,100000-200000,0.79
444480,Broken Dreams,2016-02-19,Mihai Morosanu,windows;mac;linux,278,119,233,200000-500000,1.59
444490,POLYWAR,2016-12-30,exagongames,windows,276,107,256,200000-500000,3.99
444620,SpellKnights,2016-07-13,Mechanical Boss,windows,28,43,0,50000-100000,0.0
444640,Bloons TD Battles,2016-04-20,Ninja Kiwi,windows;mac,6486,1227,526,1000000-2000000,0.0
444720,Inexistence,2016-04-18,Jonathan BRASSAUD,windows,206,100,288,100000-200000,4.79
444770,Mimpi Dreams,2016-03-22,Dreadlocks Mobile;Silicon Jelly,windows;mac;linux,311,22,87,50000-100000,0.0
444790,Abandoned Knight,2016-04-27,Daniil Hasanov,windows,105,211,233,200000-500000,3.19
444930,Zaccaria Pinball,2016-06-16,Magic Pixel Kft.,windows;mac;linux,315,91,0,100000-200000,0.0
445130,The Average Everyday Adventures of Samantha Browne,2016-04-18,Lemonsucker Games,windows;mac;linux,686,164,1,100000-200000,0.0
445190,Expeditions: Viking,2017-04-27,Logic Artists,windows,1608,321,0,100000-200000,24.99
445220,Avorion,2017-01-23,Boxelware,windows;linux,3190,398,3584,100000-200000,13.59
445230,Lost girl`s [diary],2016-03-24,SmoleVN,windows;mac,735,164,4,100000-200000,0.0
445720,Battle Islands: Commanders,2017-02-14,DR Studios,windows,366,388,10,200000-500000,0.0
445980,Wizard of Legend,2018-05-15,Contingent99,windows;mac;linux,3990,535,386,200000-500000,12.39
446020,Jalopy - The Road Trip Driving Indie Car Game (公路旅行驾驶游戏),2018-03-28,Minskworks,windows,3723,1172,283,100000-200000,10.99
446150,GUNS UP!,2018-02-05,"Valkyrie Entertainment, LLC",windows,1637,940,160,500000-1000000,0.0
446380,Sophie's Curse,2016-03-16,TrerPlay,windows,316,59,221,50000-100000,3.99
446620,Zombie Training Simulator,2016-04-15,"Acceleroto, Inc.",windows,481,50,122,100000-200000,14.99
446640,Space Pilgrim Episode IV: Sol,2016-03-04,Pilgrim Adventures;GrabTheGames Studios,windows,234,26,335,100000-200000,0.9
446770,Skeet: VR Target Shooting,2016-04-05,Flatbox Studios,windows,106,28,0,100000-200000,0.0
446780,AMOK,2016-03-22,Artem Bondin,windows,70,98,264,50000-100000,0.79
446790,Diluvion: Resubmerged,2017-02-02,Arachnid Games,windows,557,270,0,200000-500000,14.99
446800,Transport Fever,2016-11-08,Urban Games,windows;mac;linux,4418,1266,849,200000-500000,26.99
446990,The Huntsman: Winter's Curse,2016-04-22,Desert Owl Games LLC,windows;mac,184,64,0,50000-100000,0.0
447020,Farming Simulator 17,2016-10-24,Giants Software,windows;mac,11211,1025,4377,500000-1000000,15.99
447040,Watch_Dogs® 2,2016-11-28,Ubisoft,windows,20905,5366,1231,500000-1000000,49.99
447270,IKEA VR Experience,2016-04-04,IKEA Communications AB,windows,194,70,8,200000-500000,0.0
447530,VA-11 Hall-A: Cyberpunk Bartender Action,2016-06-21,Sukeban Games,windows;mac;linux,12348,294,746,200000-500000,10.99
447570,Regeria Hope Episode 1,2016-07-25,Golden Game Barn,windows;mac;linux,278,48,0,50000-100000,0.0
447820,Day of Infamy,2017-03-23,New World Interactive,windows;mac;linux,14349,3169,3902,500000-1000000,11.39
447850,The Next Door,2016-03-22,Labory,windows,340,341,178,200000-500000,0.79
447890,Cat on a Diet,2016-02-29,Nawia Games,windows,517,95,294,100000-200000,3.99
447920,Drift (Over) Drive,2017-09-24,Retraissance,windows,13,11,271,100000-200000,0.79
447940,Brine,2016-05-07,BrineTeam,windows,106,280,120,100000-200000,2.79
447970,Envoy,2016-03-17,Riviysky,windows,79,19,243,50000-100000,3.99
448000,Sparkle ZERO,2016-03-14,MMEU,windows;mac;linux,151,122,222,50000-100000,3.99
448070,Red Risk,2016-03-04,Microblast Games,windows;mac,354,258,227,200000-500000,0.79
448250,NUKED KNIGHT,2016-10-19,Nuked Games,windows,133,62,232,100000-200000,3.19
448260,Cubium Dreams,2016-04-29,Igrodelsky,windows,114,87,232,200000-500000,3.19
448280,Job Simulator,2016-04-05,Owlchemy Labs,windows,1219,189,102,200000-500000,15.49
448310,Bitardia Cards: Memes of 2ch,2016-05-19,varlamov5264,windows;mac;linux,137,48,12,50000-100000,0.0
448350,Case #8,2016-03-09,Peace,windows,112,78,193,100000-200000,3.19
448440,Bizarre Earthquake,2016-05-11,Proximity Games,windows,218,157,261,100000-200000,1.69
448470,Bacteria,2016-03-23,Sometimes You,windows;mac;linux,154,124,344,200000-500000,0.79
448510,Overcooked,2016-08-03,Ghost Town Games Ltd.,windows,6653,650,152,500000-1000000,12.99
448570,Origin Of Destiny: Crimson Awakening,2016-04-01,CloudTheWolf Games,windows,87,32,0,50000-100000,0.0
448610,Draw Rider,2016-03-31,17Studio,windows;mac,87,37,284,50000-100000,1.69
448630,Rabiez: Epidemic,2016-03-04,Sekerin Productions,windows,41,69,253,200000-500000,1.59
448660,Shake Your Money Simulator 2016,2016-03-28,CharlieH,windows,433,253,238,200000-500000,0.79
448710,VirZOOM Arcade,2016-06-30,VirZOOM,windows,20,1,0,50000-100000,0.0
448780,Sixtieth Kilometer,2016-08-25,Talentplace,windows;linux,1045,318,320,200000-500000,0.79
448980,The Divergent Series: Allegiant VR,2016-03-17,Wevr Inc;Big Red Button Entertainment,windows,61,34,0,50000-100000,0.0
449000,Steno Arcade,2016-03-30,For All To Play,windows;mac;linux,126,42,1,50000-100000,0.0
449020,The Bottom of the Well,2016-03-03,Red Nettle Studio,windows,388,59,0,50000-100000,0.0
449040,Jesus Christ RPG Trilogy,2016-03-18,Wholetone Games,windows,1043,201,196,100000-200000,0.0
449050,Rock Paper Scissors Champion,2016-03-02,Wholetone Games,windows,227,221,0,50000-100000,0.0
449130,ENGAGE,2018-12-18,Immersive VR Education Ltd.,windows,33,8,0,50000-100000,0.0
449140,Istrolid,2016-05-06,treeform,windows;mac;linux,1899,276,20,200000-500000,0.0
449200,Calcu-Late,2016-03-18,Blazing Fanfish,windows,172,124,214,200000-500000,0.79
449220,A grande bagunça espacial - The big space mess,2016-04-05,RMAL,windows,639,386,252,200000-500000,0.79
449440,The Big Elk,2016-05-24,Anatoliy Loginovskikh,windows,155,44,137,50000-100000,3.19
449470,Atulos Online,2016-04-30,Parallaxian Pty Ltd,windows,161,73,0,50000-100000,0.0
449530,Grand Pigeon's Duty,2016-08-05,WolfgangIs,windows;linux,404,102,284,200000-500000,2.89
449540,There's Poop In My Soup,2016-03-14,K Bros Games,windows;mac,3256,459,350,200000-500000,0.79
449760,Tenrow,2016-04-08,Cleverweek,windows;mac;linux,121,26,215,100000-200000,1.99
449800,Attack on Titan / A.O.T. Wings of Freedom,2016-08-26,"KOEI TECMO GAMES CO., LTD.",windows,2501,479,2492,100000-200000,49.99
449940,! That Bastard Is Trying To Steal Our Gold !,2016-03-03,WTFOMGames,windows;linux,17,46,396,100000-200000,2.89
449960,Book of Demons,2018-12-13,Thing Trunk,windows;mac,5312,389,124,200000-500000,19.99
450190,MAZE LORD,2016-06-17,Jetdogs Studios,windows,159,44,342,50000-100000,3.99
450220,Overload Playable Teaser 3.0,2016-03-07,"Revival Productions, LLC",windows;mac;linux,600,34,0,100000-200000,0.0
450390,The Lab,2016-04-05,Valve,windows,2926,145,95,500000-1000000,0.0
450540,"Hot Dogs, Horseshoes & Hand Grenades",2016-04-05,RUST LTD.,windows,3054,99,568,200000-500000,14.99
450670,Table Top Racing: World Tour,2016-05-25,Playrise Digital Ltd.,windows,349,115,0,50000-100000,7.19
451020,Battle Chasers: Nightwar,2017-10-03,Airship Syndicate,windows;mac;linux,2987,375,1387,200000-500000,24.99
451130,Khan: Absolute Power,2016-03-18,Mirinae,windows,86,75,0,50000-100000,0.0
451340,Gold Rush: The Game,2017-10-13,Code Horizon,windows,3176,1787,227,200000-500000,15.49
451520,theBlu,2016-04-05,"Wevr, Inc.",windows,837,146,0,50000-100000,6.99
451760,Highway Blossoms,2016-06-17,Studio Élan;Studio Coattails,windows;mac;linux,1207,67,537,200000-500000,10.29
451830,One way to exit,2016-03-12,Studio48;Turykin Nikolay;Varlamov Anton,windows,87,21,202,100000-200000,1.59
451880,Catch a Falling Star,2016-03-30,Alister Software,windows,360,137,201,200000-500000,0.79
451980,The Body VR: Journey Inside a Cell,2016-10-03,The Body VR LLC,windows,186,14,0,50000-100000,0.0
452060,Caveblazers,2017-05-24,Deadpan Games,windows,1389,192,435,100000-200000,6.99
452230,Spellstone,2016-11-14,Synapse Games,windows;mac,204,112,1,50000-100000,0.0
452490,The Cubicle.,2016-04-05,Roel van Beek;Jurgen Hoogeboom;Joppe de Graaf;Jesper van den Ende,windows,469,70,0,100000-200000,0.0
452710,Realities,2016-04-05,realities.io,windows,168,50,0,100000-200000,0.0
453000,Wave Beta,2017-04-12,"WaveVR, Inc.",windows,364,21,13,50000-100000,0.0
453090,Parkitect,2018-11-29,Texel Raptor,windows;mac;linux,1827,173,401,100000-200000,23.79
453100,Frederic: Resurrection of Music Director's Cut,2016-04-21,Forever Entertainment S. A.,windows;mac;linux,197,41,290,50000-100000,4.79
453270,Madness Cubed,2016-05-12,epic dreams;diman production;nobodyshot,windows,267,104,241,50000-100000,1.69
453480,Shadowverse CCG,2016-10-27,"Cygames, Inc.",windows;mac,5583,2008,4126,1000000-2000000,0.0
453670,The Lost Souls,2016-04-11,GDNomad,windows,53,65,230,100000-200000,3.99
453820,Hero Quest: Tower Conflict,2016-04-13,Mihai Morosanu,windows;mac;linux,72,188,240,200000-500000,0.79
453850,Dear RED - Extended,2016-04-12,Lee Sang,windows,184,90,217,200000-500000,1.99
453890,Black Rose,2016-03-15,Sir Bedlam Productions,windows,556,123,0,100000-200000,0.0
453960,Envy the Dead,2016-09-12,Kazakov Oleg,windows,134,60,215,50000-100000,0.79
453980,Airstrike HD,2016-03-23,Fifth Dimension Company,windows,185,154,347,200000-500000,1.69
454040,Jackal,2016-04-21,Peace,windows,59,86,198,100000-200000,3.19
454060,Blueprint Tycoon,2016-05-13,Endless Loop Studios,windows;mac;linux,760,177,127,50000-100000,1.99
454080,Burst,2016-03-14,David Mulder,windows,17,16,283,50000-100000,1.59
454150,Voxel Warfare Online,2016-04-19,Firehawk Studios,windows,433,345,232,50000-100000,3.99
454180,CrazyCars3D,2016-06-14,Anea_Duo_Dev,windows;mac;linux,134,69,243,50000-100000,1.99
454200,Neon Hardcorps,2016-05-30,Sergey Dovganovskiy,windows,111,126,200,200000-500000,0.79
454540,LuckCatchers,2016-11-15,DiP Online,windows,407,338,4,100000-200000,0.0
454600,Age of Cavemen,2016-05-24,Fuero Games,windows,302,239,0,100000-200000,0.0
454650,DRAGON BALL XENOVERSE 2,2016-10-27,QLOC;DIMPS,windows,9531,2495,3194,200000-500000,39.99
454690,Cyber City 2157: The Visual Novel,2016-05-04,Harotobira,windows;mac;linux,101,73,313,100000-200000,4.79
454870,Magic Quest,2016-05-06,Stereo7 Games,windows,28,14,255,50000-100000,1.59
454890,Project Starship,2016-04-05,Panda Indie Studio,windows,361,66,223,200000-500000,0.79
454910,Twin Saga,2017-09-01,X-Legend,windows,406,182,647,100000-200000,0.0
454930,Under Zero,2017-03-02,Dagestan Technology,windows,251,502,211,200000-500000,3.19
455020,Jackpot Poker by PokerStars,2017-03-20,PokerStars Mobile Limited,windows,105,114,24,50000-100000,0.0
455400,PAC-MAN 256,2016-06-21,BANDAI NAMCO Studios Vancouver;Hipster Whale;3 Sprockets,windows;mac;linux,811,81,54,100000-200000,3.99
455440,Spell Fighter VR,2016-03-23,Kubold,windows,244,86,0,100000-200000,0.0
455710,Project RPG Remastered,2017-01-10,Acuze Interactives,windows,56,98,204,200000-500000,0.79
455910,STAR WARS™: Rogue Squadron 3D,2016-03-29,Factor 5;LucasArts,windows,470,195,127,200000-500000,7.19
455980,Judgment: Apocalypse Survival Simulation,2018-05-03,Suncrash,windows,914,182,1325,50000-100000,15.49
456540,STAR WARS™: Rebel Assault I + II,2016-03-29,LucasArts,windows;mac,71,37,0,100000-200000,7.19
456670,Hand of Fate 2,2017-11-07,Defiant Development,windows;mac;linux,2446,378,303,100000-200000,23.79
456750,The Room Three,2018-11-13,Fireproof Games,windows,1216,38,397,50000-100000,4.99
456810,Zombillie,2016-04-29,Forever Entertainment S. A.,windows;mac;linux,134,50,260,50000-100000,3.99
457140,Oxygen Not Included,2017-05-18,Klei Entertainment,windows;mac;linux,16797,1205,2115,500000-1000000,18.99
457210,SEUM: Speedrunners from Hell,2016-07-28,Pine Studio,windows;mac;linux,1017,51,340,50000-100000,10.99
457330,High Octane Drift,2016-10-14,Cruderocks,windows,2012,1932,324,1000000-2000000,0.0
457420,Surgeon Simulator VR: Meet The Medic,2016-04-05,Bossa Studios,windows,157,47,10,200000-500000,0.0
457440,Watch This!,2016-09-23,GK,windows,491,183,151,200000-500000,3.19
457490,"Forgotten, Not Lost - A Kinetic Novel",2016-04-01,Afterthought Studios,windows;mac;linux,171,24,273,50000-100000,1.59
457550,Bigscreen Beta,2016-04-28,"Bigscreen, Inc.",windows,975,127,153,200000-500000,0.0
457590,Luna Online: Reborn,2017-10-17,Funtime,windows,153,125,1970,50000-100000,0.0
457670,Vrideo,2016-04-12,"Vrideo, Inc.",windows,35,28,0,50000-100000,0.0
457820,Outrage,2016-04-06,Astronomic Games,windows,78,44,239,200000-500000,2.79
457960,Holopoint,2016-04-04,"Alzan Studios, LLC",windows,607,60,162,50000-100000,10.99
458470,Grim Legends 3: The Dark City,2016-06-02,Artifex Mundi,windows;mac;linux,348,26,0,50000-100000,6.99
458480,Mythic Wonders: The Philosopher's Stone,2016-04-21,Organic 2 Digital Studio,windows;mac;linux,162,21,214,50000-100000,6.99
458560,Plastic Playground,2016-04-18,Tomorrow Arts,windows,49,102,0,50000-100000,0.0
458590,ABE VR,2016-06-23,Hammerhead VR,windows,155,89,0,50000-100000,0.0
458600,ZRoll,2017-04-17,KxONE;Andrew Drumov;starmops,windows,62,38,208,100000-200000,0.79
458710,Kingdom Rush Frontiers,2016-07-25,Ironhide Game Studio,windows;mac;linux,2504,109,342,100000-200000,6.99
458940,The Atomy,2016-10-19,Rusty Knights,windows,58,99,237,100000-200000,3.19
459100,Epsilon corp.,2016-04-01,Alexandr Kataev,windows,95,49,229,50000-100000,3.19
459160,Allods Online My.com,2016-06-03,IT Territory,windows,196,101,0,100000-200000,0.0
459220,Halo Wars: Definitive Edition,2017-04-20,Ensemble Studios;Behaviour Interactive;343 Industries,windows,2471,374,497,200000-500000,15.99
459820,Crush Crush,2016-10-18,Sad Panda Studios,windows;mac;linux,7239,982,2735,500000-1000000,0.0
460060,Varenje,2018-07-03,Play Cute,windows;mac;linux,602,65,2,50000-100000,0.0
460120,Megadimension Neptunia VII,2016-07-05,Idea Factory;Compile Heart,windows,2357,103,656,100000-200000,23.79
460700,Song of the Deep,2016-07-11,Insomniac Games,windows,507,108,306,50000-100000,10.99
460790,Bayonetta,2017-04-11,PlatinumGames,windows,8866,843,232,500000-1000000,14.99
460810,Vanquish,2017-05-25,PlatinumGames;Little Stone Software,windows,2360,327,490,200000-500000,14.99
460850,Allumette,2016-10-13,Penrose Studios,windows,443,15,0,50000-100000,0.0
460920,Steep™,2016-12-02,Ubisoft Annecy;Ubisoft Montpellier;Ubisoft Kiev,windows,7802,2603,724,500000-1000000,25.99
460930,Tom Clancy's Ghost Recon® Wildlands,2017-03-06,Ubisoft Paris;Ubisoft Annecy;Ubisoft Bucharest;Ubisoft Montpellier;Ubisoft Milan;Reflections;Ubisoft Belgrade,windows,26547,9944,1987,1000000-2000000,41.99
460950,Katana ZERO,2019-04-18,Askiisoft,windows;mac,1848,44,211,50000-100000,11.39
460960,The Deed: Dynasty,2016-05-10,Pilgrim Adventures,windows,273,41,224,50000-100000,1.99
461010,Roll'd,2016-04-14,MGP Studios,windows;mac;linux,181,45,211,50000-100000,0.79
461140,Klabi,2016-04-22,Freshtrax,windows,322,311,346,100000-200000,0.79
461180,SurrealVR,2016-04-15,Surreal Games,windows,42,30,0,50000-100000,0.0
461520,Grizzly Valley,2016-04-23,The_Kiddy,windows,85,108,257,100000-200000,3.99
461560,MANDAGON,2016-08-03,Blind Sky Studios,windows;mac,4600,249,21233,200000-500000,0.0
461640,Sins Of The Demon RPG,2016-05-13,Chandler Rounsley,windows,659,112,278,200000-500000,0.79
461690,Iron Impact,2016-05-27,Vasiliy Kostin,windows,175,26,244,100000-200000,3.19
461720,Tank Blast,2016-07-13,PowPow,windows,227,112,310,100000-200000,3.19
461730,Blaite,2017-01-02,Dosane Games,windows;mac;linux,244,120,278,100000-200000,0.79
461750,Ghoul Kid,2016-04-26,Specter Game Studios,windows,86,36,6,50000-100000,0.0
461820,Legionwood 1: Tale of the Two Swords,2016-05-10,Dark Gaia Studios,windows,110,16,0,50000-100000,0.0
461840,Zenge,2016-04-12,Michal Pawlowski,windows;mac;linux,2325,100,133,100000-200000,0.79
461850,Abrix the robot,2016-04-29,EJRGames,windows,50,21,295,50000-100000,6.99
461880,Hyposphere,2016-05-05,Atum Software,windows;mac;linux,92,75,321,200000-500000,1.99
461890,NORTH,2016-04-27,Outlands,windows;mac,243,124,191,200000-500000,0.79
461910,Forge of Gods (RPG),2016-05-06,Panoramik Inc,windows;linux,2082,600,89,500000-1000000,0.0
461950,Beat Cop,2017-03-30,Pixel Crow,windows;mac;linux,1560,323,65,100000-200000,11.49
461970,Skyreach,2016-04-29,Rainbow Goats Studio,windows,61,87,0,50000-100000,0.0
462030,BitRay,2016-04-20,Riviysky,windows,360,132,202,200000-500000,0.79
462110,3 Coins At School,2016-04-20,89AM Studio,windows,21,49,368,50000-100000,3.99
462200,Dungetris,2017-01-25,EfimovMax,windows,380,104,301,200000-500000,3.19
462220,Mahjong Deluxe 3,2016-04-22,EnsenaSoft,windows,57,28,235,50000-100000,2.89
462770,Pyre,2017-07-25,Supergiant Games,windows;mac;linux,4306,452,257,200000-500000,15.49
462780,Darksiders Warmastered Edition,2016-11-29,KAIKO;Vigil Games,windows,5250,933,326,1000000-2000000,19.99
462930,AdVenture Communist,2016-08-23,Hyper Hippo Games,windows;mac,2493,1149,261,500000-1000000,0.0
462960,Caveman World: Mountains of Unga Boonga,2016-04-26,GrabTheGames Studios,windows;mac;linux,330,170,1529,100000-200000,1.59
463000,Hero Battle,2016-04-28,Wang Liwen,windows,100,53,267,50000-100000,5.19
463040,Experience,2016-04-29,Hipix Studio,windows,73,74,255,100000-200000,3.19
463050,The Pit And The Pendulum,2016-04-29,Paper Pirates;Sokolab,windows,69,138,297,200000-500000,3.19
463060,Clover Tale,2016-06-15,FIVE-BN GAMES,windows;mac,448,141,0,50000-100000,0.0
463100,Liveza: Death of the Earth,2016-05-03,Nikita Nefedov,windows;mac;linux,82,55,223,200000-500000,1.99
463110,Farnham Fables,2016-06-20,Ethrea Dreams,windows,237,84,215,100000-200000,0.79
463150,BARRIER X,2016-05-27,Noclip,windows,1704,246,673,200000-500000,1.99
463180,Super Blue Fighter,2016-05-05,Herrero Games,windows;mac;linux,81,26,206,100000-200000,0.0
463210,State of Anarchy,2016-04-27,Lapovich,windows;mac,795,144,224,200000-500000,0.79
463220,Dungeon of Zolthan,2016-05-11,Robert Alvarez,windows;mac,329,101,234,200000-500000,0.79
463270,Ghost 1.0,2016-06-06,@unepic_fran,windows,1364,100,11,50000-100000,9.99
463390,One Thousand Lies,2016-04-24,Keinart Lobre,windows;mac;linux,752,74,0,100000-200000,0.0
463530,Empires of the Undergrowth,2017-12-01,Slug Disco Studios,windows;mac;linux,1117,107,863,50000-100000,15.99
463550,Neon Space ULTRA,2016-06-01,dobro_slon,windows,129,41,251,50000-100000,1.99
463710,Puzzle Galaxies,2016-04-29,Evermore Game Studios,windows;mac,81,38,206,200000-500000,0.79
463930,The Dweller,2016-05-19,Villainous  Games,windows;linux,370,32,103,50000-100000,3.99
464060,RUINER,2017-09-26,Reikon Games,windows;linux,5278,543,191,200000-500000,14.99
464340,Syberia 3,2017-11-13,Microids,windows;mac,800,822,1302,100000-200000,23.79
464540,Colosse,2016-04-21,Colosse Team,windows,106,24,0,50000-100000,0.0
464700,Maui,2016-04-26,Kokua Games,windows,152,177,16,100000-200000,0.0
464760,Bibou,2016-04-29,André Bertaglia,windows;mac;linux,68,130,235,100000-200000,1.69
464780,ChuSingura46+1 S,2016-06-21,インレ;Inre,windows;mac,767,103,240,200000-500000,0.0
464800,Twisted Worlds,2016-06-17,Absolutist Ltd.,windows,50,47,0,50000-100000,0.0
464920,Surviving Mars,2018-03-15,Haemimont Games,windows;mac;linux,3942,1608,2454,200000-500000,26.99
464960,Hiiro,2016-07-12,Jon Tiburzi;Ben Harvey;Philip Gibbons;Marc Cuva,windows,225,24,227,200000-500000,1.99
465240,Serious Sam VR: The Last Hope,2017-09-20,Croteam VR,windows,820,138,8,50000-100000,29.99
465520,PRICE,2016-09-15,YETU GAME,windows,4198,233,63481,200000-500000,0.0
465650,Out of the Park Baseball 18,2017-03-24,Out of the Park Developments,windows;mac;linux,599,48,0,100000-200000,15.49
465710,Heroes Tactics,2017-06-21,Camex Games,windows;mac,120,83,27,50000-100000,0.0
465760,Scrap Garden,2016-05-06,Egidijus Bachur;Alexey Davydov,windows;mac;linux,220,86,0,50000-100000,7.19
466170,Idling to Rule the Gods,2016-05-27,Shugasu GmbH,windows;mac;linux,454,71,7194,50000-100000,0.0
466240,Deceit,2017-03-03,Automaton,windows,18666,6032,469,2000000-5000000,0.0
466300,Planescape: Torment: Enhanced Edition,2017-04-11,Beamdog,windows;mac;linux,1134,60,229,200000-500000,14.99
466500,35MM,2016-05-27,Носков Сергей,windows,2113,873,211,100000-200000,5.99
466560,Northgard,2018-03-07,Shiro Games,windows;mac;linux,12214,2314,601,500000-1000000,23.79
466580,GOD's DEATH,2016-05-11,Marco Tancredi,windows,7,13,232,50000-100000,2.79
466660,Stash,2017-09-07,Frogdice,windows;mac;linux,433,186,29,50000-100000,0.0
466720,Vintage VR,2016-05-02,Dunderware,windows,59,5,0,50000-100000,0.0
466730,King's Guard TD,2016-06-08,FreezeNova,windows;mac,203,128,239,100000-200000,2.09
466790,PixBit,2016-05-21,Hipix Studio,windows,57,82,255,200000-500000,3.19
466840,Super Space Pug,2016-06-04,Digital Dawn Studios,windows,134,120,219,200000-500000,0.79
466860,上帝之城 I：监狱帝国 [City of God I - Prison Empire],2018-07-09,Pixel Gangsta Studio,windows,1184,510,0,50000-100000,14.49
466890,Z.I.O.N.,2016-05-07,VGstudio,windows,89,138,384,200000-500000,3.99
466910,Worm.is: The Game,2016-05-04,Freakinware Studios,windows;mac,3550,879,68,1000000-2000000,0.0
466940,The Sandbox Evolution - Craft a 2D Pixel Universe!,2016-11-15,PIXOWL INC.,windows,341,228,17,100000-200000,0.0
467000,Insincere,2016-05-12,Astronomic Games,windows,113,98,257,200000-500000,2.79
467310,Rogue Port - Red Nightmare,2016-05-09,Sunight Games,windows,51,11,295,50000-100000,0.79
467360,Off-Peak,2016-10-21,Cosmo D,windows;mac;linux,811,138,0,100000-200000,0.0
467370,Escape This,2016-05-04,Four Winged Studio,windows;mac,249,284,215,200000-500000,0.79
467380,Khimera: Destroy All Monster Girls,2016-05-08,Suits & Sandals,windows,945,46,0,100000-200000,0.0
467390,Approaching Blocks,2016-06-03,Dymchick1,windows;mac;linux,167,89,188,100000-200000,1.69
467950,Survive in Space,2016-05-20,Just1337 Studio,windows;mac,165,58,557,50000-100000,4.99
467960,Home Behind,2016-06-02,TPP Studio,windows;mac;linux,3517,530,1160,200000-500000,4.79
468320,Mini Golf Mundo,2016-05-10,EnsenaSoft,windows,65,68,230,50000-100000,2.09
468490,Neon Space,2016-05-12,Just1337 Studio,windows;mac;linux,314,81,430,100000-200000,4.99
468530,A Date in the Park,2016-07-19,Cloak and Dagger Games,windows,906,143,51,100000-200000,0.0
468560,Blind Trust,2016-05-27,Viswanath Atlu;Laurie Banks;Rohan Bhukan;Nick Burnham;Avinash Kalapala;Yash Kapani;Katharine Marsh;Ankur Rathore;Hardit Singh;Anoop Nihar Srinivas;Ryan Guanyuhao Jiang;Robert Zhu,windows,709,660,23,200000-500000,0.0
468700,NVIDIA® VR Funhouse,2016-07-14,Lightspeed Studios™,windows,441,107,183,200000-500000,0.0
468920,Ultimate Fishing Simulator,2018-08-30,Bit Golem,windows,1110,207,99,50000-100000,14.99
469600,Legion TD 2,2017-11-20,AutoAttack Games,windows;mac,1425,507,878,50000-100000,15.49
469610,Rick and Morty: Virtual Rick-ality,2017-04-20,Owlchemy Labs,windows,724,250,292,50000-100000,22.99
469650,Disney Movies VR,2016-05-16,Walt Disney Studios,windows,97,81,0,50000-100000,0.0
469730,Super Mega Neo Pug,2016-05-11,SnowFlame;Back To Basics Gaming,windows,564,116,222,500000-1000000,0.79
469790,Linelight,2017-01-30,My Dog Zorro,windows;mac;linux,447,6,0,50000-100000,6.99
469820,Genital Jousting,2018-01-18,Free Lives,windows;mac,4826,468,64,200000-500000,5.19
469830,Fable Fortune,2018-02-21,Mediatonic;Flaming Fowl Studios,windows,365,153,82,100000-200000,0.0
469890,Space Codex,2016-05-17,takk,windows,188,46,264,200000-500000,0.79
469990,NEKOPALIVE,2016-05-31,NEKO WORKs,windows,1118,89,0,200000-500000,0.0
470130,Eclipse --- Defending the motherland,2016-05-26,Hangzhou NezhaGames,windows,22,21,1,50000-100000,0.0
470220,UNO,2017-01-03,Ubisoft Entertainment,windows,2923,2015,284,200000-500000,8.59
470260,Event[0],2016-09-14,Ocelot Society,windows;mac,1339,335,131,100000-200000,14.99
470270,Tribal Pass,2016-08-26,Tribe Tea;Stas Shostak;Evgeniy Yudin;Alexzander Protasenya;Ruslan Viter,windows;mac;linux,224,58,249,100000-200000,4.79
470600,Video blogger Story,2016-06-13,5Wolf,windows,401,256,275,100000-200000,3.19
470740,Demolish & Build 2017,2016-10-18,Noble Muffins,windows,322,99,134,100000-200000,14.99
471330,VERSUS SQUAD,2016-10-26,DiezelPower,windows;mac,389,88,338,50000-100000,5.99
471550,Nine Parchments,2017-12-05,Frozenbyte,windows,934,344,221,100000-200000,15.49
471630,Rexodus: A VR Story Experience,2016-06-08,Steelehouse VR Studios,windows,72,28,0,50000-100000,0.0
471710,Rec Room,2016-06-28,Against Gravity®,windows,3431,225,54,200000-500000,0.0
471910,Soul of the Devil,2016-06-10,Ziga Games,windows,38,36,318,50000-100000,1.99
472060,Ortus Regni,2016-06-21,Jon Sudbury Games,windows;mac;linux,115,24,0,50000-100000,0.0
472680,Elisa: The Innkeeper - Prequel,2016-06-14,Neoclassic Games,windows,521,146,23,100000-200000,0.0
473140,BomberZone,2016-06-10,Dracula Bytes,windows;mac;linux,44,24,293,50000-100000,0.79
473470,Purgatory,2016-06-22,Eduard Mirica,windows;mac;linux,120,71,230,200000-500000,0.79
473520,Autumn,2016-05-14,Nuno Donato,windows;mac;linux,101,77,210,100000-200000,1.99
473560,Cosmic Dust & Rust,2016-05-17,16bit Nights,windows,230,166,222,200000-500000,0.79
473670,The Dolls: Reborn,2016-05-25,HUSH Interactive,windows;mac;linux,107,123,197,50000-100000,3.99
473690,Absolver,2017-08-29,Sloclap,windows,6395,3283,796,200000-500000,24.99
473710,EeOneGuy Adventure,2016-06-09,Akakiy Petrushkin,windows,210,328,243,200000-500000,0.79
473730,Physic Monster,2016-10-19,MegawattsCo,windows,66,97,264,100000-200000,3.19
473740,Crystal City,2017-06-09,7DOTS,windows;mac;linux,1026,145,273,50000-100000,3.19
473770,BallisticNG,2018-12-14,Neognosis,windows;mac;linux,1142,117,23,100000-200000,5.79
473810,Killbot,2016-07-10,nobodyshot;diman production,windows,43,65,215,100000-200000,0.79
474010,The NADI Project,2016-06-01,Monkeys Tales Studio,windows;mac;linux,230,128,10,50000-100000,0.0
474030,The Abbey of Crime Extensum,2016-05-19,Manuel Pazos;Daniel Celemín,windows;mac;linux,146,22,190625,50000-100000,0.0
474050,Candy Blast,2016-06-30,White Rabbit Games,windows,46,46,204,100000-200000,0.79
474750,Reigns,2016-08-11,Nerial,windows;mac;linux,4939,579,59,200000-500000,1.99
474820,The Magical Silence,2016-06-10,Anatoliy Loginovskikh,windows,235,94,182,50000-100000,0.79
474830,Time in Time,2017-05-03,ErayTek,windows,31,17,445,50000-100000,1.69
474960,Quantum Break,2016-09-29,Remedy Entertainment,windows,10249,1929,331,1000000-2000000,29.99
475150,Titan Quest Anniversary Edition,2016-08-31,Iron Lore Entertainment;THQ Nordic,windows,10566,1025,739,2000000-5000000,17.99
475190,Scanner Sombre,2017-04-26,Introversion Software,windows;mac,1491,235,15,100000-200000,4.79
475220,Kabitis,2016-06-02,André Bertaglia,windows;mac;linux,100,99,250,50000-100000,1.69
475430,Kimulator : Fight for your destiny,2016-08-11,Bmc Studio,windows,269,163,312,50000-100000,1.59
475550,Beholder,2016-11-09,Warm Lamp Games,windows;mac;linux,9947,1095,240,500000-1000000,6.99
476360,Strike Vector EX,2017-07-19,Ragequit Corporation,windows,473,86,0,50000-100000,8.99
476460,Picross Touch,2016-08-24,Jon Gallant,windows;mac;linux,576,54,4420,50000-100000,0.0
476480,Heaven Forest - VR MMO,2016-12-14,Fabio Ferrara,windows;mac;linux,292,136,367,200000-500000,0.79
476540,Google Spotlight Stories: Pearl,2017-10-19,Google Inc.,windows,205,10,0,50000-100000,0.0
476600,Call of Duty®: WWII,2017-11-02,Sledgehammer Games;Raven Software,windows,10753,8288,309,500000-1000000,44.99
477130,Surge,2016-05-24,House of Secrets,windows,217,11,3,50000-100000,0.0
477160,Human: Fall Flat,2016-07-22,No Brakes Games,windows;mac,28371,2678,348,2000000-5000000,11.99
477200,Descent: Road to Legend,2016-06-01,Fantasy Flight Games,windows;mac,170,27,0,50000-100000,0.0
477270,Lightblade VR,2016-05-31,Andreas Hager Gaming,windows,440,95,23,50000-100000,2.79
477290,Magma Tsunami,2016-06-01,StrangeLight Games,windows;linux,191,102,285,100000-200000,0.79
477770,Ride 2,2016-10-07,Milestone S.r.l.,windows,1360,245,47,50000-100000,29.99
477870,Yomawari: Night Alone / 夜廻,2016-10-25,"Nippon Ichi Software, Inc.",windows,728,184,0,50000-100000,14.99
477980,Overhell,2016-05-28,Ilja Saburov,windows,93,69,258,200000-500000,1.59
478010,ABC Coloring Town,2016-05-29,EnsenaSoft,windows,176,72,260,50000-100000,1.69
478980,Mansions of Madness,2016-08-01,Fantasy Flight Games,windows;mac,249,38,0,100000-200000,0.0
479260,Cuties,2016-05-29,Roman Anatolevich;Denis Ovsyannikov,windows,101,64,272,50000-100000,1.99
480430,Hide and Shriek,2017-10-19,Funcom,windows,1839,472,77,500000-1000000,0.0
480490,Prey,2017-05-04,Arkane Studios,windows,17808,2144,738,500000-1000000,19.99
480640,Pathfinder Adventures,2017-06-15,Obsidian Entertainment,windows;mac,285,169,9,100000-200000,11.39
480650,Yu-Gi-Oh! Legacy of the Duelist,2016-12-07,Other Ocean Interactive,windows,1855,368,2162,100000-200000,14.99
481510,Night in the Woods,2017-02-21,Infinite Fall,windows;mac;linux,6770,402,0,200000-500000,14.99
482120,Beater Spirit,2016-06-01,Airwolt,windows,251,113,278,100000-200000,4.79
482390,The Night Cafe: A VR Tribute to Vincent Van Gogh,2016-06-03,Borrowed Light Studios,windows,178,8,0,50000-100000,0.0
482890,Fantasy Kingdom Simulator,2016-06-13,SimProse Studios,windows,30,39,209,100000-200000,0.79
482920,Hero Zero,2016-07-05,Playata GmbH,windows,1336,428,3,200000-500000,0.0
483980,Mad Father,2016-09-22,sen,windows,1168,49,1058,50000-100000,3.99
484830,Deep Blue 3D Maze,2017-05-17,Ice Code Games,windows;mac;linux,39,22,0,100000-200000,1.99
484900,Aven Colony,2017-07-25,Mothership Entertainment LLC,windows,661,241,1432,50000-100000,24.99
484950,Evil Maze,2016-06-17,ZOV GAME STUDIO,windows,809,264,252,100000-200000,1.59
485000,Cthulhu Realms,2016-07-01,White Wizard Games,windows;mac,110,52,3,50000-100000,0.0
485220,The Orb Chambers™,2016-06-03,StarSystemStudios™;Jaryd Brad Spann,windows,157,96,246,200000-500000,0.79
485310,Head Shot,2016-06-03,Indie Game Group,windows,861,888,204,200000-500000,1.59
485330,Star Drifter,2016-06-01,Nostalgia Hound;PiGravity,windows,77,97,213,200000-500000,0.79
485350,Winter Novel,2016-08-10,DeXP,windows;linux,375,77,177,100000-200000,1.59
485370,Mad Combat Marines,2016-07-13,FreezeNova,windows;mac,233,110,373,50000-100000,0.79
485380,Welcome to the Game,2016-06-15,Reflect Studios,windows;mac,1355,272,214,50000-100000,3.99
485390,Machine Made: Rebirth,2017-10-10,Proteus Studios,windows,91,19,321,200000-500000,3.99
485410,Alien Run,2016-06-18,Hipix Studio,windows,102,216,253,200000-500000,3.19
485420,Wolf Simulator,2016-11-16,Second Reality,windows,98,256,248,100000-200000,3.19
485450,Ninja Stealth,2016-09-29,SC Jogos,windows,181,90,227,50000-100000,0.79
485510,Nioh: Complete Edition / 仁王 Complete Edition,2017-11-07,"KOEI TECMO GAMES CO., LTD.",windows,9842,2667,3456,200000-500000,39.99
485560,POPixel,2016-06-03,CGGAMES,windows;mac,38,11,245,50000-100000,0.79
485580,24 HOURS,2016-09-13,Freshtrax,windows,317,409,229,200000-500000,0.79
485610,Ball 3D: Soccer Online,2017-03-31,Unusualsoft,windows;mac,2093,666,29,500000-1000000,0.0
485650,Campaign Clicker,2016-10-05,Springloaded,windows,172,204,33,100000-200000,0.0
485730,Shift,2016-08-16,Black Lime Studio,windows,141,54,211,50000-100000,0.79
485870,Super Duper Party Pooper,2016-06-06,K Bros Games,windows;mac,304,79,388,100000-200000,0.79
485950,Rise of the Ancients,2016-05-31,Talentplace,windows,89,139,211,200000-500000,0.72
485980,Syrian Warfare,2017-02-21,Cats Who Play,windows,1770,282,47,100000-200000,10.99
486150,Radical Spectrum: Volume 1,2016-07-08,Autonomic Interactive,windows;mac,51,33,275,50000-100000,0.79
486310,Meadow,2016-10-26,Might and Delight,windows;mac;linux,3819,470,227,200000-500000,3.99
486360,Timore Inferno,2016-06-02,Vidas Salavejus,windows,188,123,176,200000-500000,3.99
486480,Tales of Destruction,2016-07-14,Tero Lunkka,windows,21,93,232,100000-200000,1.59
486780,Fruit Ninja VR,2016-12-15,Halfbrick Studios Pty Ltd,windows,448,77,195,50000-100000,10.99
487120,Citadel: Forged with Fire,2017-07-26,Blue Isle Studios;Virtual Basement LLC,windows,2248,1333,962,100000-200000,19.49
487180,The Lords of the Earth Flame,2016-09-02,Rhino Games,windows;mac,168,70,198,200000-500000,7.19
487220,Freebie,2016-06-16,Free Games Info;hyperboreanGames,windows,965,318,247,200000-500000,0.79
487270,Go Mission: Space Travel,2016-07-21,André Bertaglia,windows;mac;linux,58,61,212,100000-200000,1.69
487350,Pirate Pop Plus,2016-11-04,dadako,windows;mac,75,46,403,50000-100000,3.99
487370,Akin,2016-06-06,ThinkOfGames,windows,160,25,244,100000-200000,1.99
487430,KARAKARA,2016-06-27,calme,windows,1306,126,283,100000-200000,6.99
487530,Simple Ball: Extended Edition,2016-07-25,Antizero company,windows,58,16,212,100000-200000,1.69
487600,Puzzles Under The Hill,2016-06-10,EnsenaSoft,windows,63,28,219,50000-100000,0.79
487700,Conan the mighty pig,2016-07-07,Mihai Morosanu,windows;mac;linux,252,46,211,50000-100000,0.79
487720,Agony,2018-05-29,Madmind Studio,windows,991,1127,331,50000-100000,11.39
488210,JDM Tuner Racing,2016-06-07,JDM4iK,windows,103,160,0,50000-100000,0.79
488310,Eleven: Table Tennis VR,2016-09-22,For Fun Labs,windows,1108,61,248,50000-100000,15.49
488440,Angeldust,2016-11-18,Frank Lucas,windows;mac;linux,766,481,94,200000-500000,0.0
488790,South Park™: The Fractured But Whole™,2017-10-16,Ubisoft San Francisco,windows,4840,2017,932,200000-500000,49.99
489000,The Infinite Black,2016-10-19,Spellbook,windows;mac;linux,109,57,0,50000-100000,0.0
489020,iGrow Game,2016-06-09,iDev Games,windows,102,65,327,50000-100000,3.99
489140,Mr. Shifty,2017-04-13,Team Shifty,windows;mac;linux,862,128,87,50000-100000,10.99
489220,Unforgiving Trials: The Darkest Crusade,2016-06-15,Amaterasu Software,windows,354,214,236,200000-500000,0.79
489360,CASE: Animatronics,2016-08-03,Last Level;Aleson,windows;mac,958,185,206,100000-200000,6.99
489460,The Last Leviathan,2016-06-22,Super Punk Games,windows;mac;linux,339,104,43,50000-100000,6.99
489520,Minion Masters,2016-12-02,BetaDwarf,windows,13269,1687,381,500000-1000000,0.0
489560,Astroflux,2016-09-27,Fula Fisken,windows;mac,128,57,3,50000-100000,0.0
489630,"Warhammer 40,000: Gladius - Relics of War",2018-07-12,Proxy Studios,windows;linux,944,278,69,50000-100000,30.99
489830,The Elder Scrolls V: Skyrim Special Edition,2016-10-27,Bethesda Game Studios,windows,47749,14719,2418,2000000-5000000,29.99
489890,Puzzles At Mystery Manor,2016-06-15,EnsenaSoft,windows,52,35,228,50000-100000,0.79
489900,Bayla Bunny,2016-06-13,EnsenaSoft,windows,53,64,163,50000-100000,1.69
489940,BATTALION 1944,2018-02-01,Bulkhead Interactive,windows,3869,3623,639,200000-500000,15.99
490220,Prismata,2018-03-08,Lunarch Studios,windows;mac,697,146,384,500000-1000000,0.0
490230,SWARMRIDERS,2016-06-15,Walter Machado,windows;linux,319,31,13,50000-100000,0.0
490820,Fly O'Clock,2016-07-08,Digital Melody,windows;mac;linux,266,58,224,50000-100000,0.79
490840,Gnomes & Goblins (preview),2016-09-08,"Wevr, Inc.",windows,460,21,0,100000-200000,0.0
490940,Darconika: The Cube of Soul,2016-08-05,Viktor Lazarev,windows;mac;linux,86,96,256,100000-200000,3.19
490980,Daily Chthonicle: Editor's Edition,2016-09-30,Sinister Systems,windows,85,27,235,200000-500000,2.79
491040,Bot Vice,2016-07-11,DYA Games,windows,831,41,174,50000-100000,9.99
491080,BoneBone: Rise of the Deathlord,2016-06-17,Vladis Fire,windows;mac;linux,270,143,194,200000-500000,1.59
491130,Red Trigger,2016-07-08,Maxime Vézina,windows,1636,173,20,200000-500000,0.0
491170,Crazy Forest,2016-07-06,SnagBox,windows,244,114,214,100000-200000,3.99
491260,Take Thy Throne,2016-07-05,Charyb Games,windows,140,92,178,200000-500000,1.59
491530,Notruf 112 | Emergency Call 112,2016-11-09,Crenetic GmbH Studios,windows,698,461,523,50000-100000,18.1
491580,Mahjong Destiny,2016-06-17,EnsenaSoft,windows,58,39,231,50000-100000,1.69
491650,Reset 1-1,2016-08-30,Panda Indie Studio,windows,127,63,241,100000-200000,1.59
491730,Heavenly Battle,2016-06-15,Brimo Studio;Sacred Walrus,windows,55,29,179,50000-100000,0.79
491950,Orwell: Keeping an Eye On You,2016-10-27,Osmotic Studios,windows;mac;linux,7045,651,223,2000000-5000000,7.19
492130,"Bye-Bye, Wacky Planet",2016-11-04,Rasul Mono,windows,308,71,239,200000-500000,3.19
492630,Bear With Me - Episode One,2016-08-08,Exordium Games,windows;mac;linux,676,89,70,50000-100000,0.0
492720,Tropico 6,2019-03-29,Limbic Entertainment,windows;linux,3778,664,1345,100000-200000,39.99
492800,Shonen Idle Z,2016-07-22,Zakos Games,windows;mac;linux,239,192,10247,100000-200000,0.0
493200,RiME,2017-05-26,Tequila Works;QLOC,windows,2435,264,178,200000-500000,29.99
493280,WALLSLIDE,2016-07-14,Red Matter Studio,windows,84,20,261,50000-100000,0.79
493340,Planet Coaster,2016-11-17,Frontier Developments,windows,22004,2828,1069,1000000-2000000,29.99
493490,City Car Driving,2016-11-03,"Forward Development, Ltd.",windows,1606,668,171,100000-200000,20.51
493650,Deep Space Dash,2016-07-07,Delusional Games,windows,78,213,202,200000-500000,0.79
493700,Monster Puzzle,2016-12-08,Flynn's Arcade,windows;mac;linux,82,63,218,100000-200000,3.99
493710,Laraan,2017-01-11,Flynn's Arcade,windows;mac;linux,117,113,233,200000-500000,3.99
493730,HardCube,2016-06-30,LEVER Software,windows;mac;linux,171,47,233,200000-500000,3.19
493760,Fairyland: Incursion,2016-06-21,Naarassusi Game,windows;mac;linux,36,38,262,100000-200000,3.99
493810,Jonah's Path,2016-07-07,Ionut Lucian Achiricioaei,windows,43,19,80,50000-100000,0.0
493840,Marvel vs. Capcom: Infinite,2017-09-19,Capcom,windows,862,624,0,50000-100000,32.99
493900,Dungeons 3,2017-10-13,Realmforge Studios,windows;mac;linux,8974,528,559,200000-500000,29.99
494720,Morphblade,2017-03-03,Suspicious Developments,windows,300,27,22,50000-100000,3.99
494740,Police Quest™ Collection,2016-08-29,Sierra,windows,32,15,70,100000-200000,7.99
495110,Enigmatis 3: The Shadow of Karkhala,2016-08-11,Artifex Mundi,windows;mac;linux,407,33,0,50000-100000,6.99
495120,The Braves & Bows,2017-08-03,Gunsquad,windows,48,27,285,50000-100000,3.19
495140,NARUTO: Ultimate Ninja STORM,2017-08-25,CyberConnect2 Co. Ltd.,windows,469,314,0,100000-200000,14.99
495280,Disgaea 2 PC / 魔界戦記ディスガイア2 PC,2017-01-30,"Nippon Ichi Software, Inc.",windows;mac;linux,628,69,0,50000-100000,14.99
495350,Woodle Tree 2: Worlds,2016-09-16,Fabio Ferrara,windows;mac;linux,179,69,381,50000-100000,2.79
495700,Gabriel Knight: Sins of the Father®,2016-08-29,Sierra On-Line,windows,41,8,6,50000-100000,4.99
495780,Hexoscope,2016-08-10,Studio Binokle,windows;mac,176,20,213,200000-500000,1.99
495890,Montaro,2016-07-25,JCKSLAP,windows,10099,485,174,200000-500000,0.79
495910,Dungeon Fighter Online,2016-08-09,Neople,windows,1706,604,1667,500000-1000000,0.0
496190,Senza Peso,2016-10-11,Kite & Lightning,windows,225,14,0,50000-100000,0.0
496240,Onward,2016-08-29,Downpour Interactive,windows,2796,342,233,200000-500000,18.99
496300,Kingdom: New Lands,2016-08-09,Noio,windows;mac;linux,4619,741,221,500000-1000000,10.99
496460,Life is Feudal: Forest Village,2017-05-26,Mindillusion,windows,2053,1168,89,100000-200000,18.99
496500,Moon Colonization Project,2018-12-03,Belarus Games,windows,156,233,321,50000-100000,1.59
496620,Monster Slayers,2017-03-23,Nerdook Productions,windows;mac,560,127,875,50000-100000,5.99
496680,SweatShop,2016-07-22,DUCK,windows;mac;linux,177,200,208,200000-500000,0.79
496750,The Housewife,2016-08-25,Colossal Wreck,windows,74,149,220,200000-500000,3.99
496760,The Beast Within: A Gabriel Knight® Mystery,2016-08-29,Sierra On-Line,windows,50,6,0,50000-100000,4.99
496810,MegaTagmension Blanc + Neptune VS Zombies (Neptunia),2016-10-03,IDEA FACTORY;COMPILE HEART;TAMSOFT,windows,986,115,0,50000-100000,19.49
496870,Inverted,2016-07-22,Versus System,windows,97,59,374,100000-200000,3.19
496890,Replica,2016-07-11,Somi,windows;mac,2367,350,93,100000-200000,1.99
497050,Shape Shifter,2016-07-07,PRORTUS,windows,65,65,211,200000-500000,0.79
497100,FootRock,2016-10-14,diman production,windows,62,28,162,50000-100000,0.79
497180,Street Legal Racing: Redline v2.3.1,2016-08-05,Invictus Games Ltd.;ImageCode,windows,1194,281,1423,100000-200000,4.79
497350,Conclusion,2016-08-05,Tomadeira,windows,75,130,207,200000-500000,1.59
497360,"Gabriel Knight® 3: Blood of the Sacred, Blood of the Damned",2016-08-29,Sierra On-Line,windows,15,16,0,50000-100000,4.99
497400,1 Moment Of Time: Silentville,2016-07-22,2 Monkeys,windows;mac,342,99,347,100000-200000,0.79
497640,Trick & Treat,2016-09-26,Rabbiton,windows,1559,61,62,200000-500000,0.0
497730,The Wardrobe,2017-02-15,C.I.N.I.C. Games,windows;mac,182,34,0,50000-100000,12.99
497820,Quanero VR,2016-08-12,Laserboys3000,windows,278,24,80,100000-200000,0.0
497860,Zezenia Online,2016-07-07,rojekti;Saucer Software,windows,145,62,9,50000-100000,0.0
497940,Destiny of Ancient Kingdoms™,2016-08-29,Utopia Dream Entertainment Alliance (Pty) Ltd - South Africa,windows,80,75,0,100000-200000,0.0
498030,Barnyard Mahjong 3,2016-07-29,EnsenaSoft,windows,58,30,164,50000-100000,1.69
498240,Batman - The Telltale Series,2016-08-02,Telltale Games,windows,5729,1783,385,200000-500000,11.99
498320,Trolley Gold,2017-03-17,Mantis Games,windows,62,143,242,200000-500000,1.69
498600,MSI Electric City,2016-08-09,Metanaut,windows,82,29,5,50000-100000,0.0
498660,Mind Spheres,2016-07-08,Microblast Games,windows;mac,410,103,219,200000-500000,0.79
499420,Star Fields,2016-08-06,AG media,windows,44,60,192,200000-500000,0.79
499440,klocki,2016-07-13,Maciej Targoni;Wojciech Wasiak,windows;mac;linux,3559,95,86,100000-200000,0.79
499520,The Turing Test,2016-08-30,Bulkhead Interactive,windows,3012,486,357,200000-500000,14.99
499890,Aaero,2017-04-11,Mad Fellows,windows,388,61,70,50000-100000,10.99
499960,The Sunset,2016-07-13,Enjoy Games,windows,54,12,427,50000-100000,3.19
500150,Time Gap,2018-01-15,Absolutist Ltd.,windows,56,26,10,50000-100000,0.0
500670,Tormentor❌Punisher,2017-06-02,E-Studio,windows;mac,291,38,270,50000-100000,5.59
500810,Arcanum: Of Steamworks and Magick Obscura,2016-08-29,Troika Games,windows,522,76,0,100000-200000,4.99
500980,Endangered,2019-01-10,"Strawberry Game Studios, LLC",windows,7,8,308,50000-100000,0.79
501080,Fishing: Barents Sea,2018-02-07,Misc Games,windows,763,300,382,50000-100000,17.99
501180,Acan's Call: Act 1,2016-08-11,Cyberith GmbH,windows,266,54,0,50000-100000,0.0
501300,What Remains of Edith Finch,2017-04-24,Giant Sparrow,windows,10573,506,130,200000-500000,14.99
501590,Bulletstorm: Full Clip Edition,2017-04-07,People Can Fly,windows,1347,285,521,50000-100000,29.99
501760,Francisca,2016-07-26,Kiddy,windows,156,81,0,50000-100000,0.79
501830,The Orb Chambers II,2016-08-01,StarSystemStudios™;Jaryd Brad Spann,windows,40,44,278,50000-100000,0.79
501900,Star Project,2016-08-04,Spectrum Games,windows,21,46,217,50000-100000,3.19
501920,Totem,2016-08-30,Grizlikyt,windows,76,52,233,100000-200000,3.19
501930,Sig.NULL,2016-09-27,SaintHeiser,windows,71,19,290,50000-100000,3.19
501970,Phantasmagoria 2: A Puzzle of Flesh,2016-08-29,Sierra,windows,60,16,0,50000-100000,4.99
501990,Phantasmagoria,2016-08-29,Sierra,windows,127,22,20,50000-100000,7.99
502090,Invisible Mind,2016-08-10,VGstudio,windows,51,72,348,200000-500000,3.99
502130,Ctrl CV,2018-05-18,ZPink,windows,165,43,4,50000-100000,0.0
502140,Drayt Empire,2016-07-16,RPG Video,windows,106,102,228,200000-500000,0.79
502400,Redactem,2016-08-01,Elliott Marc Jones,windows;mac,150,63,0,50000-100000,0.99
502500,ACE COMBAT™ 7: SKIES UNKNOWN,2019-01-31,BANDAI NAMCO Studios,windows,4643,1623,1029,200000-500000,49.99
502520,Ultimate General: Civil War,2017-07-14,Game-Labs,windows;mac,2461,407,0,100000-200000,22.99
502550,Strike.is: The Game,2016-07-14,Freakinware Limited,windows;mac,1024,370,14,200000-500000,0.0
502750,Quest for Glory 1-5,2016-08-29,Sierra,windows,141,11,4,50000-100000,7.99
502800,SENRAN KAGURA ESTIVAL VERSUS,2017-03-17,Tamsoft,windows,2837,127,1993,50000-100000,24.99
502820,Batman™: Arkham VR,2017-04-25,Rocksteady Studios,windows,671,219,187,50000-100000,14.99
502910,The Return Home Remastered,2016-07-29,AL-GAME,windows,49,71,221,100000-200000,0.79
503220,Samurai Wars,2017-05-02,Greendev.,windows,9,2,271,50000-100000,0.79
503300,Super Star,2016-08-11,Dream Works,windows;mac,2954,750,171,200000-500000,1.59
503350,White Noise 2,2017-04-07,Milkstone Studios,windows;mac;linux,1790,391,0,100000-200000,6.99
503560,911 Operator,2017-02-24,Jutsu Games,windows;mac,3529,697,257,200000-500000,10.99
503630,INVASION!,2016-10-12,Baobab Studios Inc.,windows,128,13,0,50000-100000,0.0
503820,A Detective's Novel,2016-07-28,Amaterasu Software,windows,510,231,611,200000-500000,0.79
503940,Railway Empire,2018-01-26,Gaming Minds Studios,windows;linux,2994,710,1081,100000-200000,39.99
504130,Manual Samuel,2016-10-14,Perfectly Paranormal,windows;mac;linux,572,103,0,50000-100000,7.99
504210,SHENZHEN I/O,2016-11-17,Zachtronics,windows;mac;linux,1682,62,332,100000-200000,10.99
504230,Celeste,2018-01-25,Matt Makes Games Inc.,windows;mac;linux,7239,206,638,200000-500000,14.99
504300,Gangs of Space,2017-08-10,Little Big MMO,windows;mac;linux,295,97,6,50000-100000,0.0
504370,Battlerite,2017-11-08,Stunlock Studios,windows,41080,8013,1614,2000000-5000000,0.0
504490,The God's Chain,2016-08-14,CRASS Studios,windows;mac;linux,102,218,221,50000-100000,5.59
504770,Slavistan,2016-07-29,Free Candy Games,windows,666,61,146,200000-500000,1.59
504980,Elves Adventure,2016-08-01,Patryk Taranek,windows,40,105,275,50000-100000,1.99
505170,Carmageddon: Max Damage,2016-10-27,Stainless Games Ltd,windows,1297,406,1360,200000-500000,12.99
505210,Neon Space 2,2016-07-26,Just1337 Studio,windows;mac;linux,211,73,301,100000-200000,4.99
505460,Foxhole,2017-07-27,Clapfoot,windows,6075,1546,928,200000-500000,14.99
505730,Holy Potatoes! We’re in Space?!,2017-02-14,Daylight Studios,windows;mac;linux,410,197,179,50000-100000,11.99
505750,Trimmer Tycoon,2016-11-04,Improx Games,windows;mac,436,237,5,100000-200000,0.0
505760,Whispers,2016-07-29,Peace,windows,56,56,220,50000-100000,3.19
506140,Shop Heroes,2016-08-15,"Cloudcade, Inc.",windows,1978,868,1543,500000-1000000,0.0
506500,Party Panic,2017-08-07,Everglow Interactive Inc.,windows;mac;linux,619,226,84,50000-100000,12.99
506610,Five Nights at Freddy's: Sister Location,2016-10-07,Scott Cawthon,windows,4763,491,100,200000-500000,5.79
506670,ORBITAL,2016-07-27,Ardi Studio,windows,79,31,236,200000-500000,0.79
506730,Dinosaur Forest,2017-05-17,Racing Bros,windows;mac;linux,260,209,232,50000-100000,1.59
507010,Mr.President!,2016-10-10,Game Developer X,windows,1741,593,111,100000-200000,7.19
507380,Black Sand Drift,2016-09-08,Echo Hall Studios,windows,131,55,220,200000-500000,0.79
507390,Gone In November,2016-08-18,Florastamine,windows,224,109,223,200000-500000,0.79
507490,Ashes of the Singularity: Escalation,2016-11-10,Stardock Entertainment;Oxide Games,windows,1551,472,187,200000-500000,23.79
507520,Zzzz-Zzzz-Zzzz,2017-06-05,SaintHeiser,windows,113,32,337,100000-200000,3.19
508140,Zombitatos the end of the Pc master race,2016-09-09,Bmc Studio,windows,205,109,438,50000-100000,1.69
508170,BlackSmith HIT,2016-08-05,ENTERi,windows;mac;linux,314,90,173,50000-100000,0.79
508180,Fly and Destroy,2016-07-29,Just1337 Studio,windows;mac;linux,117,57,777,50000-100000,4.99
508190,Dragon Knight,2018-02-09,D.K Studio,windows;mac,1732,499,169,100000-200000,2.79
508290,$1 Ride,2016-07-28,BeHappy Studios,windows,283,392,207,200000-500000,0.79
508390,Scrap Garden - The Day Before,2016-10-07,Egidijus Bachur;Alexey Davydov,windows;mac;linux,600,193,45,100000-200000,0.0
508440,Totally Accurate Battle Simulator,2019-04-01,Landfall,windows;mac,3109,295,297,500000-1000000,11.39
508530,HackyZack,2017-03-28,Spaceboy Games,windows,128,49,0,50000-100000,6.99
508670,Aircraft War X,2016-08-05,Freshtrax,windows,273,231,246,100000-200000,0.79
508960,SizeBlock,2016-09-02,Egor Magurin,windows,72,42,478,50000-100000,1.59
509000,QUBIC,2016-11-18,Triple-Star Studio,windows;mac;linux,23,13,289,50000-100000,0.79
509110,Spikit,2016-08-09,Blastoid Entertainment,windows,308,70,201,500000-1000000,0.79
509220,Save Jesus,2016-08-04,Almighty Games,windows,1512,178,195,100000-200000,1.59
509240,Lethal Brutal Racing,2016-08-05,Petrodiy-Games,windows,203,137,274,100000-200000,4.79
509420,Riding Club Championships,2016-09-27,Artplant,windows;mac,264,121,0,100000-200000,0.0
509560,Heroes of Dire,2017-03-15,Spellbook,windows;mac;linux,128,58,1,50000-100000,0.0
509600,Battle Time,2016-09-29,Foggybus,windows;mac;linux,105,34,254,50000-100000,0.79
509800,The Last Weekend,2017-03-03,KEXBOY,windows;mac;linux,168,126,0,50000-100000,0.0
509980,BIGFOOT,2017-01-01,CyberLight Game Studio,windows,1856,866,0,50000-100000,12.39
510050,You Have 10 Seconds,2016-08-02,tamationgames,windows,1026,109,3,200000-500000,0.0
510220,Forgotten Heroes,2016-08-12,Epic Fire,windows,23,23,276,50000-100000,0.79
510510,WWE 2K17,2017-02-06,"Visual Concepts;Yuke's Co., LTD",windows,793,537,0,50000-100000,39.99
510620,THOTH,2016-10-07,Carlsen Games,windows;mac,229,40,182,50000-100000,3.99
510630,Soccer Manager 2017,2016-09-16,Soccer Manager Ltd,windows;mac,452,219,11,200000-500000,0.0
510660,Big Bang Empire,2016-08-23,Playata GmbH,windows,398,260,5193,100000-200000,0.0
510840,Evolvation,2017-02-06,HyperReuts,windows,558,213,292,500000-1000000,6.99
511160,Cubway,2016-08-11,Armnomads LLC,windows;mac;linux,83,34,308,50000-100000,2.79
511330,Farm Life: Natures Adventure,2016-08-23,BlockheadGames,windows;mac;linux,9,12,181,50000-100000,0.79
511340,Existentia,2016-08-08,SmartHart Games,windows,53,51,213,100000-200000,2.09
511470,Glass Masquerade,2016-11-18,Onyx Lute,windows;mac,2406,59,241,500000-1000000,3.99
511680,Fate/EXTELLA,2017-07-25,Marvelous Inc.,windows,2833,204,54,100000-200000,29.99
511740,Gal*Gun: Double Peace,2016-09-27,"INTI CREATES CO., LTD.",windows,1269,202,141,50000-100000,29.99
511800,ONRAID,2017-04-18,Pragmatix Ltd,windows;mac;linux,1316,395,81,500000-1000000,0.0
512020,Box Maze,2017-03-03,GamersHype Productions,windows,66,29,251,50000-100000,0.79
512250,Oh...Sir!! The Insult Simulator,2016-10-25,Vile Monarch,windows;mac;linux,2515,240,131,200000-500000,1.59
512270,Home - A VR Spacewalk,2017-11-30,BBC Media Applications Technologies Limited,windows,117,35,14,50000-100000,0.0
512300,Unbox: Newbie's Adventure,2016-09-05,Prospect Games,windows,378,83,20,50000-100000,14.99
512450,BitRay2,2016-08-18,Riviysky,windows;mac;linux,72,18,262,100000-200000,0.79
512470,The Pirate: Caribbean Hunt,2016-08-24,Home Net Games,windows;mac;linux,2253,581,98,500000-1000000,0.0
512640,Final Quest,2016-08-17,RPG Video,windows,52,78,206,200000-500000,0.79
512700,Duckles: the Jigsaw Witch,2016-12-20,Turbulon Interactive,windows,6,14,0,50000-100000,2.89
512900,Streets of Rogue,2017-03-10,Matt Dabrowski,windows;mac;linux,5484,269,394,200000-500000,10.99
513000,KUBOOM,2016-10-07,nobodyshot,windows,784,1079,36,200000-500000,0.0
513230,The Underground Man,2016-09-01,Mehsoft,windows;mac,1087,216,102,50000-100000,1.99
513440,Path of War,2016-09-12,Envision Entertainment,windows,81,71,142,100000-200000,0.0
513450,Drop Alive,2016-12-06,Invi Games,windows,1072,136,7,200000-500000,0.0
513510,Intralism,2016-11-04,KHB-Soft,windows;mac;linux,1839,260,282,100000-200000,1.99
513530,Anykey Simulator,2016-09-28,RiDeLy,windows,61,83,235,100000-200000,3.19
513560,Hunger Dungeon,2016-12-06,Buka Game Studio,windows;mac;linux,1655,619,22,500000-1000000,0.0
513570,Wooden House,2016-09-05,GDNomad,windows,142,71,238,100000-200000,0.79
513590,So Many Cubes,2016-10-06,exagongames,windows,38,82,238,100000-200000,1.59
513610,Madrobot X,2016-09-21,NetoX,windows;mac;linux,79,10,214,100000-200000,1.99
513620,SkyTime,2016-12-02,Alexey Khazov;Cristian Ionescu;Lars van Dorenvanck;Brandon van Doorn;Joran Vergoessen;Admir Leka,windows;mac;linux,84,67,207,200000-500000,0.79
513630,Squeezone,2016-09-16,Versus System,windows,66,64,276,100000-200000,3.19
513710,SCUM,2018-08-29,Gamepires;Croteam,windows,15934,8556,1264,1000000-2000000,15.49
513780,Turbo Pug DX,2016-09-26,SnowFlame;Back To Basics Gaming,windows,1160,348,219,1000000-2000000,0.79
514470,Fantastic 4 In A Row 2,2016-08-15,EnsenaSoft,windows,48,33,232,50000-100000,0.79
514480,Fantastic Checkers 2,2016-08-18,EnsenaSoft,windows,31,47,232,50000-100000,0.79
514490,Ultimate Word Search 2: Letter Boxed,2016-08-18,EnsenaSoft,windows,26,41,222,100000-200000,0.79
514580,Cooking Witch,2017-05-18,VaragtP,windows,178,29,176,50000-100000,1.69
514620,Ellipsis,2017-01-25,Salmi Games,windows;mac;linux,168,5,296,50000-100000,7.19
514660,BitMaster,2016-10-12,Vladimir Shlapak,windows;mac;linux,119,48,268,200000-500000,1.99
514900,>observer_,2017-08-15,Bloober Team SA,windows;mac;linux,2468,583,91,200000-500000,22.99
514920,Crash Wheels,2018-12-20,Quiet River,windows,219,72,0,50000-100000,3.99
515020,The VR Museum of Fine Art,2016-08-20,Finn Sinclair,windows,203,11,14,50000-100000,0.0
515040,Make America Great Again: The Trump Presidency,2016-09-26,Maverick Game Studio,windows,1480,196,112,50000-100000,1.99
515180,Bus Simulator 18,2018-06-13,stillalive studios,windows,1585,698,0,100000-200000,26.99
515220,F1™ 2017,2017-08-24,Codemasters;Feral Interactive (Mac);Feral Interactive (Linux),windows;mac;linux,3375,685,1164,200000-500000,44.99
515310,Invention 2,2016-09-23,Falcoware,windows,284,193,476,50000-100000,0.79
515470,Hyper color ball,2016-09-02,Czester16,windows,123,157,212,200000-500000,0.79
515690,Warriors of Vilvatikta,2016-08-26,RPG Video,windows,59,74,222,200000-500000,0.79
515910,Hooligan Vasja,2016-08-19,Trident Game Studio,windows,92,48,5402,50000-100000,0.79
516510,Orake 2D MMORPG,2017-06-16,Oomst Games,windows,433,193,2,100000-200000,0.0
516750,My Summer Car,2016-10-24,Amistech Games,windows,12847,1309,2191,200000-500000,10.99
516950,STARS Simulation,2016-09-01,Just Amusing Myself Studios,windows,5,7,258,100000-200000,0.79
517000,Sakura Shrine Girls,2016-08-26,Winged Cloud,windows;mac;linux,109,24,135,100000-200000,6.99
517010,Aztecalypse,2016-11-11,Displacement Studios,windows,22,24,210,50000-100000,0.79
517630,Just Cause 4,2018-12-04,Avalanche Studios,windows,2075,3780,1337,100000-200000,44.99
517710,Redout: Enhanced Edition,2016-09-02,34BigThings srl,windows,2546,369,216,200000-500000,29.99
517790,Caesar™ 3,2016-08-29,Impressions Games,windows,315,50,0,100000-200000,4.99
517810,Caesar™ IV,2016-08-29,"Tilted Mill Entertainment, Inc.",windows,115,96,0,100000-200000,7.99
518030,Aim Hero,2016-09-05,ProGames Studio,windows,2596,458,109,200000-500000,3.99
518580,Accounting (Legacy),2016-10-18,Crows Crows Crows;Squanch Games,windows,2055,116,55,200000-500000,0.0
518620,Ballistick,2016-10-14,Bomb Shelter Games,windows;linux,55,120,218,100000-200000,1.59
518790,theHunter: Call of the Wild™,2017-02-16,Expansive Worlds,windows,15716,4308,1409,500000-1000000,19.99
518800,Lone Leader,2016-10-28,SirGoose,windows,110,198,257,200000-500000,0.79
519140,Minds Eyes,2016-08-31,Stanislaw Truchowski,windows,702,309,73,100000-200000,0.0
519190,Next Day: Survival,2018-05-21,SOFF Games,windows,4854,2493,280,200000-500000,8.99
519860,DUSK,2018-12-10,David Szymanski,windows;mac;linux,3599,89,284,100000-200000,15.0
520440,GUILTY GEAR Xrd -REVELATOR-,2016-12-14,Arc System Works,windows,2163,151,1474,50000-100000,22.99
520530,INTERSHELTER,2016-11-20,Eforb,windows,744,345,10575,50000-100000,0.0
520720,Dear Esther: Landmark Edition,2017-02-14,The Chinese Room;Robert Briscoe,windows;mac,630,201,61,200000-500000,7.99
520860,Impulse of War,2017-02-24,Dmitry Medvedev,windows,295,148,23,100000-200000,0.0
521150,Another Brick in The Mall,2016-11-03,The Quadsphere,windows,811,181,142,50000-100000,10.29
521200,Epic Battle Fantasy 3,2016-09-01,Matt Roszak,windows,824,38,1,100000-200000,0.0
521230,Stone Age Wars,2017-01-09,Permafrost Studio,windows,107,51,206,50000-100000,1.99
521470,Magical Otoge Ciel,2016-08-26,batensan,windows;mac;linux,163,14,0,50000-100000,0.0
521500,Sakura Space,2016-10-10,Winged Cloud,windows;linux,145,33,192,100000-200000,6.99
521570,You Have 10 Seconds 2,2016-08-25,Tamationgames,windows,548,62,32,100000-200000,0.0
521580,Where are my Internets?,2016-12-16,Lokator Studio,windows;mac;linux,47,17,271,50000-100000,1.99
521630,Toadled,2016-09-22,Giant Fox Studios,windows;mac,257,50,297,50000-100000,0.79
521830,H.I.S.T.O.R.Y T.O.R.C.H.K.A,2017-06-02,Legalase studio,windows,17,15,191,100000-200000,0.79
521890,Hello Neighbor,2017-12-08,Dynamic Pixels,windows,1531,640,17,100000-200000,23.79
521920,Death's Hangover,2017-01-20,Retro Army Limited,windows,265,31,151,50000-100000,3.99
521930,Minimized,2016-09-16,Crystal Box Team,windows,91,74,235,100000-200000,3.19
521940,Space Incident,2016-09-23,Vogd3,windows,82,28,288,100000-200000,3.19
521980,Autumn Dream,2016-11-05,GDNomad,windows,40,56,228,100000-200000,3.99
522090,Medieval Defenders,2016-11-11,Creobit,windows,56,90,0,100000-200000,3.99
522210,Serial Cleaner,2017-07-14,iFun4All S.A.,windows;mac;linux,336,93,134,100000-200000,11.99
522230,The Fishing Club 3D,2017-03-23,Robot Riot UG (haftungsbeschränkt),windows,135,66,0,100000-200000,0.0
522470,The House of Da Vinci,2017-11-24,Blue Brain Games,windows;mac,865,97,169,50000-100000,17.99
522570,The Last Hope,2016-08-29,Atomic Fabrik;Cristian Manolachi,windows,259,457,236,200000-500000,0.79
523780,Emily is Away Too,2017-05-26,Kyle Seeley,windows;mac;linux,3036,225,530,100000-200000,3.99
523790,Brave Dungeon,2016-09-02,Zakhar Zakharov,windows,86,37,500,50000-100000,0.79
524220,NieR:Automata™,2017-03-17,Square Enix;PlatinumGames Inc.,windows,39387,9414,2022,500000-1000000,29.99
524340,HellAngel,2016-09-02,Andrey Malyarov,windows,174,186,258,200000-500000,0.79
524580,Fairy Fencer F Advent Dark Force | フェアリーフェンサー エフ ADVENT DARK FORCE | 妖精劍士 F ADVENT DARK FORCE,2017-02-14,IDEA FACTORY;COMPILE HEART,windows,1539,294,444,50000-100000,23.79
524970,Helmet Heroes,2016-10-03,Helmet Games,windows;mac,319,371,31,100000-200000,0.0
525300,Starship Annihilator,2016-09-02,IR Studio,windows,25,23,333,50000-100000,0.79
525480,.hack//G.U. Last Recode,2017-11-03,CyberConnect2,windows,1138,159,85,50000-100000,39.99
525510,"Guns, Gore and Cannoli 2",2018-03-02,Crazy Monkey Studios;Claeysbrothers,windows;mac,1121,75,213,100000-200000,10.29
525780,Doorways: Old Prototype,2016-10-05,Saibot Studios,windows;mac;linux,450,74,0,100000-200000,0.0
525920,Pro Cycling Manager 2017,2017-06-15,Cyanide Studio,windows,194,106,999,50000-100000,24.99
526160,The Wild Eight,2017-02-08,HypeTrain Digital,windows,2757,1063,133,100000-200000,14.99
526180,Deus Ex: Mankind Divided™ - VR Experience,2017-01-24,Eidos Montreal,windows,116,112,0,50000-100000,0.0
526290,MY FIGHT,2018-05-22,TrisPix Studio,windows,36,20,246,50000-100000,2.79
526460,KickHim,2016-09-10,Pokshevanov Pavel,windows,279,317,213,200000-500000,1.99
526740,hack_me,2017-01-05,Egor Magurin;Eugene Radaev,windows,1277,789,404,200000-500000,2.79
526880,Chess Knight 2,2016-09-11,EnsenaSoft,windows,54,61,203,50000-100000,2.09
527100,Star Trek™: Bridge Crew,2017-05-30,Ubisoft,windows,1219,279,141,100000-200000,33.99
527230,For The King,2018-04-19,IronOak Games,windows;mac;linux,4790,920,1536,200000-500000,15.49
527270,Atelier Sophie: The Alchemist of the Mysterious Book,2017-02-07,"KOEI TECMO GAMES CO., LTD.",windows,1122,145,37,50000-100000,24.99
527340,What The Box?,2016-09-12,Bitten Toast Games Inc.,windows;mac;linux,537,135,159,50000-100000,3.99
527430,"Warhammer 40,000: Inquisitor - Martyr",2018-06-05,NeocoreGames,windows,3372,1931,1034,100000-200000,33.99
527450,Cockroach Simulator,2016-09-16,HFM Games,windows;mac;linux,504,169,109,50000-100000,0.79
527460,Lepofrenia,2017-06-09,SEA - EYE GS,windows,36,21,307,50000-100000,3.19
527480,Life Beetle,2017-04-18,Grizlikyt,windows,160,70,256,200000-500000,0.79
527490,EM: Shader Attack,2016-09-29,Life Jumb DT,windows,141,30,231,100000-200000,3.19
527550,Platro,2016-10-05,Hipix Studio,windows,28,55,238,200000-500000,0.79
527750,Merger 3D,2016-09-29,Mahhaon;Art-Arcade;Sun Pixel,windows,60,80,223,200000-500000,1.99
527760,Just Hero,2016-09-28,Anatoliy Loginovskikh,windows,126,119,218,200000-500000,0.79
527770,Russian SuperHero Dead Ivan,2016-10-19,Anatoliy Loginovskikh,windows,94,101,210,200000-500000,0.79
528060,東周列萌志 Philosophic Love,2018-08-17,離水三尺工作室,windows;mac,318,19,0,50000-100000,0.0
528080,Night Forest,2016-11-08,Brimo Studio,windows,26,47,236,100000-200000,3.19
528090,Lost In Woods 2,2016-09-26,Eugene Makashov,windows,78,65,258,100000-200000,3.19
528230,SYNTHETIK: Legion Rising,2018-03-15,Flow Fire Games,windows,948,76,772,50000-100000,16.99
528300,Soulless: Ray Of Hope,2016-10-18,Frisky Fatal Games,windows;mac;linux,155,55,220,50000-100000,7.19
528510,Turbo Pug 3D,2016-09-20,Wulo Games;DEADBIT,windows,190,101,212,200000-500000,1.59
528660,Spin Rush,2016-09-16,Just1337 Studio,windows;mac;linux,270,73,202,100000-200000,4.99
528670,Elems,2016-11-11,Fifth Dimension Company,windows,8,2,302,100000-200000,0.79
528740,Operation: New Earth,2016-12-14,Hunted Cow Studios,windows,167,166,0,50000-100000,0.0
529110,Awkward Dimensions Redux,2016-10-21,StevenHarmonGames,windows;mac;linux,2182,528,3,200000-500000,0.0
529150,Lazerbait,2016-10-13,Taylor Stapleton,windows,383,11,13,50000-100000,0.0
529180,Dark and Light,2017-07-20,Snail Games USA,windows,4610,3949,1062,200000-500000,13.99
529240,"Creature Clicker - Capture, Train, Ascend!",2017-04-28,ColloseusX,windows,125,148,223,200000-500000,1.59
529670,The Bellows,2016-09-13,BOT Jungle Productions;Evan Davis;Bryce Davis;Gehrig Gosslin,windows,161,27,0,100000-200000,0.0
529720,bob's game,2017-02-21,Robert Pelloni,windows;mac;linux,38,13,0,50000-100000,0.0
529760,TAIKU MANSION,2017-02-13,ST. TAIKU;KITATUS,windows,98,204,112,200000-500000,0.79
529780,Disturbed,2016-10-03,iBlackpen,windows;mac;linux,1240,94,1,100000-200000,0.0
529920,Resurgence,2017-09-12,Lightning Man Media,windows,14,5,0,200000-500000,0.79
530070,Train Sim World®,2017-03-16,Dovetail Games,windows,1847,883,0,100000-200000,44.8
530240,Pixel-Warfare: Pro,2016-09-20,Angel Iliev Hrisimov,windows,53,31,0,50000-100000,0.79
530330,Blameless,2016-10-13,Vaclav Hudec,windows;mac,3159,594,63,200000-500000,0.0
530540,mr.President Prologue Episode,2016-09-20,Sergey Domashenkin,windows,44,33,204,50000-100000,0.79
530620,Resident Evil 7 / Biohazard 7 Teaser: Beginning Hour,2016-12-18,"CAPCOM Co., Ltd.",windows,3424,483,63,1000000-2000000,0.0
530630,Empires Apart,2018-03-29,DESTINYbit,windows,636,389,17,100000-200000,0.0
530700,Argo,2017-06-22,Bohemia Interactive,windows,4438,4973,182,2000000-5000000,0.0
530890,Haydee,2016-09-26,Haydee Interactive,windows,2932,519,229,100000-200000,10.99
530920,Archimedes,2016-10-06,Joshua Hughes,windows;mac;linux,140,35,87,100000-200000,1.99
530950,Tower 57,2017-11-16,Pixwerk,windows;mac,277,137,404,50000-100000,9.29
531190,HEBEREKE!: March! Red Army Girls' Brigade,2016-09-30,Flying Panjandrum,windows,140,18,4,50000-100000,0.0
531490,Golden Swords,2016-10-26,Vlad K.,windows,37,40,235,100000-200000,3.19
531510,Just Shapes & Beats,2018-05-31,Berzerk Studio,windows;mac;linux,1980,63,144,50000-100000,15.49
531640,Eternal Card Game,2018-11-15,Dire Wolf Digital,windows;mac,3457,993,271,200000-500000,0.0
531960,Bloody Walls,2016-09-28,L. Stotch,windows,724,229,16,100000-200000,0.0
532030,Dream Dealer,2016-10-01,Eternity Studios,windows;linux,49,58,332,100000-200000,2.79
532110,Rusty Lake: Roots,2016-10-20,Rusty Lake,windows;mac,1996,110,140,100000-200000,1.99
532210,Life is Strange 2,2018-09-26,DONTNOD Entertainment,windows,4749,950,325,100000-200000,6.49
532840,CAYNE,2017-01-24,THE BROTHERHOOD,windows;mac;linux,843,203,42,200000-500000,0.0
533150,Super LOH,2016-12-07,CharlieH,windows,216,106,1709,200000-500000,0.79
533300,Zup!,2016-10-04,Quiet River,windows,5810,366,237,100000-200000,0.79
533340,Captivity,2016-10-19,Trauma,windows,25,34,246,50000-100000,0.79
533540,MONMUSU,2018-05-11,Tentacle Games,windows,1782,613,321,200000-500000,0.0
533690,Think To Die,2016-09-22,Felip Guimerà,windows;mac;linux,198,76,8,50000-100000,0.0
533780,Zombie Defense,2016-09-30,Home Net Games,windows;mac;linux,1233,265,583,200000-500000,0.0
533820,Atonement 2: Ruptured by Despair,2016-10-18,Astronomic Games,windows,84,29,271,50000-100000,4.79
533860,Multimirror,2016-11-14,Cleverweek,windows;mac;linux,47,59,210,100000-200000,3.99
533970,Blocks by Google,2017-07-06,Google,windows,124,16,0,100000-200000,0.0
534010,Defense of Egypt: Cleopatra Mission,2016-09-29,First Games Interactive,windows;mac,71,26,0,100000-200000,4.99
534220,Dragon's Sin,2017-12-21,Fate Dragon Studio,windows,290,143,9,100000-200000,0.0
534290,Cursed Castilla (Maldita Castilla EX),2016-10-20,Locomalito;Gryzor87,windows,308,53,70,100000-200000,8.99
534370,Pure Farming 2018,2018-03-13,Ice Flames,windows,637,309,0,50000-100000,15.49
535230,Domina,2017-04-03,DolphinBarn,windows;mac,4260,635,341,200000-500000,6.99
535400,Breathing Fear,2016-10-07,LunarPixel,windows,167,30,469,50000-100000,1.99
535480,Sundered®: Eldritch Edition,2017-07-28,Thunder Lotus Games,windows;mac;linux,1375,323,177,100000-200000,15.49
535760,Unforgiving Trials: The Space Crusade,2016-10-07,Amaterasu Software,windows,144,100,243,200000-500000,0.99
535930,Two Point Hospital,2018-08-29,Two Point Studios,windows;mac;linux,6432,1264,1617,200000-500000,24.99
536340,Endless Room,2016-09-30,biplekfp,windows,26,26,251,100000-200000,1.59
536410,Greenwood the Last Ritual,2017-01-19,AO2Game,windows;mac;linux,39,18,212,100000-200000,1.99
536890,Glittermitten Grove,2016-12-13,Mostly Tigerproof,windows;mac;linux,287,55,0,50000-100000,14.99
536930,MOBIUS FINAL FANTASY™,2017-02-05,Square Enix,windows,2456,1082,462,1000000-2000000,0.0
537110,Angels of Death,2016-12-19,Vaka Game Magazine;Makoto Sanada,windows,1935,116,24,50000-100000,6.99
537180,Digimon Masters Online,2016-11-03,"Move Games Co., Ltd.",windows,2836,1350,447,1000000-2000000,0.0
537280,Existence speed,2016-10-21,Kedexa,windows,8,15,0,100000-200000,0.79
537340,Guts and Glory,2018-07-19,HakJak Productions,windows;mac;linux,1011,245,199,100000-200000,11.39
537360,JumpBall,2016-10-24,André Bertaglia,windows;mac;linux,97,131,203,200000-500000,1.69
537700,Octave,2016-10-18,Anate Studio,windows;mac,86,31,235,50000-100000,1.99
537800,Bomber Crew,2017-10-19,Runner Duck,windows;mac;linux,3814,491,219,200000-500000,14.99
537990,Heroine Anthem Zero -Sacrifice-,2016-12-22,WindThunder Studio,windows;mac,319,195,0,50000-100000,7.19
538100,Feel The Snow,2016-10-14,Owlet,windows,1398,180,174,50000-100000,5.99
538590,Sleeping Valley,2016-10-08,White Dog,windows,82,158,218,200000-500000,9.99
538680,The Legend of Heroes: Trails of Cold Steel,2017-08-02,Nihon Falcom,windows,2030,92,75,100000-200000,29.99
539350,Ball of Light,2016-12-09,Nikolay Novikov,windows,48,48,236,200000-500000,2.79
539440,Citalis,2016-11-03,Matt Hooper,windows;mac,95,80,223,100000-200000,1.59
539450,Crab Dub,2017-01-19,Anatoliy Loginovskikh,windows,156,62,236,100000-200000,1.99
539640,Racecar.io,2016-10-18,Kastriot Sulejmani;Brayden Myers,windows;mac,149,123,18,50000-100000,0.0
539650,TwelveSky2 Classic,2017-01-27,SG Data,windows,82,51,0,50000-100000,0.0
539670,Sakura Nova,2016-10-20,Winged Cloud,windows;linux,223,27,312,100000-200000,10.99
539720,Razortron 2000,2016-10-12,NukGames,windows,578,84,272,50000-100000,0.79
540020,Final Quest II,2016-10-18,RPG Video,windows,56,65,206,200000-500000,0.79
540610,Delicious! Pretty Girls Mahjong Solitaire,2016-10-14,Zoo Corporation,windows;mac,1155,163,1004,50000-100000,0.79
540640,Tales of the Elements,2016-10-13,Last BeNeVoLeNcE,windows,14,5,222,50000-100000,5.19
540840,Lara Croft GO,2016-12-04,Square Enix Montréal,windows;mac;linux,1170,154,145,100000-200000,7.99
540900,Nuclear Contingency,2017-01-02,Amaterasu Software,windows,101,115,212,200000-500000,0.99
541100,Krampus,2016-10-18,Peace,windows,70,80,213,100000-200000,3.19
541210,Cold Waters,2017-06-05,Killerfish Games,windows;mac,1347,271,0,50000-100000,29.99
541370,Clickdraw Clicker,2016-10-14,ColloseusX,windows,107,248,200,200000-500000,0.79
541570,Sally Face,2016-12-14,Steve Gabry,windows;mac;linux,1832,63,371,100000-200000,1.99
542280,Happy Maze,2016-12-21,DoshMallow Games,windows,68,20,252,50000-100000,3.99
542310,Escape the Game,2016-10-13,Insanity Games,windows,1623,342,35,200000-500000,0.0
542340,Slingshot people,2016-10-21,StalkerAlex,windows,593,689,231,200000-500000,0.79
542430,Remaining in a dream,2016-10-15,Primitive Studio,windows,52,78,206,50000-100000,0.79
542480,Therian Saga,2017-03-27,Virtys,windows,224,100,1,50000-100000,0.0
542590,SoulSaverOnline,2017-04-05,Smartbig Corportion,windows,84,53,0,50000-100000,0.0
542660,Feral Fury,2017-04-02,Skandivania Games,windows;mac;linux,83,14,0,50000-100000,4.99
542690,Mahsung Deluxe,2016-10-17,EnsenaSoft,windows,31,31,230,50000-100000,0.79
542710,Dessert Storm,2016-10-23,EnsenaSoft,windows,34,48,202,50000-100000,0.79
542720,Bubble Blowout,2016-10-24,EnsenaSoft,windows,41,61,203,50000-100000,0.79
542730,Block Blowout,2016-10-26,EnsenaSoft,windows,36,62,173,50000-100000,0.79
542740,Balloon Blowout,2016-10-28,EnsenaSoft,windows,46,62,152,50000-100000,0.79
542780,Drift GEAR Racing Free,2016-10-21,Rock Crow,windows,45,112,75,50000-100000,0.0
543360,Relaxation balls,2016-11-08,DIAMOND FOX,windows,51,49,392,100000-200000,0.79
543460,Dead Rising 4,2017-03-14,"Capcom Game Studio Vancouver, Inc.",windows,1320,1512,340,100000-200000,19.99
543650,Last Days,2016-10-20,CrackedGhostGames,windows;mac,21,18,292,50000-100000,0.0
543770,Altar Guardian,2016-10-24,Hipix Studio,windows,50,64,241,100000-200000,1.59
543780,Other Tanks,2016-12-05,Daniil Hasanov,windows,33,33,237,100000-200000,1.59
543790,Mars Industries,2016-10-24,ZovGame,windows,36,33,231,100000-200000,1.59
543900,METAL GEAR SURVIVE,2018-02-21,Konami Digital Entertainment,windows,2213,1232,1649,100000-200000,34.99
544310,Jumps,2017-03-31,Kiwiforge;Timothy Vincent,windows;mac;linux,137,9,121,50000-100000,2.09
544330,Snake Pass,2017-03-28,Sumo Digital,windows,788,204,94,50000-100000,15.99
544420,VRCapture,2016-11-03,XR Team,windows,33,18,1,50000-100000,0.0
544550,Stationeers,2017-12-12,RocketWerkz,windows,1372,287,3233,50000-100000,18.99
544730,Catan Universe,2017-04-25,Exozet,windows;mac,463,720,16710,100000-200000,0.0
544750,SOULCALIBUR VI,2018-10-18,BANDAI NAMCO Studios;Dimps Corporation,windows,2992,676,184,100000-200000,49.99
544810,KARDS,2019-04-12,1939 Games,windows,321,75,0,50000-100000,0.0
544920,Darwin Project,2018-03-09,Scavengers Studio,windows,9663,2267,160,500000-1000000,0.0
545150,Beastiarium,2016-12-05,Fazan,windows,59,50,205,50000-100000,9.99
545280,The face of hope: Underground,2016-10-28,Primitive Studio,windows,46,80,201,50000-100000,0.79
545360,Sleight,2016-11-09,Hipix Studio,windows,35,47,221,100000-200000,0.79
545370,Time Of Silence,2016-12-06,DarkLight,windows,40,50,227,100000-200000,0.79
545410,A Trip to Yugoslavia: Director's Cut,2017-02-22,Piotr Bunkowski;Hades Productions,windows;mac;linux,83,36,480,50000-100000,0.79
545470,Hover Hazard,2016-10-21,David Mulder,windows,17,8,232,50000-100000,1.59
545580,"GO AWAY, THERE'S KUMIS OVER THERE!",2016-10-28,Besedka Games Studio,windows,119,47,187,50000-100000,0.79
545700,The Land of Dasthir,2017-01-09,RPG Video,windows,29,53,219,100000-200000,0.79
545820,Wanderland,2016-12-20,Artogon,windows,107,89,0,50000-100000,0.0
545860,Luke Sidewalker,2016-12-05,Giant Fox Studios,windows;mac,54,39,281,50000-100000,0.79
546050,Puyo Puyo™Tetris®,2018-02-27,Sonic Team;Bitbaboon,windows,1610,379,231,200000-500000,14.99
546340,"Dynamic Very, Very, Hard game!!",2016-11-11,White Dog,windows,39,65,211,100000-200000,3.1
546380,Crispy Chicken,2017-04-18,Axyos Games,windows,123,116,4122,100000-200000,3.19
546390,Brief Karate Foolish,2016-11-18,D.C.S,windows,2027,128,5,100000-200000,0.0
546400,Cavern Escape,2017-02-20,White Dog,windows,117,226,201,100000-200000,3.1
546490,Heart and Seoul,2016-11-01,Sapphire Dragon Productions,windows;mac;linux,35,39,275,50000-100000,2.09
546660,Operation Breakout,2016-10-28,SGTTB_Studios;Phanom Games,windows,34,47,292,50000-100000,5.99
546700,The Butterfly Sign,2016-12-13,Quantum Phoenix Studio;Dennis Esie,windows,98,63,281,200000-500000,3.99
546930,Machine Hunt,2017-05-15,Racing Bros,windows;mac;linux,204,179,205,50000-100000,1.99
546980,Midnight Carnival,2016-11-22,Delusional Games,windows,52,135,226,200000-500000,0.79
546990,Town of Night,2016-11-17,Delusional Games,windows,53,52,263,100000-200000,1.59
547010,Terminal Hacker,2016-12-01,Lord_Loej,windows;mac;linux,72,54,0,100000-200000,0.0
547310,That's Mahjong!,2016-10-27,TotallyNotReptillian,windows,55,31,274,50000-100000,0.79
547680,Guild Quest,2017-01-26,Hyper Hippo Games,windows;mac,1089,451,209,200000-500000,0.0
547860,Rend,2019-03-29,Frostkeep Studios,windows,773,521,72,50000-100000,11.39
547960,Space Beret,2016-10-25,Amaterasu Software,windows,285,282,197,200000-500000,0.99
548290,Dark Eden,2016-11-28,SOFTON ENTERTAINMENT,windows,105,116,0,50000-100000,0.0
548430,Deep Rock Galactic,2018-02-28,Ghost Ship Games,windows,10254,838,3350,500000-1000000,24.99
550010,Happy Room,2016-12-19,Mana Potion Studios,windows;mac;linux,900,188,250,100000-200000,3.99
550470,NosTale,2017-09-18,"Entwell Co., Ltd.",windows,706,316,52,200000-500000,0.0
550650,Black Squad,2017-07-28,NS STUDIO,windows,33695,11081,1835,5000000-10000000,0.0
550670,"What The Heck, Dude?",2017-01-10,The_Kiddy,windows,98,159,272,100000-200000,0.79
550900,Metin2,2017-05-08,WEBZEN Inc.,windows,4526,2741,2225,1000000-2000000,0.0
551110,Wayout,2016-11-04,Konstructors Entertainment,windows;mac;linux,552,64,127,50000-100000,0.72
551170,Onmyoji,2018-04-18,NetEase Games,windows,552,258,2616,100000-200000,0.0
551550,ASSASSINATION BOX,2018-01-22,VitaliZelenyuk,windows,36,69,212,200000-500000,4.79
551770,ECHO,2017-09-19,ULTRA ULTRA,windows,649,148,235,50000-100000,18.99
552100,Brick Rigs,2016-11-07,Lukas Rustemeyer,windows,3207,636,1683,100000-200000,10.99
552110,Puzzle Pirates: Dark Seas,2018-07-06,"Grey Havens, LLC",windows;mac,315,97,1334,50000-100000,0.0
552500,Warhammer: Vermintide 2,2018-03-08,Fatshark,windows,21509,7336,2025,2000000-5000000,23.79
552520,Far Cry® 5,2018-03-26,Ubisoft Montreal;Red Storm;Ubisoft Shanghai;Ubisoft Toronto;Ubisoft Kiev,windows,23373,11081,1869,500000-1000000,49.99
552590,The Sexy Brutale,2017-04-11,Cavalier Game Studios;Tequila Works,windows,1945,128,147,100000-200000,14.99
552620,ATOM RPG: Post-apocalyptic indie game,2018-12-19,AtomTeam,windows;mac;linux,2012,327,17,100000-200000,10.99
552700,WORLD OF FINAL FANTASY®,2017-11-21,Square Enix,windows,1136,287,519,50000-100000,18.49
552990,World of Warships,2017-11-15,Wargaming Group Limited,windows,9386,3667,341,2000000-5000000,0.0
553180,Are You Ready?,2017-02-10,Time Gap Studio,windows,6,3,0,50000-100000,0.79
553210,"Warhammer 40,000: Space Wolf",2017-09-21,HeroCraft,windows,506,231,133,50000-100000,17.99
553310,Lethal League Blaze,2018-10-24,Team Reptile,windows,1748,65,343,50000-100000,17.99
553340,SolarGun,2017-07-28,Mechanical Boss,windows;mac;linux,146,22,292,50000-100000,0.99
553640,ICEY,2016-11-17,FantaBlade Network,windows;mac,16978,1627,294,500000-1000000,8.99
553660,PWND,2018-04-06,Skydance Interactive,windows,602,251,29,100000-200000,0.0
553790,Once in Yaissor,2016-11-09,Valera Entertainment,windows,667,104,2170,100000-200000,0.79
553960,Husk,2017-02-03,UndeadScout,windows,213,294,333,100000-200000,15.99
554620,Life is Strange: Before the Storm,2017-08-31,Deck Nine;Feral Interactive (Mac);Feral Interactive (Linux),windows;mac;linux,21705,1520,478,500000-1000000,13.99
554640,拯救大魔王2 Rescue the Great Demon 2,2016-11-18,吃了就睡工作室,windows;mac;linux,298,98,53,100000-200000,0.0
555150,The First Tree,2017-09-14,David Wehle,windows;mac;linux,1151,347,101,100000-200000,7.99
555160,Pavlov VR,2017-02-27,davevillz,windows,2952,355,362,200000-500000,6.99
555210,Trick and Treat - Visual Novel,2016-12-30,Eternal Night Studios,windows;mac;linux,2922,351,80,200000-500000,0.0
555220,Detention,2017-01-12,RedCandleGames,windows;mac;linux,8540,2688,387,500000-1000000,8.99
555260,The Butterfly Sign: Human Error,2017-03-16,Quantum Phoenix Studio;Dennis Esie,windows,44,37,245,200000-500000,3.99
555440,Deathgarden,2018-08-14,Behaviour Digital Inc.,windows,1207,1290,0,50000-100000,24.99
555450,Deus Ex: Breach™,2017-01-24,Eidos Montreal,windows,92,123,22,50000-100000,0.0
555570,Infestation: The New Z,2016-11-22,Fredaikis AB,windows,13726,14201,376,5000000-10000000,0.0
555610,Gunmetal Arcadia Zero,2016-11-15,Minor Key Games,windows;mac;linux,68,16,2,50000-100000,4.79
555620,Crazy Oafish Ultra Blocks: Big Sale,2016-12-16,CivilSavages,windows,124,81,276,100000-200000,3.19
555640,Japanese School Life,2016-11-22,code:jp,windows,163,45,422,50000-100000,6.99
555670,Infinitum,2017-01-04,VGstudio,windows,53,41,366,50000-100000,3.99
555700,Absoloot,2017-03-15,Latinas Tomatos,windows,137,119,236,200000-500000,3.19
555750,Masked Forces,2016-11-23,FreezeNova,windows;mac,242,131,0,50000-100000,0.79
555920,Dark Egypt,2017-02-07,GDNomad,windows,12,23,241,100000-200000,3.99
555940,Fairyland: Fairy Power,2016-11-10,Naarassusi Game,windows;mac;linux,73,24,245,100000-200000,3.99
556110,Galactic Fighter,2016-12-05,Spectrum Games,windows,35,52,257,200000-500000,0.79
556120,Reptilians Must Die!,2017-01-31,"Andrew ""Versus"" Larionov",windows,128,53,391,100000-200000,1.59
556160,PHAT STACKS,2016-11-29,ColloseusX,windows,69,94,188,100000-200000,1.59
556180,Mysterium: A Psychic Clue Game,2017-01-12,Asmodee Digital;Playsoft,windows,170,49,27,50000-100000,5.19
556280,Neon Prism,2016-11-18,Just1337 Studio,windows;mac,156,62,748,50000-100000,4.99
556820,Warbands: Bushido,2017-09-15,Red Unit Studios,windows;mac;linux,635,303,0,100000-200000,0.0
556870,Charlie's Adventure,2016-11-29,Just1337 Studio,windows;mac,129,73,2138,50000-100000,4.99
557260,iREC,2017-01-16,Labory,windows,47,61,0,50000-100000,0.0
557400,Midas Gold Plus,2017-02-01,Holyday Studios,windows;mac,1373,185,617,200000-500000,0.0
557600,Gorogoa,2017-12-14,Buried Signal,windows;mac,4739,129,121,100000-200000,11.39
557680,Germ Wars,2016-11-21,Svarog Studios,windows,103,81,204,200000-500000,0.79
557780,Atom Fishing II,2016-11-29,Woolf,windows,666,260,73,200000-500000,0.0
557810,Clicker Guild,2016-12-16,Fox Dawn,windows,299,253,1061,100000-200000,0.0
557890,Sunset's Ashes,2016-11-17,Fifth One,windows;mac;linux,97,11,0,200000-500000,0.0
558100,Art of War: Red Tides,2016-12-22,Game Science,windows,4858,1169,345,1000000-2000000,0.0
558420,Stories Untold,2017-02-27,No Code,windows;mac,2196,302,196,100000-200000,6.99
558810,Doomed Kingdoms,2016-12-12,tumangames,windows,28,26,222,100000-200000,2.79
558990,Opus Magnum,2017-12-07,Zachtronics,windows;mac;linux,1979,42,1096,100000-200000,15.49
559010,Cosmic Sugar VR,2016-11-27,David Lobser,windows,241,11,0,50000-100000,0.0
559100,Phantom Doctrine,2018-08-14,CreativeForge Games,windows,1235,436,2016,50000-100000,30.99
559210,Rakuen,2017-05-10,Laura Shigihara,windows;mac;linux,2192,63,344,50000-100000,6.99
559650,Witch It,2017-05-31,Barrel Roll Games,windows,2636,283,175,100000-200000,10.99
560130,Pillars of Eternity II: Deadfire,2018-05-08,Obsidian Entertainment,windows;mac;linux,4435,876,2234,200000-500000,32.99
560170,STAR WARS™ SHADOWS OF THE EMPIRE™,2017-02-07,LucasArts,windows,197,67,33,100000-200000,4.79
560260,Super Blue Boy Planet,2016-12-16,Tuwi Michael Nannings,windows,2120,236,16,200000-500000,0.0
560380,MapleStory 2,2018-10-04,Nexon Korea Corporation,windows,5143,1750,1273,1000000-2000000,0.0
561080,The Price of Freedom,2016-12-22,Construct Studio,windows,333,22,36029,50000-100000,0.0
561340,Merlin adventurer store,2016-12-02,DyingCat,windows,108,19,0,200000-500000,1.99
562010,Tanki Online,2017-03-02,Tanki Online Ltd.,windows;mac,1213,761,86,200000-500000,0.0
562220,Zup! 2,2016-12-05,Quiet River,windows,4550,224,237,100000-200000,0.79
562240,The Spirit Underneath,2017-01-02,Acuze Interactives,windows,28,60,216,200000-500000,0.79
562270,Shot Shot Tactic,2016-12-01,Indie Game Group,windows,195,255,198,200000-500000,2.79
562360,"Planes, Bullets and Vodka",2016-12-13,NukGames,windows,567,77,305,200000-500000,0.79
562430,Alien Hostage,2018-10-01,Four Winged Studio,windows,61,44,232,50000-100000,1.99
562520,Attempt[42],2016-12-08,ThinkOfGames,windows,38,40,244,50000-100000,1.99
562640,Introvert Quest,2017-03-15,Amaterasu Software,windows,36,19,210,200000-500000,3.99
562690,Immersion,2016-11-29,Bullid Games,windows;mac;linux,8,24,0,50000-100000,6.99
562730,MechDefender,2017-03-21,Badim,windows;mac,8,11,314,50000-100000,3.99
562760,KORABLIK,2017-02-14,Nuked Games,windows,56,25,260,200000-500000,0.79
562810,MONOPOLY® PLUS,2017-09-07,Ubisoft Pune,windows,528,719,303,100000-200000,12.49
563120,Desolate Wastes: Vendor Chronicles,2017-07-21,Rotatipyra,windows,67,56,226,100000-200000,1.59
563560,Alien Swarm: Reactive Drop,2017-04-20,Reactive Drop Team,windows,7629,527,117,2000000-5000000,0.0
564230,Fire Pro Wrestling World,2017-12-18,"Spike Chunsoft Co., Ltd.",windows,1105,159,1221,50000-100000,23.79
564530,Pharaoh + Cleopatra,2016-12-15,Impressions Games,windows,399,75,7,50000-100000,6.99
564710,Soda Dungeon,2017-02-06,AN Productions;Poxpower,windows,3624,240,751,500000-1000000,0.0
565030,Blueshift,2016-12-21,Zach Tsiakalis-Brown;Raul Bravo,windows,139,30,10,50000-100000,0.0
565860,Tomato Way,2016-12-07,VladCastillo,windows,198,67,216,100000-200000,2.79
566050,Zeus + Poseidon,2016-12-15,Impressions Games,windows,274,27,0,50000-100000,6.99
566060,The Crypts of Anak Shaba - VR,2017-07-06,Virtual Rage Studios LLC,windows,31,51,148,50000-100000,0.79
566160,Zup! 6,2017-09-19,Quiet River,windows,1052,74,166,50000-100000,0.79
566220,Brain In My Head,2016-12-12,Tatyana Murzina,windows,192,246,435,200000-500000,0.79
566670,Save the Ninja Clan,2017-01-20,Willz,windows;mac;linux,85,7,229,50000-100000,0.79
566990,Russian Car Driver,2017-01-06,Falcoware,windows,1005,159,491,100000-200000,0.79
567060,Putrefaction 2: Void Walker,2017-05-29,Kazakov Oleg,windows,144,37,84,50000-100000,3.99
567170,Mystery Mine,2017-05-18,LEVER Software,windows;mac;linux,53,50,256,100000-200000,3.19
567250,Cat Goes Platform,2017-03-17,Void games,windows,47,43,206,100000-200000,1.59
567280,Cube Runner,2016-12-13,Just1337 Studio,windows;mac,546,72,1449,50000-100000,4.99
567290,Slash It,2016-12-17,Just1337 Studio,windows;mac;linux,814,84,482,50000-100000,4.99
567580,Duke of Alpha Centauri,2016-12-28,Just1337 Studio,windows;mac;linux,235,64,139,50000-100000,4.99
567640,Danganronpa V3: Killing Harmony,2017-09-25,"Spike Chunsoft Co., Ltd.",windows,3240,571,2832,100000-200000,30.99
567680,The Pasture,2017-01-17,Mikhail Maksimov,windows;mac,72,76,220,200000-500000,0.79
568090,Tattletail,2016-12-28,Waygetter Electronics,windows;mac,1335,157,148,100000-200000,3.99
568220,Lobotomy Corporation | Monster Management Simulation,2018-04-09,Project Moon,windows,3424,407,1108,100000-200000,19.49
568450,Hoplite,2016-12-14,Brimo Studio;Sacred Walrus,windows,37,19,230,50000-100000,0.79
568570,Force of Nature,2016-12-13,A.Y.std,windows,1660,627,1454,100000-200000,5.79
568770,Cinderella Phenomenon - Otome/Visual Novel,2017-04-05,Dicesuki,windows;mac;linux,2128,68,1624,100000-200000,0.0
568780,Multishop Tycoon Deluxe,2017-03-10,Maulidan Games,windows,17,7,366,50000-100000,4.99
568930,The Land of Pain,2017-09-13,Alessandro Guzzo,windows,190,72,0,50000-100000,6.99
569480,Kingdoms and Castles,2017-07-20,"Lion Shield, LLC",windows;mac;linux,6380,1119,466,500000-1000000,6.99
569610,Distant Space,2016-12-20,PixelMouse,windows,143,40,280,50000-100000,0.79
569760,Last Answer,2017-01-09,Taste Games,windows,51,74,245,100000-200000,3.99
569840,FBI MANIA,2017-01-31,Arctic Bird Studio,windows,39,25,259,100000-200000,0.79
569860,Thimbleweed Park™,2017-03-30,Terrible Toybox,windows;mac;linux,1949,126,778,100000-200000,14.99
570460,Laser League,2018-05-10,Roll7,windows,1080,209,45,50000-100000,10.99
570770,古剑奇谭二(GuJian2),2017-09-07,上海烛龙信息科技有限公司,windows,567,160,607,50000-100000,11.99
570780,古剑奇谭(GuJian),2017-09-07,上海烛龙信息科技有限公司,windows,825,282,2938,200000-500000,8.99
570840,家有大貓 Nekojishi,2017-11-12,Team Nekojishi,windows;mac;linux,2512,165,351,200000-500000,0.0
570940,DARK SOULS™: REMASTERED,2018-05-23,QLOC,windows,8669,4014,1160,200000-500000,34.99
571260,THE KING OF FIGHTERS XIV STEAM EDITION,2017-06-15,SNK CORPORATION;Abstraction Games,windows,1531,365,381,100000-200000,44.99
571310,SteamWorld Dig 2,2017-09-22,Image & Form Games,windows;mac;linux,1443,55,1726,50000-100000,14.99
571350,DED,2017-03-03,L. Stotch;Vladimir Soldatov,windows;linux,337,79,0,50000-100000,0.0
571740,Golf It!,2017-02-17,Perfuse Entertainment,windows,3219,744,815,200000-500000,5.99
571870,Little Jack's Adventures,2016-12-28,Mihai Morosanu,windows;mac;linux,19,16,814,50000-100000,0.79
571910,Nightmare,2016-12-20,JACK TWIN,windows,20,27,183,50000-100000,3.19
572410,Steel Division: Normandy 44,2017-05-23,Eugen Systems,windows,3063,1204,1545,200000-500000,34.99
572520,Dropzone,2017-02-15,Sparkypants Studios LLC,windows,557,243,387,200000-500000,0.0
572660,Nick,2017-12-01,Firstborn Games,windows,40,11,0,50000-100000,0.0
573060,LOGistICAL,2017-02-15,Sacada,windows,125,35,0,50000-100000,6.99
573090,Stormworks: Build and Rescue,2018-02-28,Sunfire Software,windows;mac,1478,171,0,50000-100000,15.49
573100,Battlefleet Gothic: Armada 2,2019-01-24,Tindalos Interactive,windows,1334,487,352,50000-100000,34.99
574030,Score a goal (Physical football),2016-12-28,BulatHard,windows;mac;linux,71,53,272,50000-100000,7.9
574070,Space Wars: Interstellar Empires,2017-12-08,Desert Owl Games LLC,windows;mac,116,61,0,50000-100000,0.0
574440,Ripple Effect,2017-05-31,"Well Played Studio, Inc",windows,35,18,0,50000-100000,0.0
574580,To The Capital,2016-12-28,Kormishenkov Anton,windows;linux,44,20,327,100000-200000,1.59
574740,Fausts Alptraum,2017-04-08,LaboRatStudio,windows,441,39,0,50000-100000,0.0
574760,Starship Theory,2017-07-04,Reconnect Software,windows;linux,439,363,0,50000-100000,8.99
574810,Fight or Die,2017-01-06,Vyacheslav Shilikhin,windows,30,33,229,50000-100000,3.19
574820,Cat or Bread?,2017-05-08,Casioqu,windows,106,23,437,100000-200000,0.79
574850,Hardnoid,2017-02-17,SharkGame,windows,59,31,464,50000-100000,0.79
575090,Flame of Memory,2017-12-08,Kacper Stasiełuk,windows;linux,22,10,0,100000-200000,1.59
575130,Danko and treasure map,2017-01-06,MetamorphoGames,windows,60,9,453,50000-100000,1.59
575460,My Super Tower 2,2017-01-27,Mortis Games,windows;mac;linux,38,26,0,50000-100000,0.79
575490,Let's Draw,2016-12-30,Indie Game Group,windows,321,307,173,200000-500000,1.59
575510,Sakura Agent,2017-01-27,Winged Cloud,windows,271,100,270,50000-100000,6.99
575550,Hell Girls,2017-01-12,Athena Works,windows;mac,2769,299,108,100000-200000,1.59
575640,Zup! 3,2017-01-12,Quiet River,windows,3486,491,246,100000-200000,0.79
575700,Fruit Arranger,2017-01-23,Mihai Morosanu,windows,102,77,196,100000-200000,0.79
575720,Mighty Party,2017-03-30,Panoramik Inc,windows,832,486,196,100000-200000,0.0
575750,Magic Box,2017-01-19,Indie Games Studio,windows,8,11,210,50000-100000,0.79
575760,Project: R.E.B.O.O.T 2,2017-01-27,Indie Games Studio,windows,14,11,214,50000-100000,0.79
575780,Inner silence,2017-02-11,Indie Games Studio,windows,8,14,214,100000-200000,0.79
575830,rooMaze,2017-03-03,ChairKilling,windows,82,48,283,100000-200000,0.79
575840,NeverEnd,2017-02-16,Duck,windows;mac;linux,53,41,230,100000-200000,0.79
575860,Tomb Joe,2017-04-23,Amaterasu Software,windows,49,81,252,100000-200000,0.99
575870,Call to 10,2017-01-16,Peace,windows,18,41,202,50000-100000,1.59
575910,Trump Simulator 2017,2017-02-11,Brimo Studio;Sacred Walrus,windows,88,96,200,200000-500000,0.79
575950,Blood Feed,2017-07-19,Racing Bros,windows;mac;linux,219,123,337,50000-100000,3.99
576010,SQR🔲,2017-01-17,Sly,windows;mac;linux,56,49,669,50000-100000,0.78
576050,Other Worlds India,2017-01-20,SharF Co.,windows,29,26,265,50000-100000,0.79
576120,Purgatory II,2018-02-28,New Reality Games;Eduard Mirica,windows,8,8,219,100000-200000,0.79
576130,State of Anarchy: Master of Mayhem,2017-03-31,Lapovich,windows;mac;linux,227,48,277,200000-500000,0.99
576310,Oracle,2017-02-28,Watercolor Games,windows,108,99,110,50000-100000,0.79
576470,ANIMALITY,2017-02-02,ColloseusX,windows,404,119,217,100000-200000,1.59
576540,Brother Wings,2017-01-10,Brogames,windows,39,22,196,50000-100000,0.79
576560,Pain Train,2017-01-11,Virtual Top,windows,464,365,289,100000-200000,3.99
576660,Snake Party,2017-02-17,Displacement Studios,windows;linux,10,17,226,50000-100000,0.79
576750,Ropes And Dragons VR,2017-04-21,diman production,windows,39,9,213,50000-100000,0.79
576860,Summer Nightmare,2017-12-06,Team Summer Nightmare,windows;mac;linux,195,181,0,50000-100000,0.0
576940,Hunt For Gods,2017-11-15,StarworkGC,windows,59,30,0,50000-100000,0.0
577740,Winexy,2017-01-13,Heaven Brotherhood,windows,65,39,252,50000-100000,0.72
577800,NBA 2K18,2017-09-14,Visual Concepts,windows,4832,12067,3499,1000000-2000000,39.99
577940,Killer Instinct,2017-09-27,Iron Galaxy,windows,1301,175,203,50000-100000,29.99
578080,PLAYERUNKNOWN'S BATTLEGROUNDS,2017-12-21,PUBG Corporation,windows,496184,487076,22938,50000000-100000000,26.99
578180,Lost Base Escape,2017-01-23,Demik Technology;Shevchenko Technology,windows,52,113,339,50000-100000,0.79
578250,Invention,2017-01-11,Falcoware,windows,213,75,266,100000-200000,0.79
578260,Fluffy,2017-01-11,Blaiz Entertainment,windows,34,17,207,50000-100000,0.79
578310,BRAIN / OUT,2017-02-24,Desertkun,windows;mac;linux,8343,2112,1433,1000000-2000000,0.0
578330,LEGO® City Undercover,2017-04-04,Traveller's Tales,windows,779,327,1868,100000-200000,24.99
578440,冒险村传说（Tales of Legends）,2017-02-05,singi,windows,23,31,0,50000-100000,1.69
578620,GORN,2017-07-10,Free Lives,windows,3357,124,394,100000-200000,14.99
579150,Riot of the numbers,2017-01-19,Mihai Morosanu,windows;mac;linux,16,10,245,50000-100000,0.79
579230,Alpacapaca Dash,2017-01-23,Synnergy Circle Games,windows;mac;linux,99,12,301,100000-200000,0.79
579950,Marvel's Guardians of the Galaxy: The Telltale Series,2017-04-18,Telltale Games,windows;mac,1425,215,402,100000-200000,11.99
580200,Yonder: The Cloud Catcher Chronicles,2017-07-17,Prideful Sloth,windows,1671,373,0,100000-200000,18.99
580420,Tourists Kidnapped a Little Bear,2017-01-20,Wojciech Krupinski,windows,48,18,325,50000-100000,0.79
580970,The Maze : Endless nightmare,2017-07-13,LaserStone,windows,15,18,319,50000-100000,3.19
580990,Space Impact Glitch,2017-03-15,Clawed Paw,windows,41,37,284,50000-100000,3.19
581000,Armored Gear,2017-02-27,Crystal Box Team,windows,40,43,294,100000-200000,3.19
581030,The Last Hope: Trump vs Mafia - North Korea,2017-01-20,Atomic Fabrik;Cristian Manolachi,windows,97,151,209,100000-200000,0.79
581100,Langoth,2017-02-27,Atum Software,windows;mac;linux,24,30,275,50000-100000,1.99
581130,Metal Waltz: Anime tank girls,2017-05-02,"Shanghai JingCai Computer Software Development Co., Ltd",windows,814,225,0,100000-200000,0.0
581200,Nash Racing,2017-08-02,Tero Lunkka,windows,49,66,269,100000-200000,2.79
581270,Old Man's Journey,2017-05-17,Broken Rules,windows;mac,1386,187,0,50000-100000,5.59
581320,Insurgency: Sandstorm,2018-12-12,New World Interactive,windows,12858,3933,1425,500000-1000000,25.99
581430,Triangle,2017-01-30,Spectrum Games,windows,15,34,234,100000-200000,1.59
581520,Sakura Magical Girls,2017-02-23,Winged Cloud,windows,113,47,294,50000-100000,6.99
581630,Sword With Sauce,2018-03-20,Diatomic Games,windows,3560,680,577,200000-500000,2.09
581640,Numberline,2017-02-02,V34D4R;Egor Magurin,windows,165,28,216,100000-200000,3.19
581720,Way of Hero,2017-01-16,Falcoware,windows,35,51,332,100000-200000,0.79
581820,Judas,2017-01-18,Studio48,windows,66,25,232,100000-200000,1.99
582010,MONSTER HUNTER: WORLD,2018-08-09,"CAPCOM Co., Ltd.",windows,72029,35294,6512,5000000-10000000,49.99
582160,Assassin's Creed® Origins,2017-10-26,Ubisoft Montreal,windows,31644,6007,2908,1000000-2000000,49.99
582270,Everything,2017-04-21,David OReilly,windows;mac;linux,1717,331,198,100000-200000,10.99
582280,PIGMENTUM,2017-01-23,Irvin Vaush,windows,84,91,253,200000-500000,0.79
582430,Jumping Tank,2017-01-20,Maximus.ez,windows,79,50,269,200000-500000,0.79
582500,We Were Here,2017-02-03,Total Mayhem Games,windows;mac;linux,8538,701,115,1000000-2000000,0.0
582550,Passpartout: The Starving Artist,2017-06-06,Flamebait Games,windows;mac;linux,1722,473,133,100000-200000,6.99
582580,Itineris,2017-01-31,Vyacheslav Notbad,windows,39,52,247,100000-200000,0.79
582660,Black Desert Online,2017-05-24,Pearl Abyss,windows,10337,5759,15507,1000000-2000000,7.99
582890,Estranged: Act II,2017-03-17,Alan Edwardes,windows;linux,526,124,191,500000-1000000,0.0
583470,The End Is Nigh,2017-07-12,Edmund McMillen;Tyler Glaiel,windows;mac;linux,1413,102,73,100000-200000,10.99
583490,InfiniPicross,2017-03-06,ReverseImpact,windows;mac;linux,110,37,591,200000-500000,1.59
583760,Slash It 2,2017-01-24,Just1337 Studio,windows;mac;linux,798,60,792,100000-200000,4.99
583950,Artifact,2018-11-28,Valve,windows;mac;linux,9937,10501,1797,1000000-2000000,15.99
584100,Mad Digger,2017-12-12,Berezka,windows,30,16,0,50000-100000,3.99
584170,Freedom Locomotion VR,2017-03-13,Huge Robot,windows,157,18,29,50000-100000,0.0
584400,Sonic Mania,2017-08-29,Christian Whitehead;Headcannon;PagodaWest Games,windows,8669,984,44,100000-200000,14.99
584980,Late Shift,2017-04-18,CtrlMovie,windows;mac,4059,525,308,200000-500000,9.99
585360,Steampunk Syndicate,2017-04-13,Stereo7 Games,windows,34,28,271,50000-100000,1.59
585420,Trailmakers,2018-01-30,Flashbulb,windows,990,308,112,50000-100000,19.49
585550,FEMINAZI: The Triggering,2017-02-20,hyperboreanGames;Svarog Studios,windows,918,196,237,200000-500000,0.79
585560,Finnish Roller,2017-01-31,Tero Lunkka,windows,28,49,236,200000-500000,0.79
585630,Switchblade,2018-08-28,Lucid Games Ltd,windows,97,53,0,50000-100000,0.0
585690,Minimalism,2017-02-08,PixelMouse,windows,307,155,355,200000-500000,0.79
585770,Prism Collider,2017-01-31,Gestmorph Games,windows,9,1,0,50000-100000,0.79
585860,Bunker 58,2017-06-07,Acuze Interactives,windows,40,84,238,200000-500000,1.69
585970,Tank Assault X,2017-04-05,Starwind Games,windows;mac;linux,17,9,180,50000-100000,1.59
586030,Shardbound,2017-04-06,Spiritwalk Games,windows,799,257,42,200000-500000,0.0
586130,Survival Driver,2017-08-15,Tero Lunkka;Mikko Seppälä,windows,15,28,235,100000-200000,1.59
586140,BlazBlue Centralfiction,2017-04-25,Arc System Works,windows,2136,232,2910,100000-200000,29.99
586380,VITATIO 2,2017-04-11,ColloseusX,windows,293,122,165,200000-500000,0.79
586480,Detective Noir,2017-03-17,Paper Pirates,windows,19,24,261,100000-200000,3.19
586520,Castle Werewolf 3D,2017-02-07,Drop_Dead_Fred (Фред),windows,39,33,274,50000-100000,3.19
586530,Hell`s Little Story,2017-02-09,GoingForwardTeam,windows,26,28,250,100000-200000,1.99
586960,Upside Down,2017-02-14,Just1337 Studio,windows;mac;linux,340,49,220,50000-100000,4.99
586970,Hungry Flame,2017-03-08,Just1337 Studio,windows;mac,115,41,327,50000-100000,4.99
586980,MadOut2 BigCityOnline,2017-02-21,MadOut Games,windows;mac;linux,367,180,204,50000-100000,0.0
587430,I Expect You To Die,2017-04-25,Schell Games,windows,632,46,227,50000-100000,18.99
587590,Unexpected Day,2017-02-01,Black Whale Studios,windows,50,70,241,200000-500000,0.79
587620,OKAMI HD / 大神 絶景版,2017-12-12,"CAPCOM Co., Ltd.",windows,2854,236,1737,100000-200000,15.99
587790,Deadly Animal Duel,2017-09-12,Night Animals,windows;mac,6,13,318,100000-200000,0.79
587810,Bang Bang Fruit,2017-02-14,Snkl Studio,windows,28,48,289,50000-100000,0.78
587830,Archery Practice VR,2017-02-08,Virtual Rage Studios LLC,windows,51,85,143,200000-500000,0.79
587860,Tales of Escape,2017-03-15,OnSkull Games,windows,374,127,55,100000-200000,0.0
588040,WILL: A Wonderful World / WILL：美好世界,2017-06-06,WMY Studio,windows;mac,3344,178,0,100000-200000,10.99
588090,Starving,2017-05-25,SharkGame,windows,52,8,263,50000-100000,0.79
588180,Totemori,2017-02-10,Schrolab,windows;mac;linux,217,34,47,50000-100000,0.0
588210,HELLION,2017-02-24,Zero Gravity,windows,1566,779,0,100000-200000,19.99
588240,Frisky Business,2017-03-24,K Bros Games,windows;mac,162,28,301,100000-200000,3.99
588420,Uncompromising Trash,2017-02-11,oblomysh;EHTechnology,windows,78,55,232,100000-200000,0.79
588430,Fallout Shelter,2017-03-29,Bethesda Game Studios,windows,21481,3569,1116,2000000-5000000,0.0
588650,Dead Cells,2018-08-06,Motion Twin,windows;mac;linux,26033,1434,1006,1000000-2000000,21.99
588950,Kingsway,2017-07-18,Andrew Morrish,windows,713,78,116,50000-100000,6.99
588970,Oik,2017-02-14,Crew Lab,windows,1060,126,311,50000-100000,0.79
589290,Holdfast: Nations At War,2017-09-21,Anvil Game Studios,windows,4354,741,1560,100000-200000,14.99
589360,Ni no Kuni™ II: Revenant Kingdom,2018-03-23,Level-5,windows,3220,638,1871,100000-200000,49.99
589420,Grass Cutter - Mutated Lawns,2017-03-24,usanik,windows;mac;linux,205,23,278,50000-100000,2.49
589590,Kindergarten,2017-06-15,Con Man Games;SmashGames,windows;mac;linux,2076,138,114,100000-200000,3.99
589770,Green Elephant 2D,2017-04-20,4Fufelz,windows,255,13,256,50000-100000,1.69
589780,The Red Strings Club,2018-01-22,Deconstructeam,windows;mac;linux,2688,221,101,200000-500000,11.39
589870,Learn to Fly 3,2017-05-12,Light Bringer Games inc.,windows,1921,270,207,500000-1000000,0.0
590380,Into the Breach,2018-02-27,Subset Games,windows;mac,5245,426,1277,200000-500000,11.39
590440,Carlos III y la difusión de la antigüedad,2017-03-13,Future Lighthouse,windows,4,1,0,50000-100000,0.0
590910,炎黄战纪之三国烽烟,2018-01-31,上海班图网络科技有限公司,windows,181,84,0,50000-100000,0.0
591360,Dreams of Dali,2018-02-18,Half Full Nelson;Goodby Silverstein and Partners,windows,62,13,0,50000-100000,0.0
591370,Production Line : Car factory simulation,2019-03-07,Positech Games,windows,1355,208,0,50000-100000,19.49
591420,Zup! 4,2017-02-20,Quiet River,windows,1786,237,338,100000-200000,0.79
591560,Red Death,2017-03-23,Panda Indie Studio;WrathSchneider,windows,70,15,262,200000-500000,0.79
591740,Sniper Fury,2017-06-13,Gameloft,windows,689,984,144,500000-1000000,0.0
591960,Animation Throwdown: The Quest for Cards,2017-05-05,Synapse Games;Chinzilla,windows;mac,1112,476,31,200000-500000,0.0
592340,Mall Empire,2017-02-16,Games++,windows,51,37,0,50000-100000,2.79
592730,Aerial Destruction,2017-05-18,Devdan Games,windows,44,18,0,50000-100000,2.79
592890,Insidia,2018-02-27,Bad Seed,windows;mac;linux,157,70,3,50000-100000,0.0
593280,Cat Quest,2017-08-08,The Gentlebros,windows;mac,2398,103,341,100000-200000,9.99
593290,Moccasin,2017-02-21,YarGri,windows,80,69,268,100000-200000,0.79
593600,PixARK,2018-03-27,Snail Games USA,windows,2507,1539,220,200000-500000,19.49
594160,The Last Patient,2017-03-16,Alex Danilow,windows,8,23,327,50000-100000,0.79
594570,Total War: WARHAMMER II,2017-09-28,CREATIVE ASSEMBLY;Feral Interactive (Mac);Feral Interactive (Linux),windows;mac;linux,19420,2994,4721,1000000-2000000,39.99
594640,Evil,2017-03-17,NedoStudio,windows,17,37,0,100000-200000,0.79
594650,Hunt Showdown,2018-02-22,Crytek,windows,20679,7074,991,1000000-2000000,25.99
594720,Star Merchant,2017-03-07,SimProse Studios,windows,29,22,244,100000-200000,1.59
595140,Immortal Redneck,2017-04-25,Crema,windows;mac;linux,1259,124,477,100000-200000,14.95
595280,Throne of Lies® The Online Game of Deceit,2017-09-29,"Imperium42® Game Studio;Dylan Hunt, ""Xblade"";Elsa Hunt, ""FieryElsa"";""Ellie"";Adityaraj Rukhane, ""Adiart""",windows;mac;linux,1567,285,8,100000-200000,6.99
595320,Polterheist,2017-02-22,BisquitPlay,windows,72,116,0,100000-200000,3.99
595440,CPU Invaders,2017-02-17,Microblast Games,windows,401,74,185,100000-200000,0.79
595460,Flix and Chill,2017-02-27,Jason Lovett,windows;mac,155,35,413,200000-500000,0.79
595520,FINAL FANTASY XII THE ZODIAC AGE,2018-02-01,Square Enix,windows,1706,277,221,100000-200000,34.99
596590,Linked,2017-02-20,ThinkOfGames,windows,81,5,216,100000-200000,1.99
596650,Tap Adventure: Time Travel,2017-03-03,Avallon Alliance,windows;mac,499,244,2860,100000-200000,0.0
596690,REVENGE: First Blood,2017-02-24,Vyacheslav Shilikhin,windows,25,14,297,50000-100000,3.19
596870,Drop Hunt - Adventure Puzzle,2017-02-23,Oriplay,windows,108,19,268,50000-100000,0.99
596940,Hide and Seek,2017-08-31,Llama Software,windows,99,193,9,100000-200000,0.0
596970,SUNLESS SKIES,2019-01-31,Failbetter Games,windows;mac;linux,580,142,0,50000-100000,18.99
597110,Fruit Sudoku🍉,2017-07-12,Sly,windows;mac;linux,20,30,243,100000-200000,0.78
597150,Hyper Knights,2017-05-19,Endless Loop Studios,windows;mac;linux,464,58,232,50000-100000,3.99
597170,Clone Drone in the Danger Zone,2017-03-16,Doborog Games,windows;mac,1882,108,296,100000-200000,10.99
597220,West of Loathing,2017-08-10,Asymmetric,windows;mac;linux,3039,74,441,200000-500000,8.29
597840,Live Wallpaper Master,2017-12-07,DesktopPaints LLC,windows,162,75,2129,50000-100000,2.89
598070,Nevrosa: Prelude,2017-02-23,GexagonVR,windows,157,15,0,50000-100000,0.0
598330,SimAirport,2017-03-06,LVGameDev LLC,windows;mac;linux,1369,398,0,50000-100000,18.99
598470,Dungeon Creepster,2017-03-24,Electric Root,windows,185,188,179,200000-500000,3.99
598530,Naev,2017-07-17,Naev Team,windows;linux,81,27,9,50000-100000,0.0
598700,The Vagrant,2018-07-13,O.T.K Games,windows,2776,307,348,100000-200000,2.89
598810,Carcassonne - Tiles & Tactics,2017-11-29,Asmodee Digital;Frima Studio,windows,202,62,54,50000-100000,7.19
599090,15 Defense,2017-04-01,LiMAVR,windows,47,33,502,50000-100000,1.99
599100,Green Cat,2017-05-26,Anatoliy Loginovskikh,windows,49,25,332,100000-200000,1.99
599140,Graveyard Keeper,2018-08-15,Lazy Bear Games,windows;mac;linux,4802,1541,837,200000-500000,15.49
599390,Battle for Wesnoth,2018-05-01,The Battle for Wesnoth Project,windows;mac;linux,1119,84,82,200000-500000,0.0
599460,Weapon Shop Fantasy,2017-03-27,Digdog Studio,windows;mac;linux,868,220,350,100000-200000,4.99
599750,Crisis in the Kremlin,2017-03-20,Kremlingames,windows;mac;linux,651,126,406,50000-100000,3.99
600120,Life Forge - Reborn ORPG,2018-11-26,Life Forge Team,windows,238,110,1,50000-100000,0.0
600140,Belko VR: An Escape Room Experiment,2017-03-02,Top Right Corner;Yarvo Productions;Paper Crane Games,windows,417,64,0,100000-200000,0.0
600370,Paradigm,2017-04-05,Jacob Janerka,windows;mac;linux,685,27,28,50000-100000,10.99
600450,Shoot Paint,2017-02-27,DGames,windows,47,33,290,100000-200000,0.79
600480,Megaquarium,2018-09-13,Twice Circled,windows;mac;linux,559,55,0,50000-100000,19.49
600630,Spaceship Looter,2017-05-17,Luxorix Games,windows,84,53,67,50000-100000,6.99
600750,Star Trek Timelines,2017-07-12,Disruptor Beam Inc.,windows,256,240,2473,50000-100000,0.0
601010,Hotel Anatolia,2017-03-20,Elven Workshop,windows,134,50,238,100000-200000,0.79
601150,Devil May Cry 5,2019-03-07,"CAPCOM Co., Ltd.",windows,17657,1487,916,1000000-2000000,44.99
601180,Doug and Lily,2017-03-01,the_dobrokot,windows,21,5,315,50000-100000,0.79
601280,Village Story,2017-02-27,DGames,windows,18,21,299,100000-200000,1.59
601340,Project of the Developer,2017-04-28,AL-GAME,windows,12,22,248,50000-100000,0.79
601430,The Evil Within 2,2017-10-12,Tango Gameworks,windows,8871,790,1299,100000-200000,39.99
601510,Yu-Gi-Oh! Duel Links,2017-11-16,Konami Digital Entertainment,windows,7969,2563,864,1000000-2000000,0.0
601530,Darkarta: A Broken Heart's Quest Collector's Edition,2017-03-08,Tuttifrutti Interactive,windows;mac;linux,265,35,0,50000-100000,7.19
601650,My Name is You,2017-04-17,Nikita Kaf,windows;mac;linux,335,85,267,100000-200000,3.19
601930,Trianguluv,2017-03-15,Atara Games,windows,23,5,271,50000-100000,1.59
602520,NEKOPARA Vol. 3,2017-05-25,NEKO WORKs,windows,7678,202,317,200000-500000,6.99
602830,Hexaball,2019-01-14,Kedexa,windows,25,22,0,100000-200000,0.79
602890,hack_me 2,2017-03-11,EasyWays Team,windows,471,191,225,200000-500000,2.79
602940,The Quest for Achievements,2017-04-07,StarSystemStudios™,windows,57,50,256,50000-100000,3.99
603040,SINISTRY SILINIUM,2018-04-06,Igrodelsky,windows,67,34,309,100000-200000,3.19
603220,ROTii,2017-03-10,DarkShot Studios,windows;mac,13,1,253,50000-100000,0.79
603360,CryptoMoneya,2017-09-03,azimut team,windows;mac;linux,43,36,424,100000-200000,0.79
603370,Western FPS,2017-03-13,Narayan Games,windows,91,40,429,200000-500000,0.79
603750,- Arcane Raise -,2017-03-10,Arcane Raise,windows;mac;linux,51,87,212,100000-200000,1.99
603850,Age of Civilizations II,2018-11-21,Łukasz Jakowski,windows,2712,698,957,100000-200000,4.49
604450,Another Adventure,2017-03-10,ThankCreate Studio,windows;mac,3835,362,78,50000-100000,1.59
604490,Running Through Russia,2017-05-21,Spell Helix,windows;mac;linux,751,335,22,50000-100000,0.79
604500,Tank Force,2017-10-23,Extreme Developers,windows;mac;linux,604,378,359,200000-500000,0.0
604780,aMAZE,2017-03-14,Blender Games,windows,211,72,212,50000-100000,0.79
604830,All Alone: VR,2017-03-08,8bit,windows,33,13,221,50000-100000,2.79
605500,What's under your blanket 2 !?,2017-04-18,5Wolf,windows,429,162,2098,100000-200000,0.79
605530,PippiStory,2017-03-23,Tatyana Murzina,windows,93,43,299,100000-200000,0.79
605610,Dawn,2017-03-31,Brave Rabbit Games,windows,530,59,29,50000-100000,0.0
605740,"Flashing Lights - Police, Firefighting, Emergency Services Simulator (警情，消防，急救)",2018-06-07,Nils Jakrins,windows;mac,1108,484,0,50000-100000,11.39
605910,Bootombaa,2017-03-08,Naarassusi Game,windows,46,77,771,200000-500000,0.79
606150,Moonlighter,2018-05-29,Digital Sun,windows;mac;linux,3035,833,819,100000-200000,15.49
606280,Darksiders III,2018-11-27,Gunfire Games,windows,3302,1368,1716,100000-200000,44.99
606330,Shadows 2: Perfidia,2017-03-24,MrCiastku,windows,139,39,256,50000-100000,7.19
606730,Sine Mora EX,2017-08-08,Digital Reality;Grasshopper Manufacture;Gyroscope Games,windows,147,63,374,100000-200000,7.99
606800,Startup Company,2017-08-11,Hovgaard Games,windows;mac;linux,1826,525,5442,200000-500000,6.99
607050,Wargroove,2019-02-01,Chucklefish,windows,1040,252,156,50000-100000,15.99
607200,Tanki X,2018-03-13,AlternativaPlatform,windows;mac,1189,598,119,200000-500000,0.0
607260,McOsu,2017-03-20,McKay,windows;mac;linux,1170,150,20,200000-500000,0.0
607270,Jack's Gang,2017-04-12,André Bertaglia,windows,53,88,218,100000-200000,1.69
607440,Escape: VR,2017-04-12,JapanCo,windows,113,20,308,100000-200000,1.99
607460,Epic Snails,2017-12-05,RocketSnail;SkyVu,windows;mac,183,12,0,50000-100000,0.0
607890,Sword Art Online: Hollow Realization Deluxe Edition,2017-10-27,AQURIA,windows,2860,707,605,100000-200000,39.99
608390,Mad Dagger,2017-04-01,YarGri,windows,59,63,276,100000-200000,0.79
608560,Last Tale,2017-03-16,YarGri;EHTechnology,windows,191,58,276,100000-200000,0.79
608800,Guns of Icarus Alliance,2017-03-31,Muse Games,windows;mac;linux,625,211,67,200000-500000,7.19
608830,Project:surviving,2017-05-01,NedoStudio,windows,22,29,211,100000-200000,0.79
608990,The Archotek Project,2017-04-28,The Archotek Project Team,windows;mac;linux,208,209,2,50000-100000,0.0
609150,STAR OCEAN™ - THE LAST HOPE -™ 4K & Full HD Remaster,2017-11-28,Square Enix;tri-Ace,windows,503,223,0,50000-100000,15.99
609320,FAR: Lone Sails,2018-05-17,Okomotive,windows;mac,3359,266,179,100000-200000,11.39
609490,Minit,2018-04-03,"JW, Kitty, Jukio, and Dom",windows;mac;linux,823,91,247,50000-100000,6.99
609940,KROSMAGA,2017-04-12,Ankama Studio,windows;mac,533,206,73,100000-200000,0.0
610080,Realm Grinder,2017-06-15,Divine Games,windows;mac,2266,463,1058,500000-1000000,0.0
610130,UltraGoodness,2017-06-02,Rasul Mono,windows,113,33,220,100000-200000,4.79
610180,The Jackbox Party Pack 4,2017-10-18,"Jackbox Games, Inc.",windows;mac;linux,284,54,50,100000-200000,18.99
610360,Zup! Zero,2017-04-06,Quiet River,windows,1270,102,187,50000-100000,0.79
610390,Sugar Box,2017-12-15,Riviysky,windows,69,8,271,50000-100000,1.69
610670,Alchemyland,2017-08-02,azimut team,windows;mac;linux,44,57,387,200000-500000,0.79
610750,Games&Girls,2017-04-18,Yume Creations,windows;mac;linux,156,57,0,50000-100000,1.59
610780,Crazy Buggy Racing,2017-04-12,VGstudio,windows,17,49,249,50000-100000,3.99
610810,Your Friend Hana,2017-04-06,Xorcerox,windows;mac;linux,294,164,91,50000-100000,0.79
610930,Phantom Soldier,2017-03-29,Virtual Top,windows,154,225,222,100000-200000,3.99
611020,CityBattle | Virtual Earth,2018-10-02,LLC RIKOR IMT,windows,830,425,0,200000-500000,0.0
611120,IKEA VR Pancake Kitchen,2017-05-29,IKEA Communications AB,windows,51,47,10,100000-200000,0.0
611500,Quake Champions,2017-08-22,id Software,windows,15879,7098,754,500000-1000000,0.0
611660,Fallout 4 VR,2017-12-11,Bethesda Game Studios,windows,2647,1162,161,100000-200000,39.99
611670,The Elder Scrolls V: Skyrim VR,2018-04-02,Bethesda Game Studios,windows,2352,457,140,100000-200000,39.99
611790,House Party,2017-06-30,"Eek! Games, LLC",windows,3329,593,313,100000-200000,10.99
612020,Zombidle : REMONSTERED,2017-05-30,Berzerk Studio,windows,1000,151,213,200000-500000,0.0
612070,Kio's Adventure,2017-04-05,Spacelight Studio,windows;mac,921,250,36,50000-100000,1.59
612110,Sweet fantasy,2017-04-04,Salamandra88,windows;mac;linux,232,50,130,50000-100000,2.79
612250,Eastwood VR,2017-05-15,RAV3 Interactive,windows,5,10,366,50000-100000,2.79
612470,Bio Inc. Redemption,2018-03-08,DryGin Studios,windows,648,95,100,50000-100000,9.99
612880,Wolfenstein II: The New Colossus,2017-10-26,Machine Games,windows,11732,4461,921,500000-1000000,39.99
613010,Secret in Story,2017-06-19,Luo Zhi En,windows;mac,58,30,269,200000-500000,0.79
613100,House Flipper,2018-05-17,Empyrean,windows;mac,7019,1761,520,500000-1000000,15.49
613830,CHRONO TRIGGER®,2018-02-27,Square Enix,windows,1121,376,0,100000-200000,11.99
614100,Heroes of Paragon,2017-07-05,EVERYDAYiPLAY,windows;mac;linux,43,45,0,50000-100000,0.0
614460,Amber Tail Adventure,2017-04-05,AmberTail,windows,13,15,243,100000-200000,0.79
614570,Dishonored®: Death of the Outsider™,2017-09-14,Arkane Studios,windows,2864,541,891,200000-500000,19.99
614940,The Misfits,2018-08-20,"PigDogGames,LLC",windows;mac,180,134,0,100000-200000,0.0
615610,Orbt XL,2017-04-21,Nickervision Studios,windows;mac;linux,2100,45,52,100000-200000,0.79
616030,Eventide Night,2017-05-04,Leaning Tower Studio,windows,24,1,274,50000-100000,1.59
616110,SPACEPLAN,2017-05-03,Jake Hollands,windows;mac,1183,121,230,50000-100000,1.99
616220,Hide vs. Seek,2017-08-07,Brave Little Studios,windows,165,372,16,200000-500000,0.0
616360,Crimson Earth,2017-06-10,EHTechnology,windows,120,100,454,100000-200000,0.79
616560,Ultimate Epic Battle Simulator,2017-06-01,Brilliant Game Studios,windows,2813,1349,677,200000-500000,11.39
616720,Live2DViewerEX,2017-06-30,Pavo Studio,windows;mac,665,91,55,50000-100000,3.99
617160,Home Sweet Home,2017-09-26,"YGGDRAZIL GROUP CO.,LTD",windows,984,176,12,50000-100000,12.99
617170,Mission: Escape from Island,2017-07-05,Falcoware,windows,28,31,304,50000-100000,1.59
617710,Cannons-Defenders: Steam Edition,2017-04-07,REX PEX GAMES,windows,47,36,309,50000-100000,0.79
617830,SUPERHOT VR,2017-05-25,SUPERHOT Team,windows,2007,265,102,100000-200000,18.99
618080,Martial Arts Brutality,2018-01-31,Cold Beam Games,windows,424,81,97,50000-100000,0.0
618120,HellGunner,2017-05-11,YarGri;EHTechnology,windows;linux,99,26,289,100000-200000,0.79
618140,Barro,2018-03-28,SC Jogos,windows,177,66,0,50000-100000,0.79
619150,while True: learn(),2019-01-17,Luden.io,windows;mac;linux,1140,128,0,100000-200000,9.99
619290,Out of the Park Baseball 19,2018-03-22,Out of the Park Developments,windows;mac;linux,494,94,0,50000-100000,15.49
619310,Ways of History,2017-09-01,Glyph Worlds,windows,82,89,0,50000-100000,0.0
619340,Conjuntalia,2017-07-27,NEZOS GAMES,windows;linux,28,22,433,100000-200000,0.79
619400,Fluffy Creatures VS The World,2017-04-09,Amaterasu Software,windows,70,134,214,100000-200000,0.79
619740,The Inevitability,2017-04-17,VaNyuHa,windows,23,12,408,50000-100000,3.99
619780,The Swords of Ditto,2018-04-24,onebitbeyond,windows;mac;linux,650,597,542,50000-100000,11.39
619890,Evil Glitch,2017-05-31,Agar3s,windows;mac,27,2,302,50000-100000,1.99
619910,Just Cause™ 3: Multiplayer Mod,2017-07-20,nanos GbR,windows,865,345,74,200000-500000,0.0
620070,Vroom Kaboom,2018-08-13,Ratloop Games Canada,windows,45,39,0,50000-100000,0.0
620240,Outrunner,2017-04-12,Outcorp,windows;linux,283,55,289,50000-100000,0.79
620590,Ancestors Legacy,2018-05-22,Destructive Creations,windows,1962,674,519,50000-100000,27.79
620980,Beat Saber,2018-05-01,Beat Games,windows,11083,797,1204,200000-500000,15.49
621060,PC Building Simulator,2019-01-29,Claudiu Kiss;The Irregular Corporation,windows,6563,775,2021,200000-500000,14.99
621530,One Star,2017-04-17,Spectrum Games,windows,24,49,253,50000-100000,3.19
621830,WRC 7 FIA World Rally Championship,2017-09-15,KT Racing,windows,950,498,0,50000-100000,34.99
621880,Phoenix Dynasty 2,2018-06-08,Ntroy LTD,windows,137,199,73,50000-100000,0.0
622170,Offensive Combat: Redux!,2017-08-18,Three Gates AB,windows,217,116,28,50000-100000,8.99
622650,Bendy and the Ink Machine™,2017-04-27,Joey Drew Studios Inc.,windows;mac;linux,9901,1398,38,500000-1000000,15.49
623550,Timen runner,2017-05-26,REX PEX GAMES,windows,36,31,304,50000-100000,0.79
623580,POBEDA,2017-05-09,RCG;MyST,windows;mac,36,31,276,50000-100000,0.79
623840,Ambre - a heartbreaking kinetic novel,2017-06-09,Träumendes Mädchen,windows;mac;linux,358,114,12,50000-100000,0.0
623940,HIVESWAP: Act 1,2017-09-14,"What Pumpkin Games, Inc.",windows;mac;linux,2909,171,243,200000-500000,5.59
624090,Football Manager 2018,2017-11-09,Sports Interactive,windows;mac;linux,4399,2466,19379,1000000-2000000,37.99
624460,Fantasynth: Chez Nous,2017-04-20,HelloEnjoy,windows,296,12,8,50000-100000,0.0
625430,Doodle God Blitz,2017-09-01,JoyBits Ltd.,windows;mac;linux,341,178,49,100000-200000,0.0
625470,The Red Stare,2017-07-31,Play:D,windows,165,14,17,100000-200000,0.0
625860,God Awe-full Clicker,2018-09-19,Mad Labyrinth Studios LLC,windows,150,81,0,50000-100000,0.0
626010,Office Space: Idle Profits,2017-10-18,Ultrabit,windows;mac,134,77,396,50000-100000,0.0
626680,Kreedz Climbing,2017-06-15,ObsessionSoft,windows,564,164,43,200000-500000,0.0
626690,Sword Art Online: Fatal Bullet,2018-02-23,DIMPS,windows,5654,2082,1413,200000-500000,34.99
627270,Injustice™ 2,2017-11-30,NetherRealm Studios;QLOC,windows,3673,938,103,200000-500000,39.99
627620,Intelligent Design: An Evolutionary Sandbox,2017-05-12,Pill Bug Interactive,windows;mac;linux,59,64,24,100000-200000,5.19
627690,Idle Champions of the Forgotten Realms,2017-09-07,Codename Entertainment Inc.,windows;mac,2884,675,8508,500000-1000000,0.0
627950,1914: Prelude to Chaos,2017-05-08,Amaterasu Software,windows,26,37,248,200000-500000,0.79
628340,1 vs 1 : Global Operations,2017-05-03,Blaiz Entertainment,windows,31,32,257,50000-100000,3.19
628440,Multiplayer FPS Demo,2017-07-06,Vitor Pêgas,windows,111,92,1,50000-100000,0.0
628700,The Flaws of Gravity,2017-05-05,Absorbed Studios,windows,136,87,0,50000-100000,0.0
628730,Adolescent Santa Claus,2018-06-30,"TALESSHOP Co., Ltd.",windows,542,89,0,50000-100000,0.0
628750,aMAZE 2,2017-04-21,Blender Games,windows,316,63,255,100000-200000,0.79
628760,The Adventurer - Episode 1: Beginning of the End,2017-07-29,ZemunBRE,windows,42,60,271,200000-500000,0.79
628840,Fighter of Evil,2017-05-03,SharkGame,windows,30,33,412,50000-100000,1.59
628890,NOBUNAGA'S AMBITION: Taishi / 信長の野望･大志,2017-11-29,"KOEI TECMO GAMES CO., LTD.",windows,158,305,0,50000-100000,49.99
629030,Employee Recycling Center,2017-05-15,Idea Cabin,windows;mac;linux,25,81,0,100000-200000,0.79
629380,Cosmic Pioneer,2017-06-07,Amaterasu Software,windows,11,14,294,200000-500000,0.99
629730,Blade and Sorcery,2018-12-11,WarpFrog,windows,1325,204,12,50000-100000,15.49
629910,Clicker Heroes 2,2018-07-16,Playsaurus,windows;mac,826,384,2259,100000-200000,23.79
630100,SoulWorker - Anime Action MMO,2018-02-26,"Lion Games Co., Ltd.",windows,5953,1904,1492,1000000-2000000,0.0
631010,Crimson Earth 2,2017-11-09,EHTechnology,windows,81,66,341,100000-200000,0.79
631510,Devil May Cry HD Collection,2018-03-13,"CAPCOM Co., Ltd.",windows,1217,211,125,50000-100000,24.99
631660,Immersion Chess,2017-05-15,Immersion,windows,72,27,0,50000-100000,0.0
632350,Cyberdimension Neptunia: 4 Goddesses Online | 四女神オンライン CYBER DIMENSION NEPTUNE | 四女神ONLINE 幻次元遊戲戰機少女,2018-02-27,IDEA FACTORY;COMPILE HEART;TAMSOFT,windows,2953,418,59,100000-200000,30.99
632360,Risk of Rain 2,2019-03-28,Hopoo Games,windows,17902,975,1455,1000000-2000000,14.99
633060,Orwell: Ignorance is Strength,2018-02-22,Osmotic Studios,windows;mac;linux,498,143,0,100000-200000,7.19
633130,Nongünz,2017-05-19,Brainwash Gang,windows;mac;linux,233,149,129,100000-200000,4.99
633230,NARUTO TO BORUTO: SHINOBI STRIKER,2018-08-30,Soleil Ltd.,windows,1937,1574,417,50000-100000,39.99
633460,Tannenberg,2017-11-16,Blackmill Games;M2H,windows;mac;linux,3019,607,94,100000-200000,15.49
634070,Murnatan,2018-03-24,AAAGAMES,windows;linux,62,47,0,50000-100000,0.0
635200,Distrust: a Long Dark Polar Survival,2017-08-23,Cheerdealers,windows;mac,900,274,0,50000-100000,8.99
635260,CarX Drift Racing Online,2017-11-17,CarX Technologies,windows,3048,374,608,100000-200000,9.9
635320,Last Day of June,2017-08-31,Ovosonico,windows,1752,257,116,100000-200000,14.99
635730,Dragonia,2017-05-29,Blue Studio,windows;mac,4562,702,135,200000-500000,1.59
635880,Chicken Labyrinth Puzzles,2018-03-26,ZemunBRE,windows,86,45,209,100000-200000,0.79
636040,Pixel Worlds: MMO Sandbox,2017-06-08,Kukouri Mobile Entertainment,windows;mac,1043,674,232,200000-500000,0.0
636150,Cyberhunt,2017-05-19,NukGames,windows,322,70,282,200000-500000,0.79
636470,Tungulus,2017-07-11,mangamengine,windows,17,19,233,50000-100000,1.59
636480,Ravenfield,2017-05-18,SteelRaven7,windows;mac;linux,9119,569,2095,200000-500000,10.99
636580,Primal Reign,2017-05-29,Immersive VR Limited,windows,26,14,0,50000-100000,0.0
637090,BATTLETECH,2018-04-24,Harebrained Schemes,windows;mac;linux,8238,2953,1641,500000-1000000,34.99
637100,Sonic Forces,2017-11-07,Sonic Team;Hardlight,windows,2156,1045,0,100000-200000,34.99
637650,FINAL FANTASY XV WINDOWS EDITION,2018-03-06,Square Enix,windows,13789,4046,851,500000-1000000,34.99
637670,Secret of Mana,2018-02-15,Square Enix,windows,936,518,244,50000-100000,29.99
637850,Confess My Love,2017-05-27,LR Studio,windows,3357,209,308,200000-500000,0.0
638070,Murderous Pursuits,2018-04-26,Blazing Griffin,windows,1344,856,274,500000-1000000,7.99
638110,Desert Bus VR,2017-11-27,Dinosaur Games,windows,433,60,11,100000-200000,0.0
638920,BeanVR—The Social VR APP,2017-05-31,Shenzhen BeanVR Technology Co.Ltd,windows,17,18,0,50000-100000,0.0
638970,Yakuza 0,2018-08-01,SEGA,windows,9023,1343,1255,200000-500000,14.99
639170,Minecraft: Story Mode - Season Two,2017-07-11,Telltale Games,windows;mac,1117,121,517,50000-100000,11.99
639780,Deep Space Waifu: FLAT JUSTICE,2017-12-07,Neko Climax Studios,windows,1449,67,143,50000-100000,1.69
639790,DEEP SPACE WAIFU,2017-05-31,Neko Climax Studios,windows,7222,252,167,200000-500000,1.59
640150,Tale of Toast,2018-02-23,Toasty Leaf AB,windows;mac;linux,334,313,45,100000-200000,0.0
640820,Pathfinder: Kingmaker,2018-09-25,Owlcat Games,windows;mac;linux,6063,2426,1642,200000-500000,34.99
641780,The Drone Racing League Simulator,2017-11-01,The Drone Racing League,windows;mac,315,113,0,50000-100000,15.49
641990,The Escapists 2,2017-08-21,Team17 Digital Ltd;Mouldy Toof Studios,windows;mac;linux,5085,1167,674,500000-1000000,19.99
642390,Blocksworld,2017-09-25,Linden Lab,windows;mac,233,153,0,100000-200000,0.0
643270,OLDTV,2017-07-15,Creability,windows;mac,4293,219,25,200000-500000,0.0
644390,D&D Lords of Waterdeep,2017-09-01,"Playdek, Inc.",windows;mac,201,33,0,50000-100000,10.99
644540,Dies irae ~Amantes amentes~,2017-06-02,light,windows,262,51,244,50000-100000,0.0
644560,Mirror,2018-04-19,KAGAMI WORKs,windows;mac,21474,702,281,500000-1000000,1.69
644570,Material Girl,2017-06-20,Dieselmine,windows,6922,648,221,200000-500000,1.59
644640,Band of Defenders,2018-04-05,Alda Games,windows,163,139,0,50000-100000,10.99
644930,They Are Billions,2017-12-12,Numantian Games,windows,11377,1921,1712,500000-1000000,19.49
645090,Zup! 5,2017-06-13,Quiet River,windows,1512,126,170,50000-100000,0.79
645260,Trophy Fishing 2,2017-07-13,Overgroup,windows,405,198,34,200000-500000,0.0
645480,Spider-Man: Homecoming - Virtual Reality Experience,2017-06-30,CreateVR,windows,196,126,9,100000-200000,0.0
645630,Car Mechanic Simulator 2018,2017-07-28,Red Dot Games,windows;mac,9390,2752,724,500000-1000000,14.99
645830,Son Korsan,2017-06-27,Consala Games,windows,26,67,0,50000-100000,0.0
646200,Dead Effect 2 VR,2017-10-03,"BadFly Interactive, a.s.",windows,663,134,178,50000-100000,19.49
646570,Slay the Spire,2019-01-23,Mega Crit Games,windows;mac;linux,26166,998,3034,1000000-2000000,19.49
646910,The Crew™ 2,2018-06-28,Ivory Tower,windows,4030,3916,2029,200000-500000,49.99
647000,RoBros,2017-06-14,Team B.R.O.S.,windows,36,42,0,50000-100000,0.0
647830,LEGO® Marvel Super Heroes 2,2017-11-14,TT Games;Feral Interactive (Mac),windows;mac,870,268,114,50000-100000,24.99
647960,Rusted Warfare - RTS,2017-07-14,Corroding Games,windows;mac;linux,519,25,834,100000-200000,3.99
648120,Pixel Painter,2017-06-19,Dio Alias Games,windows,353,95,240,100000-200000,0.79
648350,Jurassic World Evolution,2018-06-11,Frontier Developments,windows,9824,4060,1201,500000-1000000,34.99
648390,Marie's Room,2018-04-13,like Charlie,windows,3763,206,30,200000-500000,0.0
648430,Hand of the Gods,2018-02-20,Hi-Rez Studios,windows,738,537,378,200000-500000,0.0
648800,Raft,2018-05-23,Redbeet Interactive,windows,11577,3177,826,500000-1000000,14.99
649890,Caliban Below,2018-06-19,"Blackthorn Media, Inc.",windows;mac,105,6,0,50000-100000,0.0
649900,Mini Guns - Omega Wars,2017-11-02,"Riposte Games & Co, Inc",windows,208,135,11,100000-200000,0.0
650000,DOOM VFR,2017-11-30,id Software,windows,849,609,122,100000-200000,19.99
650220,Interplanetary: Enhanced Edition,2017-08-02,Team Jolly Roger,windows;mac;linux,225,56,93,50000-100000,10.99
650700,Yume Nikki,2018-01-09,kikiyama,windows,1779,166,8,200000-500000,0.0
650760,侠客风云传前传(Tale of Wuxia:The Pre-Sequel),2017-08-14,Heluo Studio,windows,577,335,0,100000-200000,12.99
651090,Aces High III,2017-08-23,HiTech Creations Inc.,windows,92,91,1,50000-100000,0.0
651470,Onirim - Solitaire Card Game,2017-07-26,Asmodee Digital;Playsoft;Z-Man Games,windows,88,26,0,50000-100000,0.0
652980,Loading Screen Simulator,2017-07-13,CakeEaterGames,windows,5783,936,26,200000-500000,0.0
653220,Chroma Blast,2017-07-07,William Cheek,windows;mac;linux,187,43,0,50000-100000,0.0
653530,Return of the Obra Dinn,2018-10-18,Lucas Pope,windows;mac,3960,130,160,100000-200000,15.49
654880,Dream Daddy: A Dad Dating Simulator,2017-07-20,Game Grumps,windows;mac;linux,3049,373,230,200000-500000,10.99
654990,Dude Simulator,2017-07-13,Kiddy,windows,266,269,282,50000-100000,3.99
655160,welcome to heaven,2017-06-22,vextro,windows;mac;linux,322,145,1,50000-100000,0.0
655550,NOKBAK,2017-08-29,BYU Animation -  Class of 2017,windows,189,84,3,100000-200000,0.0
656200,电竞俱乐部/ESports Club,2017-06-29,"Hangzhou Xinlan Network Technology Co.,Ltd.",windows,761,550,319,100000-200000,5.99
656240,Heat,2019-01-30,Code}{atch,windows,617,565,0,50000-100000,15.49
656600,Slash It Ultimate,2017-07-14,Just1337 Studio,windows;mac;linux,186,66,0,50000-100000,4.99
657200,Hand Simulator,2017-07-18,HFM Games,windows,9792,2665,169,500000-1000000,1.59
658160,ClickRaid,2017-10-20,Slikey Games,windows;linux,227,41,0,50000-100000,3.99
658560,Zup! 7,2017-12-12,Quiet River,windows,844,46,110,50000-100000,0.79
658570,FURIDASHI: Drift Cyber Sport,2017-11-02,Drift Physics Crew,windows,666,137,16,200000-500000,10.99
658850,Do Not Feed the Monkeys,2018-10-23,Fictiorama Studios;BadLand Games Publishing S.L.,windows;mac;linux,1333,107,156,50000-100000,8.99
659900,Aetherspace,2017-07-03,Munchkin's Lair,windows,38,29,0,50000-100000,0.0
660520,The IOTA Project,2017-09-07,DreamSail Games,windows,40,21,0,50000-100000,0.0
660880,b,2017-06-26,u&i,windows,2848,331,7,100000-200000,0.0
662830,Bombix,2018-03-02,Pragmatix Ltd,windows;mac,567,263,0,100000-200000,0.0
663090,Granado Espada,2017-10-15,"IMCGAMES Co.,Ltd.",windows,181,124,44,100000-200000,0.0
663380,Tales from Candlekeep: Tomb of Annihilation,2017-10-11,BKOM Studios,windows;mac,1067,319,0,100000-200000,11.99
663390,Rento Fortune - Online Dice Board Game,2017-07-14,LAN - GAMES EOOD,windows;mac;linux,596,545,346,50000-100000,3.99
664430,WWE 2K18,2017-10-17,"Visual Concepts;Yuke's Co., LTD",windows,952,970,0,500000-1000000,39.99
665090,The Initial,2017-07-17,Restory Studio,windows;mac,1402,399,0,50000-100000,6.99
665180,Dark Elf,2017-08-03,ONEONE1,windows,2421,276,234,200000-500000,2.79
665360,Comedy Night,2017-08-24,Lighthouse Games Studio,windows;mac;linux,4195,1280,256,200000-500000,3.99
665490,The Monster Inside,2017-08-01,Random Seed Games,windows;mac;linux,983,143,2,100000-200000,0.0
666140,My Time At Portia,2019-01-15,Pathea Games,windows,10695,1108,2094,500000-1000000,24.99
666220,CS2D,2017-11-15,Unreal Software,windows;mac;linux,4875,579,41,500000-1000000,0.0
666860,Bit Heroes,2017-12-13,Juppiomenz,windows,672,216,2991,200000-500000,0.0
667530,Drunken Wrestlers 2,2019-04-01,Oleg Skutte,windows,385,86,0,100000-200000,0.0
667720,Red Faction Guerrilla Re-Mars-tered,2018-07-03,Volition;KAIKO,windows,1072,318,168,100000-200000,14.99
667870,MINDNIGHT,2017-08-04,No Moon,windows;mac;linux,962,197,513,100000-200000,0.0
667890,Dead Maze,2018-02-13,Atelier 801,windows;mac;linux,1897,746,130,500000-1000000,0.0
668170,Incline,2017-10-09,Homewreckers Studio,windows,170,186,15,100000-200000,0.0
668630,Tricolour Lovestory,2017-09-20,HL-Galgame,windows,11387,1121,486,500000-1000000,1.59
668770,Solarium,2017-07-27,Sunfleck Software,windows,76,44,0,50000-100000,0.0
669050,Mutiny!!,2017-10-20,Lupiesoft,windows;mac;linux,188,26,3,100000-200000,7.19
669580,The Ultimatest Battle,2017-09-12,Ediogames,windows;mac,378,110,35,100000-200000,0.0
670290,Real Pool 3D - Poolians,2018-01-04,Poolians.com,windows,612,236,106,200000-500000,0.0
671440,Rise of Industry,2018-02-09,Dapper Penguin Studios,windows;mac;linux,1111,203,853,50000-100000,19.99
671510,DESOLATE,2019-01-17,Nearga,windows,2564,1094,503,100000-200000,19.99
671720,Robin,2018-02-08,Isabelle Dela Torre;José Fernando Gracia;Annaliese Bevan;Poppy de Raad,windows,317,56,0,50000-100000,0.0
672640,War Robots VR: The Skirmish,2017-08-10,Pixonic,windows,422,84,0,200000-500000,0.0
672680,Call of War,2017-10-21,Bytro Labs GmbH,windows;mac,693,682,219,200000-500000,0.0
672730,Find You,2017-09-04,Byting Games,windows,301,17,612,50000-100000,0.0
673070,The Ranger: Lost Tribe,2017-08-01,Leiting Interactive,windows,225,47,4,100000-200000,0.0
673560,IOSoccer,2018-06-08,IOSoccer Team,windows,368,131,9,100000-200000,0.0
673610,Airport CEO,2017-09-28,Apoapsis Studios,windows;mac,1388,395,0,50000-100000,11.99
673880,"Warhammer 40,000: Mechanicus",2018-11-15,Bulwark Studios,windows;mac;linux,1813,199,0,50000-100000,22.99
673950,Farm Together,2018-10-11,Milkstone Studios,windows;mac;linux,4022,407,35,100000-200000,15.49
674020,World War 3,2018-10-19,The Farm 51,windows,8525,5015,364,200000-500000,24.0
674400,Einar,2017-07-20,DreamPunks,windows,852,533,21,200000-500000,0.0
674750,Yet Another Zombie Defense HD,2017-08-25,Awesome Games Studio,windows,710,177,172,100000-200000,2.79
674940,Stick Fight: The Game,2017-09-28,Landfall West,windows;mac,24847,2795,584,2000000-5000000,3.99
675010,MudRunner,2017-10-30,Saber Interactive,windows,5845,1172,527,200000-500000,19.99
675260,Batman: The Enemy Within - The Telltale Series,2017-08-08,Telltale Games,windows;mac,2206,351,629,200000-500000,11.99
675560,NAVYFIELD,2017-09-26,SDEnterNET,windows,207,100,0,50000-100000,0.0
675630,Super POTUS Trump,2017-08-08,"Emerson Design, Inc.",windows,216,170,10,50000-100000,0.0
676770,Island Dash,2017-08-30,Flo Knödl;Johannes Fischer;Michael Hütter;Christoph Müller;Simon Eberl;Thomas Kern;Lukas Schönwiese,windows,388,77,52,50000-100000,0.0
676820,Subsurface Circular,2017-08-17,Bithell Games,windows;mac,1073,58,120,50000-100000,4.79
677120,Heroes of Hammerwatch,2018-03-01,Crackshell,windows;linux,1401,356,45,100000-200000,9.29
677160,We Were Here Too,2018-02-02,Total Mayhem Games,windows;mac;linux,1347,384,236,100000-200000,7.19
678800,SAS: Zombie Assault 4,2017-10-16,Ninja Kiwi,windows;mac,2086,501,40,500000-1000000,0.0
678950,DRAGON BALL FighterZ,2018-01-26,Arc System Works,windows,10441,2264,3020,200000-500000,44.99
679260,Bus Driver Simulator 2019,2018-01-31,KishMish Games,windows,335,261,0,50000-100000,9.99
680310,Poker World - Single Player,2017-08-27,Azerion;Youda Games Holding B.V.,windows,69,84,0,50000-100000,0.0
680320,The Heiress,2017-08-11,ONEONE1,windows,900,131,177,200000-500000,2.79
680360,Regions Of Ruin,2018-02-05,Vox Games,windows;mac;linux,1090,175,248,100000-200000,10.99
680980,HEADLINER,2017-10-03,Unbound Creations,windows;mac;linux,300,104,0,50000-100000,1.99
681660,Bless Online,2018-10-23,NEOWIZ BLESS STUDIO,windows,3960,5806,5598,200000-500000,0.0
682130,Discord Bot Maker,2017-08-21,Robert Borghese,windows,329,77,1016,50000-100000,6.99
682290,Zeus' Battlegrounds,2018-09-28,Industry Games,windows,474,398,0,200000-500000,0.0
682970,MineFight,2017-09-23,Talpel Games,windows,27,99,0,50000-100000,0.0
683320,GRIS,2018-12-13,Nomada Studio,windows;mac,5747,242,0,200000-500000,14.49
683930,A Wonder,2017-11-13,Class of  2016-2017,windows,44,41,0,50000-100000,0.0
684380,MermaidVR Video Player,2017-08-15,Mermaid VR Inc.,windows,67,14,0,50000-100000,0.0
684410,Bridge Constructor Portal,2017-12-20,ClockStone,windows;mac;linux,1701,189,283,200000-500000,7.19
685310,Transport Defender,2017-09-11,Coconut Shavers,windows,192,58,104,50000-100000,0.0
686180,Cat Girl,2017-08-28,夢かき屋,windows,235,160,0,50000-100000,0.79
686190,Killing Time,2017-09-20,ONEONE1,windows,512,179,237,100000-200000,1.59
686260,Forged Battalion,2018-08-14,Petroglyph,windows,492,264,17,100000-200000,15.49
687280,The Awakening,2017-09-21,Dark Polygon Ltda.;Jalomot Ltda.,windows;mac,29,25,1,50000-100000,0.0
687850,Head Goal: Soccer Online,2017-08-18,Unusualsoft,windows;mac,272,81,58,50000-100000,0.0
688470,汉匈决战/Han Xiongnu Wars,2017-12-07,"Chongqing Shangshixuan Technology Co., Ltd.,",windows,1017,1161,759,200000-500000,9.29
690510,Black Survival / 黑色幸存者,2019-03-19,O'olBlue Inc.,windows,1097,349,617,200000-500000,0.0
690530,灵魂筹码 Soul at Stake,2018-06-25,Chongming Studio,windows,3579,1109,3958,200000-500000,13.99
690610,MagiCats Builder (Crazy Dreamz),2018-07-10,Dreamz Studio,windows;mac,123,58,61,50000-100000,0.0
690790,DiRT Rally 2.0,2019-02-25,Codemasters,windows,1017,670,104,50000-100000,44.99
690830,Foundation,2019-02-01,Polymorph Games,windows,1228,386,219,50000-100000,26.99
691020,Fog Of War - Free Edition,2018-02-22,Monkeys Lab.,windows,548,655,91,200000-500000,0.0
691150,Saku Saku: Love Blooms with the Cherry Blossoms,2017-10-02,PALETTE,windows,130,10,644,100000-200000,15.49
691540,Space Fighter,2017-09-14,Roger Barton,windows;mac;linux,53,34,0,50000-100000,0.0
691730,FPV Drone Simulator,2017-09-09,DreamEscape,windows,104,53,95,50000-100000,0.0
692270,Over The Moonlight,2017-09-27,IronEqual,windows,72,31,0,50000-100000,0.0
692920,XXZ,2017-09-29,L. Stotch,windows,399,146,48,50000-100000,0.0
694130,My Free Zoo,2017-11-28,upjers,windows,79,98,0,50000-100000,0.0
694720,notmycar,2019-04-05,NMC Studios,windows,444,584,0,50000-100000,0.0
695630,新仙剑奇侠传 单机版(Chinese Paladin：Sword and Fairy),2017-10-11,SOFTSTAR TECHNOLOGY BEIJINGCOLTD,windows,227,327,0,100000-200000,3.99
695920,Super Seducer : How to Talk to Girls,2018-03-06,RLR Training Inc,windows;mac,662,138,0,50000-100000,10.29
696170,SENRAN KAGURA Peach Beach Splash,2018-03-07,Tamsoft,windows,1783,647,0,50000-100000,24.99
696370,BROKE PROTOCOL: Online City RPG,2017-08-26,Cylinder Studios,windows,919,534,463,500000-1000000,3.99
696480,The Norwood Suite,2017-10-02,Cosmo D,windows;mac,414,97,20,100000-200000,6.99
697610,Idle Bouncer,2017-09-27,Upturn Games,windows,149,21,0,200000-500000,0.0
698540,Dungeon Warfare 2,2018-07-06,Valsar,windows;mac,334,45,0,50000-100000,11.39
698780,Doki Doki Literature Club!,2017-10-06,Team Salvato,windows;mac,108556,3588,162,2000000-5000000,0.0
700030,Life is Feudal: MMO,2018-01-12,Bitbox Ltd.,windows,1524,2223,77,50000-100000,0.0
700330,SCP: Secret Laboratory,2017-12-29,Northwood Studios,windows,19534,3621,216,2000000-5000000,0.0
700480,Microsoft Allegiance,2017-09-29,Microsoft Game Studios,windows,82,26,0,50000-100000,0.0
701160,Kingdom Two Crowns,2018-12-11,Noio;Coatsink,windows;mac,736,377,0,50000-100000,15.49
701900,Splat the Blob,2017-10-05,Simple Blue,windows;mac;linux,28,3,0,50000-100000,0.0
702320,March of Empires,2017-12-11,Gameloft,windows,163,135,3,50000-100000,0.0
702670,Donut County,2018-08-28,Ben Esposito,windows;mac,1487,290,0,50000-100000,10.29
702810,Shooty Skies,2018-03-06,Mighty Games,windows;mac;linux,919,86,7,200000-500000,0.0
702890,BlazBlue: Cross Tag Battle,2018-06-05,Arc System Works,windows,1216,439,2721,50000-100000,32.99
703280,Zeal,2018-09-24,Lycanic Studios,windows,297,119,0,50000-100000,0.0
703700,Our End of the World,2017-11-02,橘子班;大好网,windows;mac,1652,477,136,100000-200000,7.19
703940,Ball 2D: Soccer Online,2017-09-08,Unusualsoft,windows;mac,83,29,2,50000-100000,0.0
703950,Just Fishing,2017-12-15,Just Fishing LLC,windows;mac,458,153,14,100000-200000,0.0
704040,Castle Clicker : Building Tycoon,2017-10-02,Autotelic Games LLC,windows,197,123,3,50000-100000,0.0
704210,"BLOCK WARRIORS: ""Open World"" Game",2017-09-06,Voltornas Games,windows,273,268,0,50000-100000,1.69
704270,Generation Zero,2019-03-26,Avalanche Publishing,windows,1377,1673,187,50000-100000,29.99
704450,Neverwinter Nights: Enhanced Edition,2018-03-27,Beamdog,windows;mac;linux,966,278,65,100000-200000,15.49
704850,Thief Simulator,2018-11-09,Noble Muffins,windows,1854,528,133,100000-200000,15.49
705120,Death Coming,2017-11-06,NEXT Studios,windows,1966,187,127,100000-200000,4.99
705220,Tactical Monsters Rumble Arena,2018-01-31,Camex Games,windows;mac,3480,387,229,200000-500000,0.0
706990,BLOCKPOST,2019-04-25,Skullcap Studios,windows,2703,1084,0,500000-1000000,0.0
707010,Will To Live Online,2018-04-05,AlphaSoft LLC,windows,1061,427,2951,50000-100000,9.29
707680,Slapshot,2019-03-08,Glacier Labs,windows;mac,517,138,17,100000-200000,0.0
711660,CHUCHEL,2018-03-07,Amanita Design,windows;mac,976,335,245,100000-200000,7.99
711810,Never Split the Party,2018-09-14,Legend Studio,windows;mac;linux,792,281,39,200000-500000,0.0
711990,Elise the Devil,2017-11-01,Dieselmine,windows,1123,96,139,100000-200000,1.59
712050,Otaku's Fantasy,2017-10-11,Dieselmine,windows,1929,224,69,100000-200000,1.59
712100,Total War Saga: THRONES OF BRITANNIA,2018-05-02,CREATIVE ASSEMBLY;Feral Interactive (Mac);Feral Interactive (Linux),windows;mac;linux,3386,2579,279,100000-200000,29.99
712840,King Exit,2017-10-19,深爪貴族,windows,2135,127,83,100000-200000,1.59
713650,Sevgilim Olur musun ?,2017-09-25,Proximity Games,windows,322,175,0,50000-100000,0.0
714010,Aim Lab,2018-02-07,Statespace,windows,1039,247,40,200000-500000,0.0
714020,Idle Adventure,2018-04-13,zha7;Phaedruns;Yingke Wu,windows,237,97,5185,50000-100000,0.0
716260,Guns'n'Stories: Preface VR,2017-10-26,MIROWIN,windows,134,18,0,50000-100000,0.0
717640,Reigns: Her Majesty,2017-12-06,Nerial;Synaptic Insight Technology Systems,windows;mac;linux,527,90,200,50000-100000,2.09
718560,Scythe: Digital Edition,2018-09-05,The Knights of Unity,windows;mac,284,105,0,100000-200000,15.49
718670,Cultist Simulator,2018-05-31,Weather Factory,windows;mac;linux,1749,572,13,200000-500000,14.99
719640,War Planet Online: Global Conquest,2017-12-19,Gameloft,windows,118,125,1,50000-100000,0.0
720280,Fox Hime,2017-11-02,AsicxArt,windows;mac,2484,403,279,100000-200000,1.69
721030,La Tale - Evolved,2017-11-29,Actoz Soft,windows,112,105,528,50000-100000,0.0
721090,SKYBOX VR Video Player,2017-10-24,"Source Technology Co., Ltd.",windows,110,21,0,50000-100000,0.0
723780,Modern Combat Versus,2017-12-19,Gameloft,windows,2012,1610,556,500000-1000000,0.0
723790,The Pirate: Plague of the Dead,2017-10-13,Home Net Games,windows;mac;linux,225,89,11,100000-200000,0.0
724970,神舞幻想 Faith of Danschant,2017-12-21,北京九鳳信息科技有限公司,windows,732,242,0,100000-200000,23.79
725340,Lines X Free,2017-10-31,Konstructors Entertainment,windows;mac;linux,679,73,0,50000-100000,0.0
725480,Slap City,2018-03-05,Ludosity,windows,1577,88,290,50000-100000,7.19
726390,Scream Collector,2017-10-26,PuzzleRoo,windows,313,55,93,50000-100000,0.0
726910,Star Wars: Droid Repair Bay,2017-12-06,ILMxLAB,windows,221,32,54,100000-200000,0.0
726990,Succubus Rem,2017-12-19,とらいあんぐる！,windows,509,54,239,50000-100000,1.69
727280,Scrap,2017-10-18,Top Shelf Studios,windows,24,22,0,50000-100000,0.0
728540,Islands of Nyne: Battle Royale,2018-07-12,Define Human Studios,windows,3562,3042,80,200000-500000,0.0
728730,Holyday City: Reloaded,2018-04-23,Holyday Studios,windows;mac,815,164,970,200000-500000,0.0
728880,Overcooked! 2,2018-08-07,Ghost Town Games Ltd.;Team17 Digital Ltd,windows;mac;linux,5362,1274,359,200000-500000,19.99
729040,Borderlands Game of the Year Enhanced,2019-04-03,Gearbox Software;Blind Squirrel Games,windows,1648,920,408,100000-200000,24.99
730310,DYNASTY WARRIORS 9 真・三國無双８,2018-02-13,"KOEI TECMO GAMES CO., LTD.",windows,1487,4620,188,1000000-2000000,0.0
730820,The Curse of Monkey Island,2018-03-22,LucasArts,windows;mac,398,14,1,50000-100000,5.19
731490,Crash Bandicoot™ N. Sane Trilogy,2018-06-29,Vicarious Visions;Iron Galaxy,windows,3555,237,3530,100000-200000,34.99
732110,OneScreen Wagons,2017-10-27,Anti-Ded GameDev,windows,11,2,263,100000-200000,0.79
732370,Juicy Realm,2018-05-03,SpaceCan,windows;mac,494,154,0,50000-100000,7.19
732430,Superflight,2017-11-08,GrizzlyGames,windows,5243,193,87,200000-500000,2.09
732730,Red Crucible®: Reloaded,2017-11-22,"Rocketeer Games Studio, LLC",windows;mac,338,277,190,100000-200000,0.0
732810,Slipstream,2018-05-21,ansdor,windows;mac;linux,495,71,0,50000-100000,7.19
733070,Sudoku Universe / 数独宇宙,2017-12-18,Konstructors Entertainment,windows;mac;linux,304,28,157,100000-200000,1.69
733480,Flora,2017-12-27,The Game Bakery,windows;mac,128,53,24,50000-100000,0.0
733990,I Can't Believe It's Not Gambling,2017-12-11,Mutant Entertainment Studios,windows;linux,1024,68,350,50000-100000,0.79
734550,Wheel Riders Online OBT,2017-12-27,Raum Studio,windows,55,189,0,50000-100000,0.0
734580,BattleRush,2018-03-27,Thunder Devs.,windows,1411,739,23,200000-500000,0.0
734750,PickCrafter,2017-12-14,Fiveamp,windows;mac,1041,268,439,200000-500000,0.0
734910,Eternal Hour: Golden Hour,2017-11-27,Seventh Heart Studios,windows;mac;linux,564,54,0,100000-200000,0.0
735570,Project Rhombus,2017-12-07,SEROSOO,windows,809,64,3,50000-100000,0.0
735850,Trailer Park Boys: Greasy Money,2018-04-18,East Side Games,windows;mac,312,134,131,100000-200000,0.0
736190,中国式家长 / Chinese Parents,2018-09-28,墨鱼玩游戏,windows;mac,10858,1227,652,1000000-2000000,7.19
736220,Post Scriptum,2018-08-09,Periscope Games,windows,2889,1556,607,100000-200000,24.5
736260,Baba Is You,2019-03-13,Hempuli Oy,windows;mac;linux,1300,26,32,50000-100000,11.39
737800,F1 2018,2018-08-23,Codemasters,windows,2491,630,3824,100000-200000,44.99
738060,Freddy Fazbear's Pizzeria Simulator,2017-12-04,Scott Cawthon,windows,7846,580,100,1000000-2000000,0.0
738500,The Parallax Effect,2017-12-31,Danstarr13,windows,94,112,0,50000-100000,0.0
738520,Breathedge,2018-09-13,RedRuins Softworks,windows,2867,229,345,50000-100000,12.39
739000,Grobda Remix,2017-11-15,C.U.M原创游戏;幽兰工房,windows,410,143,143,100000-200000,1.69
740200,The Mercury Man,2018-05-20,Mehsoft,windows,419,72,0,50000-100000,2.99
740470,Echoed World,2017-12-04,Team DOTS,windows,398,140,0,50000-100000,0.0
741590,Hex Commander: Fantasy Heroes,2017-12-22,Home Net Games,windows;mac;linux,101,43,0,50000-100000,0.0
742120,DRAGON QUEST® XI: Echoes of an Elusive Age™ - Digital Edition of Light,2018-09-04,Square Enix,windows,3663,281,2622,100000-200000,39.99
742300,Mega Man 11 / ロックマン11 運命の歯車!!,2018-10-02,"CAPCOM CO., LTD.",windows,1516,114,0,50000-100000,24.99
743090,Defiance 2050,2018-07-10,Trion Worlds,windows,636,978,77,200000-500000,0.0
743370,Soccer Manager 2018,2017-12-22,Soccer Manager Ltd,windows,274,139,664,200000-500000,0.0
743450,Monster Prom,2018-04-27,Beautiful Glitch,windows;mac;linux,2101,274,265,100000-200000,9.29
744190,Rusty Lake Paradise,2018-01-11,Rusty Lake,windows;mac,1004,63,274,50000-100000,2.89
744810,A Raven Monologue,2018-01-11,Mojiken Studio,windows;mac,1405,69,8,100000-200000,0.0
744900,Dead Frontier 2,2018-09-05,Creaky Corpse Ltd,windows,4814,2179,0,1000000-2000000,0.0
745760,Perceptions of the Dead,2017-10-31,Ithaqua Labs,windows;mac;linux,243,19,0,50000-100000,0.0
745880,東方天空璋 ～ Hidden Star in Four Seasons.,2017-11-17,上海アリス幻樂団,windows,4114,53,413,50000-100000,11.39
746910,Chicken Farm 2K17,2017-12-05,Jakal Studios,windows,147,62,43,50000-100000,0.0
748940,Rise of Legions,2019-02-22,Broken Games,windows,382,124,0,100000-200000,0.0
750920,Shadow of the Tomb Raider,2018-09-14,Eidos-Montréal;Crystal Dynamics;Nixxes software,windows,10832,4408,672,500000-1000000,44.99
751590,Dinosaurs A Prehistoric Adventure,2017-12-17,Arcupion Art,windows,66,94,0,50000-100000,0.0
751780,Forager,2019-04-18,HopFrog,windows;linux,1666,209,587,100000-200000,14.99
753230,STAY,2018-05-16,Appnormals Team,windows;mac,240,102,0,50000-100000,9.29
753420,Dungreed,2018-02-14,TEAM HORAY,windows;mac,2104,305,951,100000-200000,7.19
754350,忍者村大战2,2018-01-01,杭州分浪网络科技有限公司,windows,92,112,83,50000-100000,0.0
754530,IL-2 Sturmovik: Cliffs of Dover Blitz Edition,2017-12-14,Team Fusion Simulations;1C: Maddox Games,windows,344,169,39,50000-100000,19.49
755540,LIV,2018-02-12,LIV Inc,windows,113,8,0,50000-100000,0.0
755770,YouTube VR,2017-12-14,Google,windows,124,211,7,100000-200000,0.0
755790,Ring of Elysium,2018-09-19,Aurora Studio,windows,39746,13191,736,2000000-5000000,0.0
755800,Hades' Star,2019-02-27,Parallel Space Inc,windows;mac,226,92,0,50000-100000,0.0
757130,Paintball War,2018-06-01,ShadowWolf Games,windows,330,510,11,100000-200000,0.0
757240,Aimtastic,2018-01-28,Victor Möller,windows,634,29,26,100000-200000,0.0
757810,Mahlone One,2018-01-23,VM World Studio,windows,74,83,0,50000-100000,0.0
758190,Dragon Cliff,2018-05-11,Meta Interaction,windows;mac,1450,209,2638,200000-500000,7.19
758530,Sprout,2018-01-05,Jeff Nusz;Mindful Mammoth,windows;mac,843,36,15,50000-100000,0.0
759530,Struckd - 3D Game Creator,2018-02-02,Struckd AG,windows,132,79,0,50000-100000,0.0
759970,HIBIKAKEYIRONOKISEKI / 裂色的奇迹 / ひびかけ色のキセキ,2017-12-14,ecoddr,windows;mac;linux,230,19,0,50000-100000,0.0
760060,Mutant Year Zero: Road to Eden,2018-12-04,The Bearded Ladies,windows,5034,682,301,100000-200000,29.99
761620,Beholder 2,2018-12-04,Warm Lamp Games,windows;mac;linux,987,190,689,50000-100000,9.99
761890,Albion Online,2018-05-16,Sandbox Interactive GmbH,windows;mac;linux,1800,1420,448,100000-200000,0.0
763410,Long Live Santa!,2017-12-19,Doborog Games,windows;mac,1656,310,43,200000-500000,0.0
764030,Realm Revolutions,2018-01-05,Aleksandr Golovkin,windows,169,54,1448,100000-200000,0.0
764790,The Messenger,2018-08-30,Sabotage,windows,1846,90,0,50000-100000,15.49
765710,Light Bearers,2018-10-23,"FAT BOMB STUDIOS, LLC",windows,397,67,103,100000-200000,0.0
766570,Russian Fishing 4,2018-06-15,Russian Fishing,windows,2103,1062,5647,500000-1000000,0.0
767420,Wauies - The Pet Shop Game,2018-01-10,upjers,windows,91,69,0,50000-100000,0.0
767560,War Robots,2018-04-04,Pixonic,windows,756,929,32,500000-1000000,0.0
768100,GizmoVR Video Player,2018-01-05,Gizmo VR LTD,windows,44,9,159,50000-100000,0.0
768750,MonteCrypto: The Bitcoin Enigma,2018-02-20,Gem Rose Accent;Corentin Derbré,windows,134,146,0,100000-200000,1.69
769920,Odysseus Kosmos and his Robot Quest: Episode 1,2018-01-12,Pavel Kostin,windows,155,43,181,100000-200000,0.0
770240,PRO EVOLUTION SOCCER 2019,2018-08-29,Konami Digital Entertainment,windows,1619,2217,0,200000-500000,24.99
770460,The Dummy Experiment,2018-01-19,Kai van Ommeren;Sedat Bilen;Niek Oosterbaan;Wesley Kroon;Martijn de Vree;Max Geraci;Plaisir Nzuzi;Kevin van Huit,windows;mac,148,87,3,50000-100000,0.0
770500,Goblin Gearshop,2018-01-17,Minus2,windows,118,44,8,50000-100000,0.0
771060,Iron League,2018-03-14,DEXINT GAMES,windows,459,191,50,50000-100000,0.0
772070,Harvest Seasons,2018-02-23,Bearded Bunnies,windows,169,75,1,50000-100000,0.0
773951,Freeman: Guerrilla Warfare,2018-02-01,KK Game Studio,windows,4623,860,1243,200000-500000,11.39
774091,Ostalgie: The Berlin Wall,2018-03-25,Kremlingames,windows;mac;linux,284,18,571,50000-100000,4.49
774461,The Jackbox Party Pack 5,2018-10-17,"Jackbox Games, Inc.",windows;mac;linux,242,63,108,50000-100000,23.79
774811,YUMENIKKI -DREAM DIARY-,2018-02-22,KADOKAWA CORPORATION;Active Gaming Media Inc.,windows,520,256,0,50000-100000,15.49
775220,Crusaders of Light,2018-03-07,Hong Kong Netease Interactive Entertainment Limited,windows,197,158,1564,100000-200000,0.0
776490,永遠消失的幻想鄉 ～ The Disappearing of Gensokyo,2018-01-11,MyACG Studio,windows,2075,342,672,100000-200000,8.29
777650,Yet Another Research Dog,2018-02-02,Dawntrail Entertainment,windows;mac,252,45,0,50000-100000,1.69
778420,JAILBREAK,2018-01-18,IndieLip,windows,17,29,1,50000-100000,2.89
778610,Foto Flash,2018-02-01,Studio Gamaii,windows,247,16,177,50000-100000,2.09
778700,Amorous,2018-04-13,Team Amorous,windows;mac;linux,2504,698,105,200000-500000,0.0
779650,Ready Player One: OASIS beta,2018-04-16,Directive Games Limited,windows,210,114,22,50000-100000,0.0
781030,DK Online,2019-03-05,Masangsoft,windows,163,259,0,100000-200000,0.0
781440,"OH MY GOD, LOOK AT THIS KNIGHT",2018-02-20,Foxoft,windows,898,42,9,100000-200000,0.0
782670,Battle Tanks: Legends of World War II,2019-02-21,ExDevs LTD,windows;mac;linux,207,123,0,50000-100000,0.0
782690,Gazing from beyond,2018-02-07,七彩绘色,windows,238,113,0,100000-200000,1.69
783050,Bear With Me - Collector's Edition,2018-02-08,Exordium Games,windows;mac;linux,173,26,15,50000-100000,7.18
783170,INSOMNIA: The Ark,2018-09-27,Mono Studio,windows,457,263,0,50000-100000,29.99
783240,Die pig die,2018-05-23,Cultura guru,windows,91,204,7,100000-200000,0.0
784150,Workers & Resources: Soviet Republic,2019-03-15,3Division,windows,1369,311,0,50000-100000,19.99
784950,CONFLICT OF NATIONS: WORLD WAR 3,2018-03-15,Dorado Games,windows;mac,142,148,11,100000-200000,0.0
785740,This Is the Police 2,2018-07-31,Weappy Studio,windows;mac;linux,1877,577,386,50000-100000,13.99
786520,SAO Utils: Beta,2018-03-14,Joshua Chen,windows,780,222,1687,100000-200000,2.89
787450,KOEWOTAYORINI / 声之寄托,2018-03-26,あみそ組,windows,572,63,65,100000-200000,0.0
787790,Epic Roller Coasters,2018-03-07,B4T Games,windows,93,67,0,50000-100000,0.0
787860,Farming Simulator 19,2018-11-19,Giants Software,windows;mac,5738,1708,1164,500000-1000000,29.99
788130,Otaku's Fantasy 2,2018-03-30,Dieselmine,windows,296,139,187,50000-100000,1.69
788470,Stonies,2018-02-21,upjers,windows,80,113,0,50000-100000,0.0
788510,Aeve:Zero Gravity,2018-02-02,EasyGames,windows;mac;linux,25,58,0,50000-100000,1.69
788770,Meteor 60 Seconds!,2018-02-26,Avocavo,windows;mac,2271,88,41,200000-500000,0.0
788880,Horizon Source,2018-03-20,MiaoXi Studio,windows,875,1009,55,200000-500000,0.0
788910,Apartment of Love,2018-03-14,Pin-Point,windows,111,67,15,50000-100000,1.69
789100,My Little Farmies,2018-02-27,upjers,windows,52,80,0,50000-100000,0.0
790600,Stormbound,2018-05-15,Paladin Studios,windows;mac,263,127,54,50000-100000,0.0
790710,World of Warplanes,2018-09-12,Wargaming Group Limited,windows,251,173,251,100000-200000,0.0
790820,Valkyria Chronicles 4,2018-09-25,SEGA,windows,1407,197,0,50000-100000,49.99
791330,Fallen ~Makina and the City of Ruins~,2018-02-23,Another Story,windows,572,105,0,50000-100000,11.39
791930,BombTag,2018-02-12,David Schneider,windows,752,144,46,200000-500000,0.0
793350,Swarmlake,2018-03-12,Dominique Grieshofer,windows,746,36,3,50000-100000,0.79
794260,Outward,2019-03-26,Nine Dots Studio,windows,2647,978,1373,100000-200000,34.99
794600,LET IT DIE,2018-09-26,"GRASSHOPPER MANUFACTURE INC.;SUPERTRICK  GAMES,Inc.",windows,1377,677,106,500000-1000000,0.0
795100,Friday the 13th: Killer Puzzle,2018-04-12,Blue Wizard Digital,windows;mac,2917,188,66,200000-500000,0.0
797390,How To Cope With Boredom and Loneliness,2018-04-02,Point Bleep Studios,windows;linux,227,17,0,50000-100000,0.0
797430,HD Poker: Texas Hold'em,2018-09-14,Z4,windows,131,64,0,50000-100000,0.0
798420,Professional Fishing,2018-11-30,MasterCode;Dueking,windows,331,211,72,200000-500000,0.0
799070,Zup! 8,2018-02-22,Quiet River,windows,932,36,193,50000-100000,0.79
799240,My Free Farm 2,2018-04-03,upjers,windows,91,123,0,50000-100000,0.0
799860,BREATHE,2018-03-08,dotBunny,windows;mac,140,148,4,100000-200000,0.0
802200,Hellbound: Survival Mode,2018-05-09,Saibot Studios,windows,1028,153,26,200000-500000,0.0
803030,Seek Or Die,2018-04-27,Flashynurav,windows,83,30,12,50000-100000,0.0
805110,P.A.S.,2018-08-08,Eforb,windows,297,318,0,100000-200000,0.0
805550,Assetto Corsa Competizione,2018-09-12,Kunos Simulazioni,windows,1744,278,0,50000-100000,34.99
805850,Wrecked,2018-05-21,Marco Amadei,windows;mac;linux,1594,455,102,200000-500000,0.0
805940,RUSSIA BATTLEGROUNDS,2018-07-13,Agafonoff,windows,789,299,0,100000-200000,0.79
806510,Her Lie I Tried To Believe,2018-04-02,Hangover Cat Purrroduction,windows;mac;linux,677,153,0,50000-100000,0.0
808290,Runes of Magic,2018-08-29,Runewaker Entertainment,windows,142,142,0,50000-100000,0.0
808910,STAR WARS™ Episode I Racer,2018-11-16,LucasArts,windows,280,45,0,50000-100000,7.19
809960,Radical Heights,2018-04-10,Boss Key Productions,windows,5844,4206,46,1000000-2000000,0.0
812140,Assassin's Creed® Odyssey,2018-10-05,Ubisoft Quebec;Ubisoft Montreal;Ubisoft Bucharest;Ubisoft Singapore;Ubisoft Montpellier;Ubisoft Kiev;Ubisoft Shanghai,windows,20771,4528,3151,1000000-2000000,49.99
813630,Supraland,2019-04-05,Supra Games,windows,1041,41,0,50000-100000,15.49
813820,Realm Royale,2018-06-05,Heroic Leap Games,windows,17220,9825,360,2000000-5000000,0.0
814380,Sekiro™: Shadows Die Twice,2019-03-21,FromSoftware,windows,21504,3019,2059,2000000-5000000,49.9
814540,Changed,2018-04-04,DragonSnow,windows,1472,123,80,50000-100000,4.79
815370,Green Hell,2018-08-29,Creepy Jar,windows,2767,516,663,100000-200000,15.49
815780,PIPE by BMX Streets,2018-03-15,Mash Games,windows;mac,1174,139,0,50000-100000,7.19
816020,JUMP FORCE,2019-02-14,"Spike Chunsoft Co., Ltd.",windows,1951,1530,338,50000-100000,49.99
816340,Kingdom Rush Origins,2018-10-17,Ironhide Game Studio,windows;mac;linux,1116,76,554,50000-100000,11.39
816350,The Flood,2018-03-30,Simple Ghost,windows;mac;linux,638,98,0,50000-100000,0.0
816670,Slayer Of Traitors,2018-05-13,Tero Lunkka,windows,10,25,0,50000-100000,0.79
817510,Golfing Over It with Alva Majo,2018-03-28,Majorariatto,windows;mac;linux,472,218,0,100000-200000,3.99
820030,Picross Fairytale - nonogram: Red Riding Hood secret,2018-06-19,Somer Games,windows,197,49,0,50000-100000,3.99
820750,Cryptocurrency Clicker,2018-04-06,Wonderbox Games,windows;mac,29,39,1,50000-100000,1.69
822240,Animal Jam - Play Wild!,2018-12-11,"WildWorks, Inc.",windows,409,1278,0,500000-1000000,0.0
823130,Totally Accurate Battlegrounds,2018-06-05,Landfall,windows,20961,4890,478,1000000-2000000,3.99
823550,Booty Calls,2018-09-18,3X Entertainment Limited,windows;mac,255,294,0,100000-200000,0.0
823600,Battle Brawlers,2018-06-18,"Suzhou DaYu Network Technology Co., Ltd.;蘇州大禹網絡科技有限公司;苏州大禹网络科技有限公司",windows,88,66,0,50000-100000,0.0
827860,Destined,2018-05-19,Destined Team,windows,180,111,0,50000-100000,0.0
829420,Fun Hospital,2018-06-21,OrangesGame Technology Limited,windows;mac,68,78,0,50000-100000,0.0
831560,WARRIORS OROCHI 4 - 無双OROCHI３,2018-10-15,"KOEI TECMO GAMES CO., LTD.",windows,1820,313,1207,50000-100000,54.99
834530,Yakuza Kiwami,2019-02-19,SEGA,windows,1449,116,1225,50000-100000,14.99
834740,Circle Empires,2018-08-08,Luminous,windows;mac;linux,761,132,0,100000-200000,5.79
834910,ATLAS,2018-12-22,Grapeshot Games;Instinct Games,windows,8621,16359,2755,1000000-2000000,23.79
835860,Dreadnought,2018-10-14,Six Foot;YAGER,windows,1363,1288,291,500000-1000000,0.0
836480,恋爱模拟器 Love Simulation,2018-04-29,橘子班;大好网,windows,375,263,1294,50000-100000,1.69
838310,Bloodstained: Curse of the Moon,2018-05-24,"INTI CREATES CO., LTD.",windows,1711,86,122,50000-100000,8.99
838350,太吾绘卷 The Scroll Of Taiwu,2018-09-20,ConchShip Games,windows,17938,2273,1270,2000000-5000000,15.49
838900,Cereal Soup,2018-06-02,Wild Arts LLC,windows,218,239,0,50000-100000,0.0
840130,Battle Royale: Survivors 究极求生:大逃杀,2018-08-29,momoStorm Entertainment,windows,267,323,0,50000-100000,3.99
840140,武侠乂 The Swordsmen X,2018-07-26,上海杜昂网络科技有限公司,windows,1453,1395,828,50000-100000,22.49
840410,Mushroom Heroes,2018-05-02,Serkan Bakar,windows,110,23,0,50000-100000,0.0
840800,Outlaws of the Old West,2019-03-12,Virtual Basement LLC,windows,1459,742,0,50000-100000,15.49
841370,NBA 2K19,2018-09-06,Visual Concepts,windows,3093,8080,2901,200000-500000,39.99
842150,Wild West Saga: Idle Tycoon Clicker,2018-12-18,Tamasenco,windows;mac;linux,183,91,0,50000-100000,0.0
842420,A Walk in the Woods,2018-05-01,Something Dark Studios,windows,102,155,4,50000-100000,0.0
844380,Cave Digger,2018-05-09,VRkiwi;Mekiwi,windows,135,29,10,50000-100000,0.0
844920,Fortissimo FA,2018-05-31,La’cryma;YAMAYURI GAMES,windows,180,33,0,50000-100000,7.19
844930,Fox Hime Zero,2018-05-23,AsicxArt,windows;mac,1416,44,57,50000-100000,1.69
845070,The Awesome Adventures of Captain Spirit,2018-06-25,DONTNOD Entertainment,windows,8077,667,68,500000-1000000,0.0
847370,Sunset Overdrive,2018-11-16,Insomniac Games;Blind Squirrel Games,windows,2421,274,300,50000-100000,14.99
848450,Subnautica: Below Zero,2019-01-30,Unknown Worlds Entertainment,windows;mac,4097,471,229,200000-500000,15.49
851100,Touhou Luna Nights,2019-02-25,Vaka Game Magazine;Team Ladybug,windows,3199,75,158,100000-200000,13.99
853380,Air Threat,2018-05-08,SharkGame,windows,28,9,458,100000-200000,1.69
853550,Equilinox,2018-11-23,ThinMatrix,windows;mac;linux,1078,53,0,50000-100000,7.5
856620,Vカツ / V-Katsu,2018-08-01,IVR,windows,244,13,0,50000-100000,0.0
858060,Idle Heist,2018-06-08,ChimpLabs,windows;mac;linux,57,163,9,50000-100000,0.0
858810,Dawn of Man,2019-03-01,Madruga Works,windows;mac,2757,706,667,200000-500000,19.49
860950,Mark of the Ninja: Remastered,2018-10-09,Klei Entertainment,windows;mac;linux,802,47,162,50000-100000,15.49
861050,DemonsAreCrazy,2018-07-03,Bigbug Studio,windows,155,202,0,50000-100000,0.0
862480,The Spiral Scouts,2018-07-12,Cantaloupe Kids,windows;mac,210,11,0,50000-100000,7.19
862690,关于我被小学女生绑架这件事,2018-05-31,猫薄荷制作组,windows;mac;linux,1791,254,17,100000-200000,0.0
863550,HITMAN™ 2,2018-11-13,IO Interactive A/S,windows,10814,1756,636,5000000-10000000,44.99
866440,What Never Was,2019-01-11,Acke Hallgren,windows;mac;linux,1824,78,0,100000-200000,0.0
866510,!AnyWay!,2018-06-06,GQG DEVELOPER;SGS,windows,46,22,213,50000-100000,1.69
866540,VR Flush,2018-06-20,Brudingo Team,windows,282,16,0,50000-100000,0.0
868360,Project Hospital,2018-10-30,Oxymoron Games,windows;mac;linux,942,225,14,50000-100000,24.99
869760,Stoneshard: Prologue,2018-06-05,Ink Stains Games,windows;linux,1515,175,58,200000-500000,0.0
871720,Ultimate Custom Night,2018-06-27,Scott Cawthon,windows,7723,429,128,500000-1000000,0.0
871990,BattleRush 2,2018-10-18,Thunder Devs.,windows,342,141,0,50000-100000,5.79
872790,Football Manager 2019,2018-11-02,Sports Interactive,windows;mac,2963,1004,3865,200000-500000,37.99
874030,To the Core,2018-07-23,NHTV Breda University of Applied Sciences,windows,138,71,0,50000-100000,0.0
874240,MU Legend,2018-08-06,WEBZEN,windows,885,1050,129,200000-500000,0.0
875740,Scorch,2018-08-15,Ellie's Lunchbox,windows,182,37,0,50000-100000,0.0
876330,Revelation Online,2018-08-07,Netease Games,windows,169,171,686,100000-200000,0.0
876900,Climb,2018-06-20,A Sweet Studio,windows,210,82,0,50000-100000,0.0
878380,东方大战争 ~ Touhou Big Big Battle,2018-09-10,MyACG Studio,windows;mac,958,179,8659,50000-100000,4.79
878750,Hentai Girl,2018-08-17,GirlGame,windows;mac,4662,450,77,200000-500000,0.79
879160,Battlerite Royale,2019-02-19,Stunlock Studios,windows,2839,1725,639,200000-500000,0.0
880850,War Rock,2019-02-06,Dream Execution,windows,137,178,0,100000-200000,0.0
880940,Pummel Party,2018-09-20,Rebuilt Games,windows,1368,306,211,100000-200000,11.39
882790,天命奇御 Fate Seeker,2018-08-07,甲山林娛樂股份有限公司,windows,2799,228,950,100000-200000,15.8
883710,RESIDENT EVIL 2 / BIOHAZARD RE:2,2019-01-24,"CAPCOM Co., Ltd.",windows,24950,1075,841,1000000-2000000,44.99
883860,Cadria Item Shop,2018-08-23,Orange Cat Studio,windows,269,101,0,50000-100000,0.0
884050,Spring of Decadence / 堕落之春,2018-07-04,BVRgame,windows,466,125,0,50000-100000,1.69
884660,Cuisine Royale,2018-06-15,Darkflow Software,windows,9657,2964,130,1000000-2000000,0.0
884770,Astro Bouncer,2018-06-29,For Kids,windows;mac;linux,2,1,0,50000-100000,0.79
886250,PokerStars VR,2018-11-08,Lucky VR Inc.,windows,308,37,0,50000-100000,0.0
888090,TREE,2018-08-13,The Strangers,windows,1119,69,0,50000-100000,0.0
890880,FROSTBITE: Deadly Climate,2018-07-22,Alex Olinkiewicz,windows,223,34,0,50000-100000,0.0
890920,Glitch,2018-07-18,Ekrcoaster,windows,152,150,0,50000-100000,0.0
891220,pla_toon,2018-08-13,SoundAndFuryGames,windows,468,85,0,50000-100000,0.0
892630,Mojo: Hanako,2018-07-27,L. Stotch,windows,532,124,0,50000-100000,0.0
893520,Creative Destruction,2018-08-02,Titan Studio,windows,4323,1127,459,500000-1000000,0.0
893730,Viki Spotter: Camping,2018-07-18,For Kids,windows;mac;linux,121,4,0,50000-100000,0.0
895150,Endless Battle,2019-01-02,Netdragon Websoft Inc,windows,153,154,0,50000-100000,0.0
896590,MilMo,2018-08-02,Dohi Sweden AB,windows;mac,177,55,0,50000-100000,0.0
897330,Coloring Pixels,2018-08-17,ToastieLabs,windows;mac,1154,45,1541,200000-500000,0.0
897820,Reigns: Game of Thrones,2018-10-18,Nerial,windows;mac;linux,454,124,128,50000-100000,2.99
899440,GOD EATER 3,2019-02-07,BANDAI NAMCO Studios Inc.,windows,1882,562,1373,50000-100000,39.99
899970,NEKOPARA Extra,2018-07-26,NEKO WORKs,windows,1527,29,206,50000-100000,3.99
903730,AXIOM SOCCER,2019-04-11,Earthbound Games Ltd.,windows,96,42,0,50000-100000,0.0
904740,东方试闻广纪 ~ Perfect Memento of Touhou Question,2018-08-02,Bawu Team,windows,567,24,0,50000-100000,0.0
905640,Combat Arms: Reloaded,2018-10-31,VALOFE;NEXON,windows,422,431,0,200000-500000,0.0
905690,魔物讨伐团,2018-08-15,Nerdook Productions,windows;mac,195,88,0,50000-100000,10.29
905940,女神驾到(Happy together),2018-08-26,wind,windows,218,434,0,50000-100000,5.19
906200,Tunche: Arena,2019-01-18,LEAP Game Studios,windows,150,23,0,50000-100000,0.0
906390,Return.,2018-08-03,Breadmeat,windows,571,52,0,50000-100000,0.0
907270,eSports Legend / 电竞传奇,2018-10-15,90Games,windows,441,259,88,100000-200000,7.19
907470,Iris.Fall,2018-12-07,NEXT Studios,windows,681,85,0,50000-100000,11.39
909080,Cube Escape: Paradox,2018-09-20,Rusty Lake,windows;mac,1578,53,82,200000-500000,0.0
911400,Assassin's Creed® III Remastered,2019-03-29,Ubisoft Entertainment,windows,475,983,80,50000-100000,33.99
914620,Mist Survival,2018-08-14,Rati Wattanakornprasit,windows,2673,557,3925,100000-200000,8.29
915580,Dungeon Hunter Champions,2018-12-19,Gameloft,windows,124,118,375,50000-100000,0.0
920190,Greetings,2018-08-24,Charlie Behan;Ciaran Mooney,windows,381,79,0,50000-100000,0.0
921060,Modern Combat 5,2018-10-24,Gameloft,windows,589,774,129,200000-500000,0.0
921590,DISSIDIA FINAL FANTASY NT Free Edition,2019-03-12,"Square Enix;KOEI TECMO GAMES CO., LTD.",windows,620,1005,285,200000-500000,0.0
921630,音灵 INVAXION,2018-12-19,Nanjing AQUATRAX,windows,2155,1780,760,100000-200000,11.29
922320,Sniper 3D Assassin: Free to Play,2018-09-19,Fun Games For Free,windows;mac,173,194,0,50000-100000,0.0
922450,4X-Galaxy 无主之地：银河,2018-12-20,Mercator,windows,84,73,0,50000-100000,0.0
922460,Cheeky Chooks,2018-10-31,Trilum Studios,windows,637,43,0,100000-200000,0.0
922630,Mortal Royale,2018-12-17,Star Vault AB,windows,83,134,0,50000-100000,0.0
927250,Bladed Fury,2018-12-17,NEXT Studios,windows,1225,228,0,100000-200000,7.19
927890,Hentai Girl Linda,2018-12-07,GirlGame,windows;mac,1476,90,31,50000-100000,0.79
927990,A Game About,2018-11-06,byolivierb,windows;mac,408,38,0,50000-100000,0.0
929860,Game Builder,2018-11-01,Area 120,windows;mac,160,20,3,50000-100000,0.0
934840,FrostRunner,2019-01-01,Think Arcade,windows,1269,66,0,100000-200000,0.0
935270,Great Hero's Beard,2018-10-17,OneShark,windows,538,86,434,50000-100000,1.69
936780,Warplanes: WW2 Dogfight,2019-04-06,Home Net Games,windows;mac;linux,107,42,0,50000-100000,0.0
939520,HELLGATE: London,2018-11-15,T3Entertainment,windows,672,507,0,50000-100000,10.29
939960,Far Cry® New Dawn,2019-02-15,Ubisoft Montreal;Ubisoft Kiev;Ubisoft Shanghai,windows,2755,1161,1597,100000-200000,37.99
942970,Unheard,2019-03-28,NEXT Studios,windows,5222,288,98,200000-500000,5.19
950100,PRO EVOLUTION SOCCER 2019 LITE,2018-12-13,Konami Digital Entertainment,windows,423,637,106,200000-500000,0.0
950530,Mojo 2: Mia,2018-10-26,L. Stotch,windows,363,84,0,50000-100000,0.0
951180,Russian Roulette: One Life,2018-12-07,Omey Salvi,windows,896,182,0,50000-100000,0.0
952250,SEPTEMBER 1999,2018-10-10,98DEMAKE,windows;mac,778,92,0,50000-100000,0.0
955900,了不起的修仙模拟器,2019-01-10,GSQ Games,windows,2224,1332,4164,200000-500000,14.49
959080,Unsung Warriors - Prologue,2019-01-15,Osarion;Mountaineer,windows;mac;linux,436,23,0,100000-200000,0.0
960090,Bloons TD 6,2018-12-17,Ninja Kiwi,windows,516,251,2819,200000-500000,6.99
962730,Skater XL,2018-12-19,Easy Day Studios Pty Ltd,windows,1328,267,0,50000-100000,15.49
963690,Hentai Girl Betty,2018-11-06,GirlGame,windows;mac,1705,134,13,50000-100000,0.79
964350,At Home Alone,2018-11-01,阿正不经,windows,754,145,0,50000-100000,0.0
964470,Shakes and Fidget Remastered,2018-11-22,Playa Games GmbH,windows,203,108,50,50000-100000,0.0
967050,Pacify,2019-02-22,Shawn Hitchcock,windows;mac,1322,186,117,50000-100000,3.99
967250,DOKA 2 KISHKI EDITION,2018-11-05,Agafonoff,windows,2032,293,160,100000-200000,0.79
968700,The Kite,2018-11-19,Anate Studio,windows;mac,295,49,0,100000-200000,0.0
973760,Thronebreaker: The Witcher Tales,2018-11-09,CD PROJEKT RED,windows,2686,387,3967,100000-200000,23.39
977400,Cell to Singularity - Evolution Never Ends,2018-12-12,Computer Lunch,windows;mac,471,119,0,100000-200000,0.0
977950,A Dance of Fire and Ice,2019-01-24,7th Beat Games,windows;mac,1451,119,180,100000-200000,2.09
978270,Sam & Dan: Floaty Flatmates,2018-12-12,Pelican Party Studios,windows,128,7,0,50000-100000,0.0
978620,Corma,2019-01-23,Nemo Studios,windows,152,123,0,50000-100000,0.0
979080,Rebel Forces,2018-12-20,FreezeNova,windows,530,150,0,100000-200000,0.0
980850,Pixel Battle Royale,2019-01-31,FreezeNova,windows,164,137,0,50000-100000,0.0
984110,SYNTHETIK: Arena,2019-01-21,Flow Fire Games,windows,379,87,0,100000-200000,0.0
991780,探灵笔记-1v5(Notes of Soul),2019-01-17,搞快点工作室,windows,4356,601,6332,200000-500000,23.79
992300,嗜血印 Bloody Spell,2019-01-15,艺龙游戏,windows,1042,257,36,50000-100000,15.49
994190,Sound Slide,2019-01-24,Sound Slide Team,windows,215,73,0,50000-100000,0.0
994280,古剑奇谭三(Gujian3),2018-12-14,上海烛龙信息科技有限公司,windows,4945,1035,614,100000-200000,23.79
994930,Soccer Manager 2019,2018-12-19,Soccer Manager Ltd,windows,131,61,0,50000-100000,0.0
1000380,Rogue Reaper,2019-02-01,Fireroot Studios,windows,216,70,0,50000-100000,0.0
1005930,Timeflow – Time and Money Simulator,2019-01-18,Roman Makhmutov,windows;mac;linux,221,26,0,100000-200000,7.19
1008710,Wet Girl,2019-01-30,Wet Girl,windows,1720,76,7,50000-100000,0.79
1011230,高考工厂模拟(Crazy School Simulator),2019-01-29,Altay Workshop,windows,128,351,0,50000-100000,7.19
1021950,When the Darkness comes,2019-03-01,Sirhaian,windows,2966,301,0,100000-200000,0.0
1025580,Vainglory,2019-02-13,Super Evil Megacorp,windows;mac,1211,739,0,200000-500000,0.0
1026820,Coloring Game,2019-04-12,L. Stotch,windows,432,22,0,50000-100000,0.0
1029500,中华三国志 the Three Kingdoms of China,2019-03-30,中三之家,windows,400,60,0,50000-100000,0.0
1031140,The Horus Heresy: Legions,2019-03-28,Everguild Ltd.,windows;mac,155,65,0,50000-100000,0.0
1043180,Lovers of Aether,2019-04-01,Dan Fornace,windows;mac,651,29,12,50000-100000,0.0
1044200,Wasteland Survival,2019-03-31,"Joyloft Co., Limited",windows;mac,277,265,0,50000-100000,0.0
1046030,ISLANDERS,2019-04-04,GrizzlyGames,windows,1490,77,0,100000-200000,4.79
1049800,BLOCKADE Classic,2019-04-01,Novalink,windows,256,141,0,100000-200000,0.0
1052070,Burning Daylight,2019-04-19,Burning Daylight Team,windows,689,78,0,50000-100000,0.0
